{"Rawdata": {"det_correct_num_recall": 0.0, "det_correct_num_precision": 0.0, "chars_gt": 13, "chars_det": 0, "num_splitted": 0, "num_merged": 0, "num_false_positive": 0, "char_missed": 13, "char_overlapped": 0, "char_false_positive": 0, "e2e_correct_num_recall": 0.0, "e2e_correct_num_precision": 0.0, "chars_recog": 0, "e2e_char_missed": 13.0, "e2e_char_false_positive": 0.0, "e2e_recog_score_chars": 0, "e2e_recog_score_correct_num": 0.0}, "Detection": {"precision": 0.0, "recall": 0.0, "hmean": 0}, "pairs": [], "detectionMat": [[0.0, 0.0], [0.0, 0.0], [0.0, 0.0], [0.0, 0.0], [0.0, 0.0], [0.0, 0.0], [0.0, 0.0], [0.0, 0.0]], "precisionMat": [[], [], [], [], [], []], "gtPolPoints": [[2.0, 21.0, 297.0, 116.0, 285.0, 177.0, 1.0, 95.0], [753.0, 229.0, 807.0, 249.0, 808.0, 290.0, 752.0, 274.0], [812.0, 256.0, 854.0, 271.0, 851.0, 303.0, 809.0, 288.0], [898.0, 307.0, 935.0, 314.0, 935.0, 337.0, 898.0, 330.0], [185.0, 386.0, 201.0, 388.0, 199.0, 411.0, 182.0, 409.0], [845.0, 393.0, 866.0, 389.0, 865.0, 407.0, 844.0, 410.0]], "detPolPoints": [], "gtCharPoints": [[[30.45, 66.85], [88.35, 84.55], [146.25, 102.25], [204.14999999999998, 119.94999999999999], [262.05, 137.64999999999998]], [[759.375, 253.75], [773.125, 258.25], [786.875, 262.75], [800.625, 267.25]], [[815.75, 273.875], [826.25, 277.625], [836.75, 281.375], [847.25, 285.125]], [[907.25, 320.25], [925.75, 323.75]], [[187.625, 398.0], [195.875, 399.0]], [[849.75, 400.625], [860.25, 398.875]]], "gtCharCounts": [0.0, 0.0, 0.0, 0.0, 0.0, 0.0], "gtDontCare": [3, 4, 5], "detDontCare": [], "evaluationParams": {"GT_PATH": "gt/gt_IC15.zip", "SUBMIT_PATH": "result/result_paddleOCR_IC15.zip", "OUTPUT_PATH": "output/", "PORT": 8080, "BOX_TYPE": "QUAD", "TRANSCRIPTION": true, "CONFIDENCES": false, "CRLF": false, "E2E": true, "CASE_SENSITIVE": true, "RS": true, "AREA_PRECISION_CONSTRAINT": 0.5, "GRANULARITY_PENALTY_WEIGHT": 1.0, "VERTICAL_ASPECT_RATIO_THRES": 2.0, "NUM_WORKERS": 2, "GT_SAMPLE_NAME_2_ID": "([0-9]+)", "DET_SAMPLE_NAME_2_ID": "([0-9]+)", "PER_SAMPLE_RESULTS": true}, "evaluationLog": "GT polygons: 6 (3 don't care) \nDET polygons: 0\n\nFind one-to-one matches\nFind one-to-many matches\nFind many-to-one matches\n<b>Detection | PRECISION\n</b><b>Detection | RECALL\n</b><b># of false positive chars\n</b>0\n=================================\n<b>End-to-End | Recall\n</b><b>End-to-End | Precision\n</b>", "EndtoEnd": {"precision": 0.0, "recall": 0.0, "hmean": 0, "recognition_score": 0.0}, "end2endMat": [[0.0, 0.0], [0.0, 0.0], [0.0, 0.0], [0.0, 0.0], [0.0, 0.0], [0.0, 0.0], [0.0, 0.0], [0.0, 0.0]], "gtTrans": ["RAUCO", "NINE", "WEST", "##", "##", "##"], "detTrans": [], "gtQuery": ["RAUCO", "NINE", "WEST", "##", "##", "##"], "detQuery": []}