{"Rawdata": {"det_correct_num_recall": 9.0, "det_correct_num_precision": 9.0, "chars_gt": 21, "chars_det": 9.0, "num_splitted": 0, "num_merged": 0, "num_false_positive": 0, "char_missed": 12, "char_overlapped": 0, "char_false_positive": 0, "e2e_correct_num_recall": 9.0, "e2e_correct_num_precision": 9.0, "chars_recog": 19, "e2e_char_missed": 12.0, "e2e_char_false_positive": 10.0, "e2e_recog_score_chars": 19, "e2e_recog_score_correct_num": 9.0}, "Detection": {"precision": 1.0, "recall": 0.42857142857142855, "hmean": 0.6}, "pairs": [{"gt": [5], "det": [0], "type": "OO"}], "detectionMat": [[0.0, 0.0, 0.0], [0.0, 0.0, 0.0], [0.0, 0.0, 0.0], [0.0, 0.0, 0.0], [0.0, 0.0, 0.0], [9.0, 9.0, 0.0], [0.0, 0.0, 0.0], [0.0, 0.0, 0.0], [9.0, 0.0, 0.0], [0.0, 0.0, 0.0]], "precisionMat": [[0.0], [0.0], [0.0], [0.0], [0.0], [1.0], [0.0], [0.0]], "gtPolPoints": [[482.0, 1.0, 540.0, 6.0, 538.0, 26.0, 480.0, 21.0], [868.0, 43.0, 930.0, 17.0, 929.0, 32.0, 867.0, 57.0], [201.0, 137.0, 292.0, 140.0, 292.0, 147.0, 201.0, 145.0], [496.0, 124.0, 546.0, 116.0, 545.0, 138.0, 495.0, 146.0], [542.0, 116.0, 588.0, 101.0, 587.0, 125.0, 541.0, 141.0], [1019.0, 255.0, 1219.0, 265.0, 1219.0, 299.0, 1019.0, 289.0], [532.0, 196.0, 560.0, 196.0, 558.0, 210.0, 530.0, 210.0], [5.0, 173.0, 62.0, 178.0, 60.0, 195.0, 2.0, 190.0]], "detPolPoints": [[1024.0, 256.0, 1217.0, 267.0, 1215.0, 298.0, 1022.0, 288.0]], "gtCharPoints": [[[488.25, 11.625], [502.75, 12.875], [517.25, 14.125], [531.75, 15.375]], [[873.7, 47.45], [886.1, 42.35], [898.5, 37.25], [910.9000000000001, 32.150000000000006], [923.3000000000001, 27.050000000000004]], [[205.55, 141.125], [214.65, 141.375], [223.75, 141.625], [232.85000000000002, 141.875], [241.95000000000002, 142.125], [251.05, 142.375], [260.15, 142.625], [269.25, 142.875], [278.35, 143.125], [287.45, 143.375]], [[498.625, 134.5], [504.875, 133.5], [511.125, 132.5], [517.375, 131.5], [523.625, 130.5], [529.875, 129.5], [536.125, 128.5], [542.375, 127.5]], [[553.0, 124.625], [576.0, 116.875]], [[1030.111111111111, 272.55555555555554], [1052.3333333333333, 273.66666666666663], [1074.5555555555554, 274.77777777777777], [1096.7777777777778, 275.88888888888886], [1119.0, 277.0], [1141.2222222222222, 278.1111111111111], [1163.4444444444443, 279.22222222222223], [1185.6666666666665, 280.3333333333333], [1207.888888888889, 281.44444444444446]], [[538.0, 203.0], [552.0, 203.0]], [[10.6875, 182.125], [25.0625, 183.375], [39.4375, 184.625], [53.8125, 185.875]]], "gtCharCounts": [[0.0, 0.0, 0.0, 0.0], [0.0, 0.0, 0.0, 0.0, 0.0], [0.0, 0.0, 0.0, 0.0, 0.0, 0.0, 0.0, 0.0, 0.0, 0.0], [0.0, 0.0, 0.0, 0.0, 0.0, 0.0, 0.0, 0.0], [0.0, 0.0], [1.0, 1.0, 1.0, 1.0, 1.0, 1.0, 1.0, 1.0, 1.0], [0.0, 0.0], [0.0, 0.0, 0.0, 0.0]], "gtDontCare": [1, 2, 4, 6, 7], "detDontCare": [], "evaluationParams": {"GT_PATH": "gt/gt_IC15.zip", "SUBMIT_PATH": "result/result_paddleOCR_IC15.zip", "OUTPUT_PATH": "output/", "PORT": 8080, "BOX_TYPE": "QUAD", "TRANSCRIPTION": true, "CONFIDENCES": false, "CRLF": false, "E2E": true, "CASE_SENSITIVE": true, "RS": true, "AREA_PRECISION_CONSTRAINT": 0.5, "GRANULARITY_PENALTY_WEIGHT": 1.0, "VERTICAL_ASPECT_RATIO_THRES": 2.0, "NUM_WORKERS": 2, "GT_SAMPLE_NAME_2_ID": "([0-9]+)", "DET_SAMPLE_NAME_2_ID": "([0-9]+)", "PER_SAMPLE_RESULTS": true}, "evaluationLog": "GT polygons: 8 (5 don't care) \nDET polygons: 1\n\nFind one-to-one matches\nMatch GT #5 with Det #0\nFind one-to-many matches\nFind many-to-one matches\n<b>Detection | PRECISION\n</b><b>Detection | RECALL\n</b><b># of false positive chars\n</b>0\n=================================\n<b>End-to-End | Recall\n</b><b>End-to-End | Precision\n</b>", "EndtoEnd": {"precision": 0.47368421052631576, "recall": 0.42857142857142855, "hmean": 0.45, "recognition_score": 0.47368421052631576}, "end2endMat": [[0.0, 0.0, 0.0], [0.0, 0.0, 0.0], [0.0, 0.0, 0.0], [0.0, 0.0, 0.0], [0.0, 0.0, 0.0], [0.0, 9.0, 0.0], [0.0, 0.0, 0.0], [0.0, 0.0, 0.0], [9.0, 0.0, 0.0], [0.0, 0.0, 0.0]], "gtTrans": ["EXIT", "#####", "##########", "Standart", "##", "SWAROVSKI", "##", "####"], "detTrans": ["SWAROVSKI,0.9819764"], "gtQuery": ["EXIT", "#####", "##########", "Standart", "##", "SWAROVSKI", "##", "####"], "detQuery": ["SWAROVSKI,0.9819764"]}