{"Rawdata": {"det_correct_num_recall": 9.0, "det_correct_num_precision": 9.0, "chars_gt": 9, "chars_det": 9.0, "num_splitted": 0, "num_merged": 0, "num_false_positive": 0, "char_missed": 0, "char_overlapped": 0, "char_false_positive": 0, "e2e_correct_num_recall": 9.0, "e2e_correct_num_precision": 9.0, "chars_recog": 20, "e2e_char_missed": 0.0, "e2e_char_false_positive": 11.0, "e2e_recog_score_chars": 20, "e2e_recog_score_correct_num": 9.0}, "Detection": {"precision": 1.0, "recall": 1.0, "hmean": 1.0}, "pairs": [{"gt": [0], "det": [0], "type": "OO"}], "detectionMat": [[9.0, 9.0, 0.0], [9.0, 0.0, 0.0], [0.0, 0.0, 0.0]], "precisionMat": [[0.8189675935745603]], "gtPolPoints": [[61.0, 65.0, 187.0, 130.0, 162.0, 154.0, 42.0, 98.0]], "detPolPoints": [[61.0, 63.0, 177.0, 122.0, 158.0, 160.0, 41.0, 102.0]], "gtCharPoints": [[[58.333333333333336, 84.86111111111111], [72.0, 91.58333333333334], [85.66666666666667, 98.30555555555556], [99.33333333333334, 105.02777777777779], [113.0, 111.75], [126.66666666666666, 118.47222222222223], [140.33333333333334, 125.19444444444446], [154.0, 131.91666666666669], [167.66666666666666, 138.63888888888889]]], "gtCharCounts": [[1.0, 1.0, 1.0, 1.0, 1.0, 1.0, 1.0, 1.0, 1.0]], "gtDontCare": [], "detDontCare": [], "evaluationParams": {"GT_PATH": "gt/gt_IC15.zip", "SUBMIT_PATH": "result/result_paddleOCR_IC15.zip", "OUTPUT_PATH": "output/", "PORT": 8080, "BOX_TYPE": "QUAD", "TRANSCRIPTION": true, "CONFIDENCES": false, "CRLF": false, "E2E": true, "CASE_SENSITIVE": true, "RS": true, "AREA_PRECISION_CONSTRAINT": 0.5, "GRANULARITY_PENALTY_WEIGHT": 1.0, "VERTICAL_ASPECT_RATIO_THRES": 2.0, "NUM_WORKERS": 2, "GT_SAMPLE_NAME_2_ID": "([0-9]+)", "DET_SAMPLE_NAME_2_ID": "([0-9]+)", "PER_SAMPLE_RESULTS": true}, "evaluationLog": "GT polygons: 1 (0 don't care) \nDET polygons: 1\n\nFind one-to-one matches\nMatch GT #0 with Det #0\nFind one-to-many matches\nFind many-to-one matches\n<b>Detection | PRECISION\n</b><b>Detection | RECALL\n</b><b># of false positive chars\n</b>0\n=================================\n<b>End-to-End | Recall\n</b><b>End-to-End | Precision\n</b>", "EndtoEnd": {"precision": 0.45, "recall": 1.0, "hmean": 0.6206896551724138, "recognition_score": 0.45}, "end2endMat": [[0.0, 9.0, 0.0], [9.0, 0.0, 0.0], [0.0, 0.0, 0.0]], "gtTrans": ["DIRECTORY"], "detTrans": ["DIRECTORY,0.99833584"], "gtQuery": ["DIRECTORY"], "detQuery": ["DIRECTORY,0.99833584"]}