{"Rawdata": {"det_correct_num_recall": 7.0, "det_correct_num_precision": 7.0, "chars_gt": 23, "chars_det": 9.0, "num_splitted": 0, "num_merged": 0, "num_false_positive": 1, "char_missed": 16, "char_overlapped": 0, "char_false_positive": 2, "e2e_correct_num_recall": 7.0, "e2e_correct_num_precision": 7.0, "chars_recog": 29, "e2e_char_missed": 16.0, "e2e_char_false_positive": 22.0, "e2e_recog_score_chars": 18, "e2e_recog_score_correct_num": 7.0}, "Detection": {"precision": 0.7777777777777778, "recall": 0.30434782608695654, "hmean": 0.43750000000000006}, "pairs": [{"gt": [1], "det": [1], "type": "OO"}], "detectionMat": [[0.0, 0.0, 0.0, 0.0], [0.0, 7.0, 7.0, 0.0], [0.0, 0.0, 0.0, 0.0], [0.0, 0.0, 0.0, 0.0], [0.0, 0.0, 0.0, 0.0], [0.0, 0.0, 0.0, 0.0], [0.0, 0.0, 0.0, 0.0], [0.0, 7.0, 0.0, 0.0], [0.0, 0.0, 0.0, 0.0]], "precisionMat": [[0.0, 0.0], [1.0, 1.0], [0.0, 0.004959673453737811], [0.0, 0.0], [0.0, 0.0], [0.0, 0.0], [0.0, 0.0]], "gtPolPoints": [[94.0, 172.0, 129.0, 169.0, 128.0, 195.0, 97.0, 199.0], [1.0, 205.0, 214.0, 175.0, 224.0, 217.0, 0.0, 268.0], [79.0, 240.0, 145.0, 237.0, 142.0, 253.0, 76.0, 253.0], [536.0, 267.0, 555.0, 266.0, 556.0, 274.0, 538.0, 276.0], [726.0, 211.0, 764.0, 180.0, 770.0, 200.0, 734.0, 238.0], [959.0, 71.0, 1062.0, 25.0, 1078.0, 71.0, 967.0, 117.0], [1044.0, 406.0, 1077.0, 411.0, 1078.0, 431.0, 1040.0, 425.0]], "detPolPoints": [[25.0, 222.0, 39.0, 222.0, 39.0, 233.0, 25.0, 233.0], [35.0, 214.0, 208.0, 176.0, 216.0, 214.0, 43.0, 251.0]], "gtCharPoints": [[[103.75, 184.625], [120.25, 182.875]], [[14.15625, 233.96875], [41.46875, 228.90625], [68.78125, 223.84375], [96.09375, 218.78125], [123.40625, 213.71875], [150.71875, 208.65625], [178.03125, 203.59375], [205.34375, 198.53125]], [[81.625, 246.40625], [89.875, 246.21875], [98.125, 246.03125], [106.375, 245.84375], [114.625, 245.65625], [122.875, 245.46875], [131.125, 245.28125], [139.375, 245.09375]], [[540.0833333333334, 271.25], [546.25, 270.75], [552.4166666666667, 270.25]], [[736.1666666666666, 218.75], [748.5, 207.25], [760.8333333333333, 195.75]], [[970.6428571428571, 90.71428571428571], [985.9285714285714, 84.14285714285714], [1001.2142857142857, 77.57142857142857], [1016.5, 71.0], [1031.7857142857142, 64.42857142857142], [1047.0714285714284, 57.857142857142854], [1062.357142857143, 51.28571428571428]], [[1050.875, 416.875], [1068.625, 419.625]]], "gtCharCounts": [[0.0, 0.0], [0.0, 1.0, 1.0, 1.0, 1.0, 1.0, 1.0, 1.0], [0.0, 0.0, 0.0, 0.0, 0.0, 0.0, 0.0, 0.0], [0.0, 0.0, 0.0], [0.0, 0.0, 0.0], [0.0, 0.0, 0.0, 0.0, 0.0, 0.0, 0.0], [0.0, 0.0]], "gtDontCare": [0, 3, 4, 6], "detDontCare": [], "evaluationParams": {"GT_PATH": "gt/gt_IC15.zip", "SUBMIT_PATH": "result/result_paddleOCR_IC15.zip", "OUTPUT_PATH": "output/", "PORT": 8080, "BOX_TYPE": "QUAD", "TRANSCRIPTION": true, "CONFIDENCES": false, "CRLF": false, "E2E": true, "CASE_SENSITIVE": true, "RS": true, "AREA_PRECISION_CONSTRAINT": 0.5, "GRANULARITY_PENALTY_WEIGHT": 1.0, "VERTICAL_ASPECT_RATIO_THRES": 2.0, "NUM_WORKERS": 2, "GT_SAMPLE_NAME_2_ID": "([0-9]+)", "DET_SAMPLE_NAME_2_ID": "([0-9]+)", "PER_SAMPLE_RESULTS": true}, "evaluationLog": "GT polygons: 7 (4 don't care) \nDET polygons: 2\n\nFind one-to-one matches\nMatch GT #1 with Det #1\nFind one-to-many matches\nFind many-to-one matches\n<b>Detection | PRECISION\n</b><b>Detection | RECALL\n</b><b># of false positive chars\n</b>2\n=================================\n<b>End-to-End | Recall\n</b><b>End-to-End | Precision\n</b>", "EndtoEnd": {"precision": 0.2413793103448276, "recall": 0.30434782608695654, "hmean": 0.2692307692307692, "recognition_score": 0.3888888888888889}, "end2endMat": [[0.0, 0.0, 0.0, 0.0], [0.0, 0.0, 7.0, 0.0], [0.0, 0.0, 0.0, 0.0], [0.0, 0.0, 0.0, 0.0], [0.0, 0.0, 0.0, 0.0], [0.0, 0.0, 0.0, 0.0], [0.0, 0.0, 0.0, 0.0], [0.0, 7.0, 0.0, 0.0], [0.0, 0.0, 0.0, 0.0]], "gtTrans": ["##", "Peperoni", "PIZZERIA", "###", "###", "Peperor", "##"], "detTrans": ["1,0.8573981", "eperoni,0.98915285"], "gtQuery": ["##", "Peperoni", "PIZZERIA", "###", "###", "Peperor", "##"], "detQuery": ["1,0.8573981", "eperoni,0.98915285"]}