{"Rawdata": {"det_correct_num_recall": 0.0, "det_correct_num_precision": 0.0, "chars_gt": 21, "chars_det": 0, "num_splitted": 0, "num_merged": 0, "num_false_positive": 0, "char_missed": 21, "char_overlapped": 0, "char_false_positive": 0, "e2e_correct_num_recall": 0.0, "e2e_correct_num_precision": 0.0, "chars_recog": 0, "e2e_char_missed": 21.0, "e2e_char_false_positive": 0.0, "e2e_recog_score_chars": 0, "e2e_recog_score_correct_num": 0.0}, "Detection": {"precision": 0.0, "recall": 0.0, "hmean": 0}, "pairs": [], "detectionMat": [[0.0, 0.0], [0.0, 0.0], [0.0, 0.0], [0.0, 0.0], [0.0, 0.0], [0.0, 0.0], [0.0, 0.0], [0.0, 0.0], [0.0, 0.0], [0.0, 0.0], [0.0, 0.0], [0.0, 0.0], [0.0, 0.0], [0.0, 0.0]], "precisionMat": [[], [], [], [], [], [], [], [], [], [], [], []], "gtPolPoints": [[1003.0, 130.0, 1084.0, 56.0, 1094.0, 106.0, 1010.0, 172.0], [1181.0, 587.0, 1245.0, 584.0, 1271.0, 686.0, 1207.0, 690.0], [1155.0, 450.0, 1274.0, 445.0, 1279.0, 490.0, 1160.0, 495.0], [1179.0, 333.0, 1232.0, 333.0, 1239.0, 371.0, 1186.0, 372.0], [1155.0, 228.0, 1208.0, 226.0, 1219.0, 283.0, 1166.0, 286.0], [1144.0, 402.0, 1270.0, 395.0, 1278.0, 444.0, 1152.0, 451.0], [1082.0, 53.0, 1136.0, 0.0, 1165.0, 40.0, 1095.0, 102.0], [668.0, 355.0, 719.0, 345.0, 721.0, 365.0, 670.0, 375.0], [669.0, 373.0, 721.0, 365.0, 722.0, 374.0, 670.0, 382.0], [1165.0, 495.0, 1195.0, 494.0, 1196.0, 513.0, 1166.0, 513.0], [1195.0, 493.0, 1250.0, 493.0, 1252.0, 511.0, 1197.0, 512.0], [1186.0, 367.0, 1226.0, 364.0, 1235.0, 397.0, 1190.0, 404.0]], "detPolPoints": [], "gtCharPoints": [[[1014.75, 144.0], [1031.25, 130.0], [1047.75, 116.0], [1064.25, 102.0], [1080.75, 88.0]], [[1210.0, 637.625], [1242.0, 635.875]], [[1172.375, 471.875], [1202.125, 470.625], [1231.875, 469.375], [1261.625, 468.125]], [[1195.75, 352.375], [1222.25, 352.125]], [[1173.75, 256.375], [1200.25, 255.125]], [[1163.75, 425.625], [1195.25, 423.875], [1226.75, 422.125], [1258.25, 420.375]], [[1098.8333333333333, 67.91666666666667], [1119.5, 48.75], [1140.1666666666665, 29.583333333333336]], [[674.1, 364.0], [684.3000000000001, 362.0], [694.5, 360.0], [704.7, 358.0], [714.9, 356.0]], [[673.8333333333334, 376.8333333333333], [682.5, 375.5], [691.1666666666667, 374.16666666666663], [699.8333333333334, 372.8333333333333], [708.5, 371.5], [717.1666666666667, 370.16666666666663]], [[1173.0, 503.875], [1188.0, 503.625]], [[1205.1666666666667, 502.4166666666667], [1223.5, 502.25], [1241.8333333333335, 502.08333333333337]], [[1198.625, 384.25], [1219.875, 381.75]]], "gtCharCounts": [0.0, 0.0, 0.0, 0.0, 0.0, 0.0, 0.0, 0.0, 0.0, 0.0, 0.0, 0.0], "gtDontCare": [1, 3, 4, 8, 9, 10, 11], "detDontCare": [], "evaluationParams": {"GT_PATH": "gt/gt_IC15.zip", "SUBMIT_PATH": "result/result_paddleOCR_IC15.zip", "OUTPUT_PATH": "output/", "PORT": 8080, "BOX_TYPE": "QUAD", "TRANSCRIPTION": true, "CONFIDENCES": false, "CRLF": false, "E2E": true, "CASE_SENSITIVE": true, "RS": true, "AREA_PRECISION_CONSTRAINT": 0.5, "GRANULARITY_PENALTY_WEIGHT": 1.0, "VERTICAL_ASPECT_RATIO_THRES": 2.0, "NUM_WORKERS": 2, "GT_SAMPLE_NAME_2_ID": "([0-9]+)", "DET_SAMPLE_NAME_2_ID": "([0-9]+)", "PER_SAMPLE_RESULTS": true}, "evaluationLog": "GT polygons: 12 (7 don't care) \nDET polygons: 0\n\nFind one-to-one matches\nFind one-to-many matches\nFind many-to-one matches\n<b>Detection | PRECISION\n</b><b>Detection | RECALL\n</b><b># of false positive chars\n</b>0\n=================================\n<b>End-to-End | Recall\n</b><b>End-to-End | Precision\n</b>", "EndtoEnd": {"precision": 0.0, "recall": 0.0, "hmean": 0, "recognition_score": 0.0}, "end2endMat": [[0.0, 0.0], [0.0, 0.0], [0.0, 0.0], [0.0, 0.0], [0.0, 0.0], [0.0, 0.0], [0.0, 0.0], [0.0, 0.0], [0.0, 0.0], [0.0, 0.0], [0.0, 0.0], [0.0, 0.0], [0.0, 0.0], [0.0, 0.0]], "gtTrans": ["SUPER", "##", "SALE", "##", "##", "OMG!", "HER", "BEEGA", "######", "##", "###", "##"], "detTrans": [], "gtQuery": ["SUPER", "##", "SALE", "##", "##", "OMG!", "HER", "BEEGA", "######", "##", "###", "##"], "detQuery": []}