{"Rawdata": {"det_correct_num_recall": 0.0, "det_correct_num_precision": 0.0, "chars_gt": 25, "chars_det": 0, "num_splitted": 0, "num_merged": 0, "num_false_positive": 0, "char_missed": 25, "char_overlapped": 0, "char_false_positive": 0, "e2e_correct_num_recall": 0.0, "e2e_correct_num_precision": 0.0, "chars_recog": 0, "e2e_char_missed": 25.0, "e2e_char_false_positive": 0.0, "e2e_recog_score_chars": 0, "e2e_recog_score_correct_num": 0.0}, "Detection": {"precision": 0.0, "recall": 0.0, "hmean": 0}, "pairs": [], "detectionMat": [[0.0, 0.0], [0.0, 0.0], [0.0, 0.0], [0.0, 0.0], [0.0, 0.0], [0.0, 0.0], [0.0, 0.0], [0.0, 0.0], [0.0, 0.0], [0.0, 0.0], [0.0, 0.0], [0.0, 0.0], [0.0, 0.0], [0.0, 0.0], [0.0, 0.0], [0.0, 0.0]], "precisionMat": [[], [], [], [], [], [], [], [], [], [], [], [], [], []], "gtPolPoints": [[403.0, 91.0, 433.0, 88.0, 434.0, 100.0, 404.0, 102.0], [436.0, 87.0, 456.0, 87.0, 456.0, 98.0, 436.0, 98.0], [475.0, 84.0, 490.0, 83.0, 492.0, 92.0, 476.0, 92.0], [492.0, 81.0, 528.0, 77.0, 529.0, 89.0, 494.0, 92.0], [676.0, 61.0, 716.0, 57.0, 716.0, 67.0, 676.0, 71.0], [714.0, 55.0, 751.0, 52.0, 751.0, 62.0, 714.0, 65.0], [751.0, 53.0, 783.0, 50.0, 783.0, 60.0, 751.0, 63.0], [784.0, 48.0, 814.0, 46.0, 813.0, 55.0, 783.0, 56.0], [216.0, 227.0, 265.0, 220.0, 269.0, 231.0, 220.0, 238.0], [224.0, 239.0, 265.0, 235.0, 268.0, 245.0, 226.0, 249.0], [825.0, 44.0, 928.0, 32.0, 928.0, 41.0, 825.0, 54.0], [1004.0, 121.0, 1043.0, 118.0, 1043.0, 150.0, 1004.0, 154.0], [1003.0, 154.0, 1044.0, 150.0, 1044.0, 161.0, 1003.0, 166.0], [994.0, 293.0, 1022.0, 290.0, 1023.0, 319.0, 994.0, 323.0]], "detPolPoints": [], "gtCharPoints": [[[408.5, 96.08333333333333], [418.5, 95.25], [428.5, 94.41666666666666]], [[441.0, 92.5], [451.0, 92.5]], [[479.375, 87.875], [487.125, 87.625]], [[496.55, 86.15], [503.65000000000003, 85.45], [510.75, 84.75], [517.85, 84.05000000000001], [524.95, 83.35000000000001]], [[680.0, 65.6], [688.0, 64.8], [696.0, 63.99999999999999], [704.0, 63.199999999999996], [712.0, 62.39999999999999]], [[717.7, 59.7], [725.1, 59.1], [732.5, 58.5], [739.9000000000001, 57.900000000000006], [747.3000000000001, 57.300000000000004]], [[755.0, 57.625], [763.0, 56.875], [771.0, 56.125], [779.0, 55.375]], [[787.25, 51.8125], [794.75, 51.4375], [802.25, 51.0625], [809.75, 50.6875]], [[221.0625, 232.0625], [227.1875, 231.1875], [233.3125, 230.3125], [239.4375, 229.4375], [245.5625, 228.5625], [251.6875, 227.6875], [257.8125, 226.8125], [263.9375, 225.9375]], [[227.96428571428572, 243.71428571428572], [233.89285714285714, 243.14285714285714], [239.82142857142858, 242.57142857142858], [245.75, 242.0], [251.67857142857144, 241.42857142857144], [257.6071428571429, 240.85714285714286], [263.5357142857143, 240.2857142857143]], [[830.15, 48.375], [840.4499999999999, 47.125], [850.75, 45.875], [861.05, 44.625], [871.35, 43.375], [881.65, 42.125], [891.9499999999999, 40.875], [902.25, 39.625], [912.55, 38.375], [922.85, 37.125]], [[1013.75, 136.625], [1033.25, 134.875]], [[1008.125, 159.4375], [1018.375, 158.3125], [1028.625, 157.1875], [1038.875, 156.0625]], [[1001.125, 307.125], [1015.375, 305.375]]], "gtCharCounts": [0.0, 0.0, 0.0, 0.0, 0.0, 0.0, 0.0, 0.0, 0.0, 0.0, 0.0, 0.0, 0.0, 0.0], "gtDontCare": [0, 1, 2, 4, 6, 7, 10, 11, 12, 13], "detDontCare": [], "evaluationParams": {"GT_PATH": "gt/gt_IC15.zip", "SUBMIT_PATH": "result/result_paddleOCR_IC15.zip", "OUTPUT_PATH": "output/", "PORT": 8080, "BOX_TYPE": "QUAD", "TRANSCRIPTION": true, "CONFIDENCES": false, "CRLF": false, "E2E": true, "CASE_SENSITIVE": true, "RS": true, "AREA_PRECISION_CONSTRAINT": 0.5, "GRANULARITY_PENALTY_WEIGHT": 1.0, "VERTICAL_ASPECT_RATIO_THRES": 2.0, "NUM_WORKERS": 2, "GT_SAMPLE_NAME_2_ID": "([0-9]+)", "DET_SAMPLE_NAME_2_ID": "([0-9]+)", "PER_SAMPLE_RESULTS": true}, "evaluationLog": "GT polygons: 14 (10 don't care) \nDET polygons: 0\n\nFind one-to-one matches\nFind one-to-many matches\nFind many-to-one matches\n<b>Detection | PRECISION\n</b><b>Detection | RECALL\n</b><b># of false positive chars\n</b>0\n=================================\n<b>End-to-End | Recall\n</b><b>End-to-End | Precision\n</b>", "EndtoEnd": {"precision": 0.0, "recall": 0.0, "hmean": 0, "recognition_score": 0.0}, "end2endMat": [[0.0, 0.0], [0.0, 0.0], [0.0, 0.0], [0.0, 0.0], [0.0, 0.0], [0.0, 0.0], [0.0, 0.0], [0.0, 0.0], [0.0, 0.0], [0.0, 0.0], [0.0, 0.0], [0.0, 0.0], [0.0, 0.0], [0.0, 0.0], [0.0, 0.0], [0.0, 0.0]], "gtTrans": ["###", "##", "##", "DOORS", "#####", "AIROB", "####", "####", "Reserved", "Seating", "##########", "##", "####", "##"], "detTrans": [], "gtQuery": ["###", "##", "##", "DOORS", "#####", "AIROB", "####", "####", "Reserved", "Seating", "##########", "##", "####", "##"], "detQuery": []}