{"Rawdata": {"det_correct_num_recall": 0.0, "det_correct_num_precision": 0.0, "chars_gt": 7, "chars_det": 5.0, "num_splitted": 0, "num_merged": 0, "num_false_positive": 2, "char_missed": 7, "char_overlapped": 0, "char_false_positive": 5, "e2e_correct_num_recall": 0.0, "e2e_correct_num_precision": 0.0, "chars_recog": 28, "e2e_char_missed": 7.0, "e2e_char_false_positive": 28.0, "e2e_recog_score_chars": 0, "e2e_recog_score_correct_num": 0.0}, "Detection": {"precision": 0.0, "recall": 0.0, "hmean": 0}, "pairs": [], "detectionMat": [[0.0, 0.0, 0.0, 0.0], [0.0, 0.0, 0.0, 0.0], [0.0, 0.0, 0.0, 0.0], [0.0, 0.0, 0.0, 0.0], [0.0, 0.0, 0.0, 0.0], [0.0, 0.0, 0.0, 0.0], [0.0, 0.0, 0.0, 0.0], [0.0, 0.0, 0.0, 0.0], [0.0, 0.0, 0.0, 0.0], [0.0, 0.0, 0.0, 0.0]], "precisionMat": [[0.0, 0.0], [0.0, 0.0], [0.0, 0.0], [0.0, 0.0], [0.0, 0.0], [0.0, 0.0], [0.0, 0.0], [0.0, 0.0]], "gtPolPoints": [[329.0, 35.0, 443.0, 36.0, 447.0, 66.0, 333.0, 66.0], [411.0, 223.0, 455.0, 211.0, 457.0, 232.0, 413.0, 243.0], [619.0, 183.0, 643.0, 177.0, 644.0, 192.0, 620.0, 198.0], [719.0, 157.0, 737.0, 152.0, 737.0, 164.0, 719.0, 169.0], [797.0, 60.0, 831.0, 56.0, 831.0, 65.0, 797.0, 69.0], [874.0, 53.0, 912.0, 49.0, 913.0, 59.0, 875.0, 63.0], [915.0, 58.0, 957.0, 52.0, 957.0, 61.0, 915.0, 67.0], [355.0, 89.0, 450.0, 86.0, 453.0, 100.0, 357.0, 103.0]], "detPolPoints": [[259.0, 180.0, 296.0, 181.0, 293.0, 318.0, 256.0, 317.0], [486.0, 423.0, 581.0, 367.0, 598.0, 396.0, 503.0, 453.0]], "gtCharPoints": [[[339.14285714285717, 50.535714285714285], [355.42857142857144, 50.607142857142854], [371.7142857142857, 50.67857142857143], [388.0, 50.75], [404.28571428571433, 50.82142857142857], [420.57142857142856, 50.89285714285714], [436.8571428571429, 50.964285714285715]], [[419.3333333333333, 231.08333333333334], [434.0, 227.25], [448.66666666666663, 223.41666666666669]], [[625.5, 189.0], [637.5, 186.0]], [[723.5, 161.75], [732.5, 159.25]], [[801.25, 64.0], [809.75, 63.0], [818.25, 62.0], [826.75, 61.0]], [[879.25, 57.5], [888.75, 56.5], [898.25, 55.5], [907.75, 54.5]], [[919.2, 61.9], [927.6, 60.699999999999996], [936.0, 59.5], [944.4000000000001, 58.3], [952.8000000000001, 57.1]], [[362.82142857142856, 95.78571428571429], [376.4642857142857, 95.35714285714286], [390.10714285714283, 94.92857142857143], [403.75, 94.5], [417.3928571428571, 94.07142857142858], [431.0357142857143, 93.64285714285715], [444.67857142857144, 93.21428571428572]]], "gtCharCounts": [[0.0, 0.0, 0.0, 0.0, 0.0, 0.0, 0.0], [0.0, 0.0, 0.0], [0.0, 0.0], [0.0, 0.0], [0.0, 0.0, 0.0, 0.0], [0.0, 0.0, 0.0, 0.0], [0.0, 0.0, 0.0, 0.0, 0.0], [0.0, 0.0, 0.0, 0.0, 0.0, 0.0, 0.0]], "gtDontCare": [1, 2, 3, 4, 5, 6, 7], "detDontCare": [], "evaluationParams": {"GT_PATH": "gt/gt_IC15.zip", "SUBMIT_PATH": "result/result_paddleOCR_IC15.zip", "OUTPUT_PATH": "output/", "PORT": 8080, "BOX_TYPE": "QUAD", "TRANSCRIPTION": true, "CONFIDENCES": false, "CRLF": false, "E2E": true, "CASE_SENSITIVE": true, "RS": true, "AREA_PRECISION_CONSTRAINT": 0.5, "GRANULARITY_PENALTY_WEIGHT": 1.0, "VERTICAL_ASPECT_RATIO_THRES": 2.0, "NUM_WORKERS": 2, "GT_SAMPLE_NAME_2_ID": "([0-9]+)", "DET_SAMPLE_NAME_2_ID": "([0-9]+)", "PER_SAMPLE_RESULTS": true}, "evaluationLog": "GT polygons: 8 (7 don't care) \nDET polygons: 2\n\nFind one-to-one matches\nFind one-to-many matches\nFind many-to-one matches\n<b>Detection | PRECISION\n</b><b>Detection | RECALL\n</b><b># of false positive chars\n</b>5\n=================================\n<b>End-to-End | Recall\n</b><b>End-to-End | Precision\n</b>", "EndtoEnd": {"precision": 0.0, "recall": 0.0, "hmean": 0, "recognition_score": 0.0}, "end2endMat": [[0.0, 0.0, 0.0, 0.0], [0.0, 0.0, 0.0, 0.0], [0.0, 0.0, 0.0, 0.0], [0.0, 0.0, 0.0, 0.0], [0.0, 0.0, 0.0, 0.0], [0.0, 0.0, 0.0, 0.0], [0.0, 0.0, 0.0, 0.0], [0.0, 0.0, 0.0, 0.0], [0.0, 0.0, 0.0, 0.0], [0.0, 0.0, 0.0, 0.0]], "gtTrans": ["SAMSUNG", "###", "##", "##", "####", "####", "#####", "#######"], "detTrans": ["EWOI,0.60575974", "BDO,0.6502152"], "gtQuery": ["SAMSUNG", "###", "##", "##", "####", "####", "#####", "#######"], "detQuery": ["EWOI,0.60575974", "BDO,0.6502152"]}