{"Rawdata": {"det_correct_num_recall": 0.0, "det_correct_num_precision": 0.0, "chars_gt": 22, "chars_det": 0, "num_splitted": 0, "num_merged": 0, "num_false_positive": 0, "char_missed": 22, "char_overlapped": 0, "char_false_positive": 0, "e2e_correct_num_recall": 0.0, "e2e_correct_num_precision": 0.0, "chars_recog": 0, "e2e_char_missed": 22.0, "e2e_char_false_positive": 0.0, "e2e_recog_score_chars": 0, "e2e_recog_score_correct_num": 0.0}, "Detection": {"precision": 0.0, "recall": 0.0, "hmean": 0}, "pairs": [], "detectionMat": [[0.0, 0.0], [0.0, 0.0], [0.0, 0.0], [0.0, 0.0], [0.0, 0.0], [0.0, 0.0], [0.0, 0.0], [0.0, 0.0], [0.0, 0.0], [0.0, 0.0], [0.0, 0.0]], "precisionMat": [[], [], [], [], [], [], [], [], []], "gtPolPoints": [[917.0, 209.0, 994.0, 150.0, 1011.0, 184.0, 926.0, 239.0], [1002.0, 150.0, 1131.0, 48.0, 1147.0, 78.0, 1016.0, 174.0], [1125.0, 24.0, 1189.0, 0.0, 1258.0, 5.0, 1159.0, 77.0], [401.0, 498.0, 438.0, 492.0, 440.0, 510.0, 400.0, 517.0], [252.0, 528.0, 306.0, 518.0, 306.0, 527.0, 252.0, 536.0], [472.0, 490.0, 500.0, 487.0, 500.0, 493.0, 473.0, 496.0], [52.0, 558.0, 132.0, 545.0, 132.0, 561.0, 52.0, 574.0], [0.0, 578.0, 30.0, 572.0, 30.0, 590.0, 0.0, 597.0], [0.0, 560.0, 32.0, 556.0, 31.0, 572.0, 0.0, 576.0]], "detPolPoints": [], "gtCharPoints": [[[927.2857142857143, 219.92857142857142], [938.8571428571429, 211.78571428571428], [950.4285714285714, 203.64285714285714], [962.0, 195.5], [973.5714285714287, 187.35714285714283], [985.1428571428572, 179.21428571428572], [996.7142857142858, 171.07142857142856]], [[1017.125, 155.8125], [1033.375, 143.4375], [1049.625, 131.0625], [1065.875, 118.6875], [1082.125, 106.3125], [1098.375, 93.9375], [1114.625, 81.5625], [1130.875, 69.1875]], [[1152.1875, 44.5], [1172.5625, 32.5], [1192.9375, 20.5], [1213.3125, 8.5]], [[406.9166666666667, 506.4166666666667], [419.75, 504.25], [432.58333333333337, 502.08333333333337]], [[255.85714285714286, 531.3214285714286], [263.57142857142856, 529.9642857142857], [271.2857142857143, 528.6071428571429], [279.0, 527.25], [286.7142857142857, 525.8928571428571], [294.42857142857144, 524.5357142857142], [302.14285714285717, 523.1785714285714]], [[475.25, 492.7], [480.75, 492.09999999999997], [486.25, 491.5], [491.75, 490.9], [497.25, 490.3]], [[58.666666666666664, 564.9166666666666], [72.0, 562.75], [85.33333333333333, 560.5833333333333], [98.66666666666666, 558.4166666666666], [112.0, 556.25], [125.33333333333334, 554.0833333333333]], [[7.5, 585.875], [22.5, 582.625]], [[7.875, 567.0], [23.625, 565.0]]], "gtCharCounts": [0.0, 0.0, 0.0, 0.0, 0.0, 0.0, 0.0, 0.0, 0.0], "gtDontCare": [4, 5, 6, 7, 8], "detDontCare": [], "evaluationParams": {"GT_PATH": "gt/gt_IC15.zip", "SUBMIT_PATH": "result/result_paddleOCR_IC15.zip", "OUTPUT_PATH": "output/", "PORT": 8080, "BOX_TYPE": "QUAD", "TRANSCRIPTION": true, "CONFIDENCES": false, "CRLF": false, "E2E": true, "CASE_SENSITIVE": true, "RS": true, "AREA_PRECISION_CONSTRAINT": 0.5, "GRANULARITY_PENALTY_WEIGHT": 1.0, "VERTICAL_ASPECT_RATIO_THRES": 2.0, "NUM_WORKERS": 2, "GT_SAMPLE_NAME_2_ID": "([0-9]+)", "DET_SAMPLE_NAME_2_ID": "([0-9]+)", "PER_SAMPLE_RESULTS": true}, "evaluationLog": "GT polygons: 9 (5 don't care) \nDET polygons: 0\n\nFind one-to-one matches\nFind one-to-many matches\nFind many-to-one matches\n<b>Detection | PRECISION\n</b><b>Detection | RECALL\n</b><b># of false positive chars\n</b>0\n=================================\n<b>End-to-End | Recall\n</b><b>End-to-End | Precision\n</b>", "EndtoEnd": {"precision": 0.0, "recall": 0.0, "hmean": 0, "recognition_score": 0.0}, "end2endMat": [[0.0, 0.0], [0.0, 0.0], [0.0, 0.0], [0.0, 0.0], [0.0, 0.0], [0.0, 0.0], [0.0, 0.0], [0.0, 0.0], [0.0, 0.0], [0.0, 0.0], [0.0, 0.0]], "gtTrans": ["EXPLORE", "INFOCOMM", "POSS", "EAT", "#######", "#####", "######", "##", "##"], "detTrans": [], "gtQuery": ["EXPLORE", "INFOCOMM", "POSS", "EAT", "#######", "#####", "######", "##", "##"], "detQuery": []}