{"Rawdata": {"det_correct_num_recall": 7.0, "det_correct_num_precision": 7.0, "chars_gt": 9, "chars_det": 7.0, "num_splitted": 0, "num_merged": 0, "num_false_positive": 0, "char_missed": 2, "char_overlapped": 0, "char_false_positive": 0, "e2e_correct_num_recall": 5.0, "e2e_correct_num_precision": 5.0, "chars_recog": 27, "e2e_char_missed": 4.0, "e2e_char_false_positive": 22.0, "e2e_recog_score_chars": 27, "e2e_recog_score_correct_num": 5.0}, "Detection": {"precision": 1.0, "recall": 0.7777777777777778, "hmean": 0.8750000000000001}, "pairs": [{"gt": [0], "det": [0], "type": "OO"}, {"gt": [1], "det": [1], "type": "OO"}], "detectionMat": [[2.0, 0.0, 2.0, 0.0], [0.0, 5.0, 5.0, 0.0], [0.0, 0.0, 0.0, 0.0], [0.0, 0.0, 0.0, 0.0], [0.0, 0.0, 0.0, 0.0], [0.0, 0.0, 0.0, 0.0], [0.0, 0.0, 0.0, 0.0], [0.0, 0.0, 0.0, 0.0], [0.0, 0.0, 0.0, 0.0], [2.0, 5.0, 0.0, 0.0], [0.0, 0.0, 0.0, 0.0]], "precisionMat": [[1.0, 0.0], [0.0, 0.9125692995452347], [0.0, 0.0], [0.0, 0.0], [0.0, 0.0], [0.0, 0.0], [0.0, 0.0], [0.0, 0.0], [0.0, 0.0]], "gtPolPoints": [[57.0, 491.0, 123.0, 488.0, 125.0, 511.0, 52.0, 513.0], [57.0, 520.0, 126.0, 515.0, 126.0, 532.0, 57.0, 536.0], [210.0, 286.0, 282.0, 286.0, 276.0, 333.0, 213.0, 328.0], [256.0, 2.0, 272.0, 12.0, 276.0, 68.0, 205.0, 10.0], [538.0, 111.0, 602.0, 115.0, 606.0, 141.0, 538.0, 141.0], [631.0, 202.0, 681.0, 202.0, 680.0, 226.0, 631.0, 227.0], [781.0, 205.0, 842.0, 200.0, 845.0, 222.0, 781.0, 225.0], [788.0, 156.0, 813.0, 151.0, 817.0, 176.0, 787.0, 186.0], [48.0, 544.0, 129.0, 540.0, 131.0, 558.0, 50.0, 562.0]], "detPolPoints": [[76.0, 492.0, 115.0, 492.0, 115.0, 507.0, 76.0, 507.0], [57.0, 518.0, 123.0, 515.0, 124.0, 533.0, 58.0, 536.0]], "gtCharPoints": [[[63.1875, 501.6875], [80.5625, 501.0625], [97.9375, 500.4375], [115.3125, 499.8125]], [[63.9, 527.55], [77.7, 526.65], [91.5, 525.75], [105.30000000000001, 524.8499999999999], [119.1, 523.9499999999999]], [[228.375, 307.625], [262.125, 308.875]], [[241.375, 14.5], [263.125, 31.5]], [[549.0, 126.33333333333333], [571.0, 127.0], [593.0, 127.66666666666666]], [[639.25, 214.41666666666666], [655.75, 214.25], [672.25, 214.08333333333331]], [[791.4166666666666, 214.33333333333334], [812.25, 213.0], [833.0833333333333, 211.66666666666669]], [[794.375, 169.125], [808.125, 165.375]], [[57.1, 552.6], [73.3, 551.8000000000001], [89.5, 551.0], [105.69999999999999, 550.2], [121.9, 549.4]]], "gtCharCounts": [[0.0, 1.0, 1.0, 0.0], [1.0, 1.0, 1.0, 1.0, 1.0], [0.0, 0.0], [0.0, 0.0], [0.0, 0.0, 0.0], [0.0, 0.0, 0.0], [0.0, 0.0, 0.0], [0.0, 0.0], [0.0, 0.0, 0.0, 0.0, 0.0]], "gtDontCare": [2, 3, 4, 5, 6, 7, 8], "detDontCare": [], "evaluationParams": {"GT_PATH": "gt/gt_IC15.zip", "SUBMIT_PATH": "result/result_paddleOCR_IC15.zip", "OUTPUT_PATH": "output/", "PORT": 8080, "BOX_TYPE": "QUAD", "TRANSCRIPTION": true, "CONFIDENCES": false, "CRLF": false, "E2E": true, "CASE_SENSITIVE": true, "RS": true, "AREA_PRECISION_CONSTRAINT": 0.5, "GRANULARITY_PENALTY_WEIGHT": 1.0, "VERTICAL_ASPECT_RATIO_THRES": 2.0, "NUM_WORKERS": 2, "GT_SAMPLE_NAME_2_ID": "([0-9]+)", "DET_SAMPLE_NAME_2_ID": "([0-9]+)", "PER_SAMPLE_RESULTS": true}, "evaluationLog": "GT polygons: 9 (7 don't care) \nDET polygons: 2\n\nFind one-to-one matches\nMatch GT #0 with Det #0\nMatch GT #1 with Det #1\nFind one-to-many matches\nFind many-to-one matches\n<b>Detection | PRECISION\n</b><b>Detection | RECALL\n</b><b># of false positive chars\n</b>0\n=================================\n<b>End-to-End | Recall\n</b><b>End-to-End | Precision\n</b>", "EndtoEnd": {"precision": 0.18518518518518517, "recall": 0.5555555555555556, "hmean": 0.2777777777777778, "recognition_score": 0.18518518518518517}, "end2endMat": [[0.0, 0.0, 0.0, 0.0], [0.0, 0.0, 5.0, 0.0], [0.0, 0.0, 0.0, 0.0], [0.0, 0.0, 0.0, 0.0], [0.0, 0.0, 0.0, 0.0], [0.0, 0.0, 0.0, 0.0], [0.0, 0.0, 0.0, 0.0], [0.0, 0.0, 0.0, 0.0], [0.0, 0.0, 0.0, 0.0], [0.0, 5.0, 0.0, 0.0], [0.0, 0.0, 0.0, 0.0]], "gtTrans": ["GIFT", "OCEAN", "##", "##", "###", "###", "###", "##", "#####"], "detTrans": ["aP,0.5061785", "OCEAN,0.9957312"], "gtQuery": ["GIFT", "OCEAN", "##", "##", "###", "###", "###", "##", "#####"], "detQuery": ["aP,0.5061785", "OCEAN,0.9957312"]}