{"Rawdata": {"det_correct_num_recall": 0.0, "det_correct_num_precision": 0.0, "chars_gt": 29, "chars_det": 0, "num_splitted": 0, "num_merged": 0, "num_false_positive": 0, "char_missed": 29, "char_overlapped": 0, "char_false_positive": 0, "e2e_correct_num_recall": 0.0, "e2e_correct_num_precision": 0.0, "chars_recog": 0, "e2e_char_missed": 29.0, "e2e_char_false_positive": 0.0, "e2e_recog_score_chars": 0, "e2e_recog_score_correct_num": 0.0}, "Detection": {"precision": 0.0, "recall": 0.0, "hmean": 0}, "pairs": [], "detectionMat": [[0.0, 0.0, 0.0], [0.0, 0.0, 0.0], [0.0, 0.0, 0.0], [0.0, 0.0, 0.0], [0.0, 0.0, 0.0], [0.0, 0.0, 0.0], [0.0, 0.0, 0.0], [0.0, 0.0, 0.0], [0.0, 0.0, 0.0], [0.0, 0.0, 0.0]], "precisionMat": [[0.0], [0.0], [0.0], [0.0], [0.0], [0.0], [1.0], [0.0]], "gtPolPoints": [[614.0, 32.0, 651.0, 43.0, 651.0, 64.0, 614.0, 54.0], [665.0, 207.0, 798.0, 192.0, 797.0, 232.0, 665.0, 247.0], [808.0, 202.0, 863.0, 194.0, 862.0, 219.0, 808.0, 226.0], [864.0, 188.0, 1035.0, 166.0, 1036.0, 195.0, 865.0, 217.0], [1041.0, 165.0, 1064.0, 163.0, 1066.0, 190.0, 1043.0, 192.0], [1073.0, 159.0, 1142.0, 149.0, 1144.0, 181.0, 1075.0, 191.0], [1061.0, 279.0, 1146.0, 280.0, 1145.0, 302.0, 1060.0, 302.0], [514.0, 236.0, 535.0, 236.0, 527.0, 333.0, 506.0, 332.0]], "detPolPoints": [[1073.0, 287.0, 1107.0, 287.0, 1107.0, 296.0, 1073.0, 296.0]], "gtCharPoints": [[[618.625, 44.3125], [627.875, 46.9375], [637.125, 49.5625], [646.375, 52.1875]], [[674.4642857142857, 225.92857142857142], [693.3928571428571, 223.78571428571428], [712.3214285714286, 221.64285714285714], [731.25, 219.5], [750.1785714285713, 217.35714285714283], [769.1071428571428, 215.2142857142857], [788.0357142857142, 213.07142857142856]], [[813.45, 213.25], [824.35, 211.75], [835.25, 210.25], [846.1500000000001, 208.75], [857.0500000000001, 207.25]], [[873.05, 201.4], [890.15, 199.20000000000002], [907.25, 197.0], [924.3499999999999, 194.8], [941.4499999999999, 192.6], [958.55, 190.4], [975.65, 188.20000000000002], [992.75, 186.0], [1009.8499999999999, 183.8], [1026.95, 181.6]], [[1047.75, 178.0], [1059.25, 177.0]], [[1085.5, 173.33333333333334], [1108.5, 170.0], [1131.5, 166.66666666666669]], [[1071.125, 290.5625], [1092.375, 290.6875], [1113.625, 290.8125], [1134.875, 290.9375]], [[517.3, 322.85], [518.9, 303.55], [520.5, 284.25], [522.0999999999999, 264.95000000000005], [523.6999999999999, 245.65000000000003]]], "gtCharCounts": [[0.0, 0.0, 0.0, 0.0], [0.0, 0.0, 0.0, 0.0, 0.0, 0.0, 0.0], [0.0, 0.0, 0.0, 0.0, 0.0], [0.0, 0.0, 0.0, 0.0, 0.0, 0.0, 0.0, 0.0, 0.0, 0.0], [0.0, 0.0], [0.0, 0.0, 0.0], [0.0, 0.0, 0.0, 0.0], [0.0, 0.0, 0.0, 0.0, 0.0]], "gtDontCare": [4, 6, 7], "detDontCare": [0], "evaluationParams": {"GT_PATH": "gt/gt_IC15.zip", "SUBMIT_PATH": "result/result_paddleOCR_IC15.zip", "OUTPUT_PATH": "output/", "PORT": 8080, "BOX_TYPE": "QUAD", "TRANSCRIPTION": true, "CONFIDENCES": false, "CRLF": false, "E2E": true, "CASE_SENSITIVE": true, "RS": true, "AREA_PRECISION_CONSTRAINT": 0.5, "GRANULARITY_PENALTY_WEIGHT": 1.0, "VERTICAL_ASPECT_RATIO_THRES": 2.0, "NUM_WORKERS": 2, "GT_SAMPLE_NAME_2_ID": "([0-9]+)", "DET_SAMPLE_NAME_2_ID": "([0-9]+)", "PER_SAMPLE_RESULTS": true}, "evaluationLog": "GT polygons: 8 (3 don't care) \nDET polygons: 1\n (1 don't care)\nFind one-to-one matches\nFind one-to-many matches\nFind many-to-one matches\n<b>Detection | PRECISION\n</b><b>Detection | RECALL\n</b><b># of false positive chars\n</b>0\n=================================\n<b>End-to-End | Recall\n</b><b>End-to-End | Precision\n</b>", "EndtoEnd": {"precision": 0.0, "recall": 0.0, "hmean": 0, "recognition_score": 0.0}, "end2endMat": [[0.0, 0.0, 0.0], [0.0, 0.0, 0.0], [0.0, 0.0, 0.0], [0.0, 0.0, 0.0], [0.0, 0.0, 0.0], [0.0, 0.0, 0.0], [0.0, 0.0, 0.0], [0.0, 0.0, 0.0], [0.0, 0.0, 0.0], [0.0, 0.0, 0.0]], "gtTrans": ["EXIT", "Malones", "IRISH", "RESTAURANT", "##", "BAR", "####", "#####"], "detTrans": ["BAr,0.5266295"], "gtQuery": ["EXIT", "Malones", "IRISH", "RESTAURANT", "##", "BAR", "####", "#####"], "detQuery": ["BAr,0.5266295"]}