{"Rawdata": {"det_correct_num_recall": 12.0, "det_correct_num_precision": 11.0, "chars_gt": 12, "chars_det": 12.0, "num_splitted": 0, "num_merged": 1, "num_false_positive": 0, "char_missed": 0, "char_overlapped": 0, "char_false_positive": 0, "e2e_correct_num_recall": 12.0, "e2e_correct_num_precision": 11.0, "chars_recog": 23, "e2e_char_missed": 0.0, "e2e_char_false_positive": 11.0, "e2e_recog_score_chars": 23, "e2e_recog_score_correct_num": 12.0}, "Detection": {"precision": 0.9166666666666666, "recall": 1.0, "hmean": 0.9565217391304348}, "pairs": [{"gt": [0, 1], "det": [0], "type": "MO"}], "detectionMat": [[5.0, 5.0, 0.0], [7.0, 7.0, 0.0], [0.0, 0.0, 0.0], [0.0, 0.0, 0.0], [12.0, 0.0, 0.0], [1.0, 0.0, 0.0]], "precisionMat": [[0.3995771352995771], [0.48342405441630437], [0.0], [0.0]], "gtPolPoints": [[7.0, 59.0, 132.0, 90.0, 131.0, 122.0, 6.0, 91.0], [137.0, 90.0, 283.0, 123.0, 282.0, 152.0, 136.0, 119.0], [764.0, 129.0, 781.0, 120.0, 781.0, 140.0, 764.0, 149.0], [925.0, 140.0, 1015.0, 126.0, 1019.0, 155.0, 929.0, 170.0]], "detPolPoints": [[16.0, 59.0, 288.0, 124.0, 280.0, 155.0, 8.0, 89.0]], "gtCharPoints": [[[19.0, 78.1], [44.0, 84.3], [69.0, 90.5], [94.0, 96.69999999999999], [119.0, 102.89999999999999]], [[146.92857142857142, 106.85714285714286], [167.78571428571428, 111.57142857142857], [188.64285714285714, 116.28571428571429], [209.5, 121.0], [230.35714285714283, 125.71428571428572], [251.21428571428572, 130.42857142857144], [272.07142857142856, 135.14285714285714]], [[768.25, 136.75], [776.75, 132.25]], [[938.25, 153.1875], [960.75, 149.5625], [983.25, 145.9375], [1005.75, 142.3125]]], "gtCharCounts": [[1.0, 1.0, 1.0, 1.0, 1.0], [1.0, 1.0, 1.0, 1.0, 1.0, 1.0, 1.0], [0.0, 0.0], [0.0, 0.0, 0.0, 0.0]], "gtDontCare": [2, 3], "detDontCare": [], "evaluationParams": {"GT_PATH": "gt/gt_IC15.zip", "SUBMIT_PATH": "result/result_paddleOCR_IC15.zip", "OUTPUT_PATH": "output/", "PORT": 8080, "BOX_TYPE": "QUAD", "TRANSCRIPTION": true, "CONFIDENCES": false, "CRLF": false, "E2E": true, "CASE_SENSITIVE": true, "RS": true, "AREA_PRECISION_CONSTRAINT": 0.5, "GRANULARITY_PENALTY_WEIGHT": 1.0, "VERTICAL_ASPECT_RATIO_THRES": 2.0, "NUM_WORKERS": 2, "GT_SAMPLE_NAME_2_ID": "([0-9]+)", "DET_SAMPLE_NAME_2_ID": "([0-9]+)", "PER_SAMPLE_RESULTS": true}, "evaluationLog": "GT polygons: 4 (2 don't care) \nDET polygons: 1\n\nFind one-to-one matches\nFind one-to-many matches\nFind many-to-one matches\nMatch GT #[0, 1] with Det #0\n<b>Detection | PRECISION\n</b><b>Detection | RECALL\n</b><b># of false positive chars\n</b>0\n=================================\n<b>End-to-End | Recall\n</b><b>End-to-End | Precision\n</b>", "EndtoEnd": {"precision": 0.4782608695652174, "recall": 1.0, "hmean": 0.6470588235294118, "recognition_score": 0.5217391304347826}, "end2endMat": [[0.0, 5.0, 0.0], [0.0, 7.0, 0.0], [0.0, 0.0, 0.0], [0.0, 0.0, 0.0], [12.0, 0.0, 0.0], [1.0, 0.0, 0.0]], "gtTrans": ["LOUIS", "VUITTON", "##", "####"], "detTrans": ["LOUIS VUITTON,0.9677934"], "gtQuery": ["LOUIS", "VUITTON", "##", "####"], "detQuery": ["LOUIS VUITTON,0.9677934"]}