{"Rawdata": {"det_correct_num_recall": 0.0, "det_correct_num_precision": 0.0, "chars_gt": 4, "chars_det": 0, "num_splitted": 0, "num_merged": 0, "num_false_positive": 0, "char_missed": 4, "char_overlapped": 0, "char_false_positive": 0, "e2e_correct_num_recall": 0.0, "e2e_correct_num_precision": 0.0, "chars_recog": 0, "e2e_char_missed": 4.0, "e2e_char_false_positive": 0.0, "e2e_recog_score_chars": 0, "e2e_recog_score_correct_num": 0.0}, "Detection": {"precision": 0.0, "recall": 0.0, "hmean": 0}, "pairs": [], "detectionMat": [[0.0, 0.0], [0.0, 0.0], [0.0, 0.0], [0.0, 0.0], [0.0, 0.0], [0.0, 0.0], [0.0, 0.0], [0.0, 0.0], [0.0, 0.0], [0.0, 0.0]], "precisionMat": [[], [], [], [], [], [], [], []], "gtPolPoints": [[310.0, 104.0, 416.0, 141.0, 418.0, 216.0, 312.0, 179.0], [1197.0, 126.0, 1252.0, 118.0, 1257.0, 136.0, 1203.0, 144.0], [1137.0, 140.0, 1177.0, 132.0, 1180.0, 148.0, 1140.0, 156.0], [1096.0, 152.0, 1130.0, 145.0, 1133.0, 158.0, 1100.0, 165.0], [1061.0, 161.0, 1092.0, 154.0, 1093.0, 168.0, 1062.0, 175.0], [1030.0, 168.0, 1055.0, 162.0, 1056.0, 177.0, 1030.0, 183.0], [1000.0, 173.0, 1023.0, 168.0, 1025.0, 184.0, 1002.0, 189.0], [223.0, 293.0, 313.0, 288.0, 313.0, 311.0, 222.0, 316.0]], "detPolPoints": [], "gtCharPoints": [[[324.25, 146.125], [350.75, 155.375], [377.25, 164.625], [403.75, 173.875]], [[1209.0833333333333, 133.66666666666666], [1227.25, 131.0], [1245.4166666666665, 128.33333333333331]], [[1145.1666666666667, 146.66666666666666], [1158.5, 144.0], [1171.8333333333335, 141.33333333333331]], [[1103.5833333333333, 157.33333333333334], [1114.75, 155.0], [1125.9166666666665, 152.66666666666669]], [[1066.6666666666667, 166.83333333333334], [1077.0, 164.5], [1087.3333333333335, 162.16666666666669]], [[1036.375, 174.0], [1049.125, 171.0]], [[1006.75, 179.75], [1018.25, 177.25]], [[233.8125, 303.875], [256.4375, 302.625], [279.0625, 301.375], [301.6875, 300.125]]], "gtCharCounts": [0.0, 0.0, 0.0, 0.0, 0.0, 0.0, 0.0, 0.0], "gtDontCare": [1, 2, 3, 4, 5, 6, 7], "detDontCare": [], "evaluationParams": {"GT_PATH": "gt/gt_IC15.zip", "SUBMIT_PATH": "result/result_paddleOCR_IC15.zip", "OUTPUT_PATH": "output/", "PORT": 8080, "BOX_TYPE": "QUAD", "TRANSCRIPTION": true, "CONFIDENCES": false, "CRLF": false, "E2E": true, "CASE_SENSITIVE": true, "RS": true, "AREA_PRECISION_CONSTRAINT": 0.5, "GRANULARITY_PENALTY_WEIGHT": 1.0, "VERTICAL_ASPECT_RATIO_THRES": 2.0, "NUM_WORKERS": 2, "GT_SAMPLE_NAME_2_ID": "([0-9]+)", "DET_SAMPLE_NAME_2_ID": "([0-9]+)", "PER_SAMPLE_RESULTS": true}, "evaluationLog": "GT polygons: 8 (7 don't care) \nDET polygons: 0\n\nFind one-to-one matches\nFind one-to-many matches\nFind many-to-one matches\n<b>Detection | PRECISION\n</b><b>Detection | RECALL\n</b><b># of false positive chars\n</b>0\n=================================\n<b>End-to-End | Recall\n</b><b>End-to-End | Precision\n</b>", "EndtoEnd": {"precision": 0.0, "recall": 0.0, "hmean": 0, "recognition_score": 0.0}, "end2endMat": [[0.0, 0.0], [0.0, 0.0], [0.0, 0.0], [0.0, 0.0], [0.0, 0.0], [0.0, 0.0], [0.0, 0.0], [0.0, 0.0], [0.0, 0.0], [0.0, 0.0]], "gtTrans": ["MASA", "###", "###", "###", "###", "##", "##", "####"], "detTrans": [], "gtQuery": ["MASA", "###", "###", "###", "###", "##", "##", "####"], "detQuery": []}