{"Rawdata": {"det_correct_num_recall": 0.0, "det_correct_num_precision": 0.0, "chars_gt": 11, "chars_det": 5.0, "num_splitted": 0, "num_merged": 0, "num_false_positive": 2, "char_missed": 11, "char_overlapped": 0, "char_false_positive": 5, "e2e_correct_num_recall": 0.0, "e2e_correct_num_precision": 0.0, "chars_recog": 24, "e2e_char_missed": 11.0, "e2e_char_false_positive": 24.0, "e2e_recog_score_chars": 0, "e2e_recog_score_correct_num": 0.0}, "Detection": {"precision": 0.0, "recall": 0.0, "hmean": 0}, "pairs": [], "detectionMat": [[0.0, 0.0, 0.0, 0.0], [0.0, 0.0, 0.0, 0.0], [0.0, 0.0, 0.0, 0.0], [0.0, 0.0, 0.0, 0.0], [0.0, 0.0, 0.0, 0.0], [0.0, 0.0, 0.0, 0.0], [0.0, 0.0, 0.0, 0.0], [0.0, 0.0, 0.0, 0.0], [0.0, 0.0, 0.0, 0.0], [0.0, 0.0, 0.0, 0.0]], "precisionMat": [[0.0, 0.0], [0.0, 0.0], [0.0, 0.0], [0.0, 0.02863033687770305], [0.0, 0.0], [0.0, 0.01915971612525584], [0.0, 0.0], [0.0, 0.0]], "gtPolPoints": [[2.0, 135.0, 23.0, 135.0, 21.0, 153.0, 0.0, 153.0], [496.0, 160.0, 690.0, 164.0, 686.0, 210.0, 492.0, 206.0], [688.0, 170.0, 860.0, 175.0, 861.0, 218.0, 690.0, 213.0], [550.0, 508.0, 612.0, 499.0, 615.0, 518.0, 552.0, 526.0], [497.0, 521.0, 520.0, 516.0, 520.0, 533.0, 497.0, 538.0], [530.0, 516.0, 553.0, 511.0, 550.0, 529.0, 526.0, 534.0], [945.0, 233.0, 972.0, 234.0, 971.0, 248.0, 943.0, 246.0], [900.0, 230.0, 925.0, 230.0, 926.0, 243.0, 901.0, 243.0]], "detPolPoints": [[659.0, 502.0, 862.0, 472.0, 874.0, 554.0, 672.0, 585.0], [539.0, 519.0, 641.0, 519.0, 641.0, 586.0, 539.0, 586.0]], "gtCharPoints": [[[6.25, 144.0], [16.75, 144.0]], [[513.4, 183.4], [552.1999999999999, 184.20000000000002], [591.0, 185.0], [629.8, 185.8], [668.5999999999999, 186.6]], [[703.2916666666666, 191.91666666666666], [731.875, 192.75], [760.4583333333333, 193.58333333333331], [789.0416666666666, 194.41666666666666], [817.625, 195.25], [846.2083333333333, 196.08333333333331]], [[558.8125, 515.9375], [574.4375, 513.8125], [590.0625, 511.6875], [605.6875, 509.5625]], [[502.75, 528.25], [514.25, 525.75]], [[533.875, 523.75], [545.625, 521.25]], [[948.5833333333334, 239.75], [957.75, 240.25], [966.9166666666667, 240.75]], [[906.75, 236.5], [919.25, 236.5]]], "gtCharCounts": [[0.0, 0.0], [0.0, 0.0, 0.0, 0.0, 0.0], [0.0, 0.0, 0.0, 0.0, 0.0, 0.0], [0.0, 0.0, 0.0, 0.0], [0.0, 0.0], [0.0, 0.0], [0.0, 0.0, 0.0], [0.0, 0.0]], "gtDontCare": [0, 3, 4, 5, 6, 7], "detDontCare": [], "evaluationParams": {"GT_PATH": "gt/gt_IC15.zip", "SUBMIT_PATH": "result/result_paddleOCR_IC15.zip", "OUTPUT_PATH": "output/", "PORT": 8080, "BOX_TYPE": "QUAD", "TRANSCRIPTION": true, "CONFIDENCES": false, "CRLF": false, "E2E": true, "CASE_SENSITIVE": true, "RS": true, "AREA_PRECISION_CONSTRAINT": 0.5, "GRANULARITY_PENALTY_WEIGHT": 1.0, "VERTICAL_ASPECT_RATIO_THRES": 2.0, "NUM_WORKERS": 2, "GT_SAMPLE_NAME_2_ID": "([0-9]+)", "DET_SAMPLE_NAME_2_ID": "([0-9]+)", "PER_SAMPLE_RESULTS": true}, "evaluationLog": "GT polygons: 8 (6 don't care) \nDET polygons: 2\n\nFind one-to-one matches\nFind one-to-many matches\nFind many-to-one matches\n<b>Detection | PRECISION\n</b><b>Detection | RECALL\n</b><b># of false positive chars\n</b>5\n=================================\n<b>End-to-End | Recall\n</b><b>End-to-End | Precision\n</b>", "EndtoEnd": {"precision": 0.0, "recall": 0.0, "hmean": 0, "recognition_score": 0.0}, "end2endMat": [[0.0, 0.0, 0.0, 0.0], [0.0, 0.0, 0.0, 0.0], [0.0, 0.0, 0.0, 0.0], [0.0, 0.0, 0.0, 0.0], [0.0, 0.0, 0.0, 0.0], [0.0, 0.0, 0.0, 0.0], [0.0, 0.0, 0.0, 0.0], [0.0, 0.0, 0.0, 0.0], [0.0, 0.0, 0.0, 0.0], [0.0, 0.0, 0.0, 0.0]], "gtTrans": ["##", "CANDY", "EMPIRE", "####", "##", "##", "###", "##"], "detTrans": ["BO,0.745936", "D&,0.86914545"], "gtQuery": ["##", "CANDY", "EMPIRE", "####", "##", "##", "###", "##"], "detQuery": ["BO,0.745936", "D&,0.86914545"]}