{"Rawdata": {"det_correct_num_recall": 9.0, "det_correct_num_precision": 9.0, "chars_gt": 19, "chars_det": 9.0, "num_splitted": 0, "num_merged": 0, "num_false_positive": 0, "char_missed": 10, "char_overlapped": 0, "char_false_positive": 0, "e2e_correct_num_recall": 7.0, "e2e_correct_num_precision": 7.0, "chars_recog": 18, "e2e_char_missed": 12.0, "e2e_char_false_positive": 11.0, "e2e_recog_score_chars": 18, "e2e_recog_score_correct_num": 7.0}, "Detection": {"precision": 1.0, "recall": 0.47368421052631576, "hmean": 0.6428571428571429}, "pairs": [{"gt": [1], "det": [0], "type": "OO"}], "detectionMat": [[0.0, 0.0, 0.0, 0.0], [9.0, 0.0, 9.0, 0.0], [0.0, 0.0, 0.0, 0.0], [0.0, 0.0, 0.0, 0.0], [0.0, 0.0, 0.0, 0.0], [0.0, 0.0, 0.0, 0.0], [9.0, 0.0, 0.0, 0.0], [0.0, 0.0, 0.0, 0.0]], "precisionMat": [[0.0, 0.0], [0.904610442019643, 0.0], [0.0, 1.0], [0.0, 0.0], [0.0, 0.0], [0.0, 0.0]], "gtPolPoints": [[155.0, 164.0, 207.0, 163.0, 211.0, 188.0, 158.0, 189.0], [156.0, 186.0, 345.0, 180.0, 346.0, 208.0, 157.0, 214.0], [1050.0, 278.0, 1181.0, 268.0, 1183.0, 313.0, 1052.0, 323.0], [1132.0, 381.0, 1233.0, 385.0, 1236.0, 411.0, 1135.0, 408.0], [658.0, 286.0, 705.0, 286.0, 704.0, 306.0, 657.0, 306.0], [399.0, 325.0, 463.0, 326.0, 462.0, 348.0, 398.0, 347.0]], "detPolPoints": [[198.0, 191.0, 338.0, 178.0, 341.0, 206.0, 201.0, 219.0], [1061.0, 286.0, 1150.0, 271.0, 1156.0, 305.0, 1067.0, 320.0]], "gtCharPoints": [[[165.25, 176.33333333333334], [182.75, 176.0], [200.25, 175.66666666666669]], [[165.0909090909091, 199.72727272727272], [182.27272727272728, 199.1818181818182], [199.45454545454547, 198.63636363636363], [216.63636363636363, 198.0909090909091], [233.8181818181818, 197.54545454545453], [251.0, 197.0], [268.1818181818182, 196.45454545454544], [285.3636363636364, 195.9090909090909], [302.54545454545456, 195.36363636363635], [319.72727272727275, 194.8181818181818], [336.90909090909093, 194.27272727272725]], [[1072.8333333333333, 298.8333333333333], [1116.5, 295.5], [1160.1666666666665, 292.16666666666663]], [[1146.125, 394.9375], [1171.375, 395.8125], [1196.625, 396.6875], [1221.875, 397.5625]], [[663.375, 296.0], [675.125, 296.0], [686.875, 296.0], [698.625, 296.0]], [[409.1666666666667, 336.1666666666667], [430.5, 336.5], [451.83333333333337, 336.83333333333337]]], "gtCharCounts": [[0.0, 0.0, 0.0], [0.0, 0.0, 1.0, 1.0, 1.0, 1.0, 1.0, 1.0, 1.0, 1.0, 1.0], [0.0, 0.0, 0.0], [0.0, 0.0, 0.0, 0.0], [0.0, 0.0, 0.0, 0.0], [0.0, 0.0, 0.0]], "gtDontCare": [0, 2, 5], "detDontCare": [1], "evaluationParams": {"GT_PATH": "gt/gt_IC15.zip", "SUBMIT_PATH": "result/result_paddleOCR_IC15.zip", "OUTPUT_PATH": "output/", "PORT": 8080, "BOX_TYPE": "QUAD", "TRANSCRIPTION": true, "CONFIDENCES": false, "CRLF": false, "E2E": true, "CASE_SENSITIVE": true, "RS": true, "AREA_PRECISION_CONSTRAINT": 0.5, "GRANULARITY_PENALTY_WEIGHT": 1.0, "VERTICAL_ASPECT_RATIO_THRES": 2.0, "NUM_WORKERS": 2, "GT_SAMPLE_NAME_2_ID": "([0-9]+)", "DET_SAMPLE_NAME_2_ID": "([0-9]+)", "PER_SAMPLE_RESULTS": true}, "evaluationLog": "GT polygons: 6 (3 don't care) \nDET polygons: 2\n (1 don't care)\nFind one-to-one matches\nMatch GT #1 with Det #0\nFind one-to-many matches\nFind many-to-one matches\n<b>Detection | PRECISION\n</b><b>Detection | RECALL\n</b><b># of false positive chars\n</b>0\n=================================\n<b>End-to-End | Recall\n</b><b>End-to-End | Precision\n</b>", "EndtoEnd": {"precision": 0.3888888888888889, "recall": 0.3684210526315789, "hmean": 0.37837837837837834, "recognition_score": 0.3888888888888889}, "end2endMat": [[0.0, 0.0, 0.0, 0.0], [0.0, 0.0, 7.0, 0.0], [0.0, 0.0, 0.0, 0.0], [0.0, 0.0, 0.0, 0.0], [0.0, 0.0, 0.0, 0.0], [0.0, 0.0, 0.0, 0.0], [7.0, 0.0, 0.0, 0.0], [0.0, 0.0, 0.0, 0.0]], "gtTrans": ["###", "Underground", "###", "SALE", "WAKA", "###"], "detTrans": ["Lergrond,0.9126586", "MIYO,0.8898271"], "gtQuery": ["###", "Underground", "###", "SALE", "WAKA", "###"], "detQuery": ["Lergrond,0.9126586", "MIYO,0.8898271"]}