{"Rawdata": {"det_correct_num_recall": 24.0, "det_correct_num_precision": 23.0, "chars_gt": 31, "chars_det": 24.0, "num_splitted": 0, "num_merged": 1, "num_false_positive": 0, "char_missed": 7, "char_overlapped": 0, "char_false_positive": 0, "e2e_correct_num_recall": 23.0, "e2e_correct_num_precision": 22.0, "chars_recog": 71, "e2e_char_missed": 8.0, "e2e_char_false_positive": 48.0, "e2e_recog_score_chars": 71, "e2e_recog_score_correct_num": 23.0}, "Detection": {"precision": 0.9583333333333334, "recall": 0.7741935483870968, "hmean": 0.8564778898370831}, "pairs": [{"gt": [0], "det": [1], "type": "OO"}, {"gt": [2], "det": [0], "type": "OO"}, {"gt": [4], "det": [2], "type": "OO"}, {"gt": [6], "det": [3], "type": "OO"}, {"gt": [6, 7], "det": [3], "type": "MO"}], "detectionMat": [[0.0, 5.0, 0.0, 0.0, 5.0, 0.0], [0.0, 0.0, 0.0, 0.0, 0.0, 0.0], [3.0, 0.0, 0.0, 0.0, 3.0, 0.0], [0.0, 0.0, 0.0, 0.0, 0.0, 0.0], [0.0, 0.0, 3.0, 0.0, 3.0, 0.0], [0.0, 0.0, 0.0, 0.0, 0.0, 0.0], [0.0, 0.0, 0.0, 8.0, 8.0, 0.0], [0.0, 0.0, 0.0, 5.0, 5.0, 0.0], [3.0, 5.0, 3.0, 13.0, 0.0, 0.0], [0.0, 0.0, 0.0, 1.0, 0.0, 0.0]], "precisionMat": [[0.0, 0.5764595557614806, 0.0, 0.0], [0.0, 0.20051455217880687, 0.0, 0.0], [0.9574468085106383, 0.002735000371876322, 0.0, 0.0], [0.0, 0.0, 0.0, 0.0], [0.0, 0.0, 0.7621782377114142, 0.0], [0.0, 0.0, 0.0, 0.0], [0.0, 0.0, 0.0, 0.5242973389372169], [0.0, 0.0, 0.0, 0.2979754837929546]], "gtPolPoints": [[0.0, 76.0, 107.0, 77.0, 109.0, 112.0, 2.0, 111.0], [115.0, 77.0, 158.0, 77.0, 158.0, 106.0, 115.0, 106.0], [175.0, 63.0, 271.0, 62.0, 271.0, 105.0, 175.0, 106.0], [179.0, 105.0, 272.0, 105.0, 270.0, 120.0, 177.0, 120.0], [1003.0, 253.0, 1188.0, 235.0, 1200.0, 315.0, 1016.0, 333.0], [743.0, 337.0, 798.0, 334.0, 800.0, 355.0, 746.0, 358.0], [143.0, 295.0, 326.0, 282.0, 328.0, 308.0, 146.0, 322.0], [341.0, 281.0, 437.0, 273.0, 438.0, 303.0, 342.0, 311.0]], "detPolPoints": [[171.0, 66.0, 265.0, 66.0, 265.0, 105.0, 171.0, 105.0], [2.0, 77.0, 175.0, 71.0, 176.0, 107.0, 4.0, 113.0], [1014.0, 261.0, 1231.0, 221.0, 1246.0, 298.0, 1029.0, 339.0], [145.0, 292.0, 436.0, 271.0, 438.0, 302.0, 147.0, 324.0]], "gtCharPoints": [[[11.7, 93.6], [33.099999999999994, 93.8], [54.5, 94.0], [75.89999999999999, 94.19999999999999], [97.3, 94.39999999999999]], [[125.75, 91.5], [147.25, 91.5]], [[191.0, 84.33333333333333], [223.0, 84.0], [255.0, 83.66666666666666]], [[184.64285714285714, 112.5], [197.92857142857142, 112.5], [211.21428571428572, 112.5], [224.5, 112.5], [237.78571428571428, 112.5], [251.07142857142856, 112.5], [264.3571428571429, 112.5]], [[1040.25, 290.0], [1101.75, 284.0], [1163.25, 278.0]], [[753.5833333333334, 347.0], [771.75, 346.0], [789.9166666666667, 345.0]], [[155.90625, 307.65625], [178.71875, 305.96875], [201.53125, 304.28125], [224.34375, 302.59375], [247.15625, 300.90625], [269.96875, 299.21875], [292.78125, 297.53125], [315.59375, 295.84375]], [[351.1, 295.2], [370.3, 293.59999999999997], [389.5, 292.0], [408.70000000000005, 290.4], [427.90000000000003, 288.8]]], "gtCharCounts": [[1.0, 1.0, 1.0, 1.0, 1.0], [0.0, 0.0], [1.0, 1.0, 1.0], [0.0, 0.0, 0.0, 0.0, 0.0, 0.0, 0.0], [1.0, 1.0, 1.0], [0.0, 0.0, 0.0], [1.0, 1.0, 1.0, 1.0, 1.0, 1.0, 1.0, 1.0], [1.0, 1.0, 1.0, 1.0, 1.0]], "gtDontCare": [1, 5], "detDontCare": [], "evaluationParams": {"GT_PATH": "gt/gt_IC15.zip", "SUBMIT_PATH": "result/result_paddleOCR_IC15.zip", "OUTPUT_PATH": "output/", "PORT": 8080, "BOX_TYPE": "QUAD", "TRANSCRIPTION": true, "CONFIDENCES": false, "CRLF": false, "E2E": true, "CASE_SENSITIVE": true, "RS": true, "AREA_PRECISION_CONSTRAINT": 0.5, "GRANULARITY_PENALTY_WEIGHT": 1.0, "VERTICAL_ASPECT_RATIO_THRES": 2.0, "NUM_WORKERS": 2, "GT_SAMPLE_NAME_2_ID": "([0-9]+)", "DET_SAMPLE_NAME_2_ID": "([0-9]+)", "PER_SAMPLE_RESULTS": true}, "evaluationLog": "GT polygons: 8 (2 don't care) \nDET polygons: 4\n\nFind one-to-one matches\nMatch GT #0 with Det #1\nMatch GT #2 with Det #0\nMatch GT #4 with Det #2\nMatch GT #6 with Det #3\nFind one-to-many matches\nFind many-to-one matches\nMatch GT #[6, 7] with Det #3\n<b>Detection | PRECISION\n</b><b>Detection | RECALL\n</b><b># of false positive chars\n</b>0\n=================================\n<b>End-to-End | Recall\n</b><b>End-to-End | Precision\n</b>", "EndtoEnd": {"precision": 0.30985915492957744, "recall": 0.7419354838709677, "hmean": 0.43714902807775374, "recognition_score": 0.323943661971831}, "end2endMat": [[0.0, 0.0, 0.0, 0.0, 5.0, 0.0], [0.0, 0.0, 0.0, 0.0, 0.0, 0.0], [0.0, 0.0, 0.0, 0.0, 2.0, 0.0], [0.0, 0.0, 0.0, 0.0, 0.0, 0.0], [0.0, 0.0, 0.0, 0.0, 3.0, 0.0], [0.0, 0.0, 0.0, 0.0, 0.0, 0.0], [0.0, 0.0, 0.0, 0.0, 8.0, 0.0], [0.0, 0.0, 0.0, 0.0, 5.0, 0.0], [2.0, 5.0, 3.0, 13.0, 0.0, 0.0], [0.0, 0.0, 0.0, 1.0, 0.0, 0.0]], "gtTrans": ["again", "##", "Ion", "ORCHARD", "ALD", "###", "WHEELOCK", "PLACE"], "detTrans": ["lon,0.84910613", "again at,0.9883841", "ALDY,0.81848586", "WHEELOCK PLACE,0.9940724"], "gtQuery": ["again", "##", "Ion", "ORCHARD", "ALD", "###", "WHEELOCK", "PLACE"], "detQuery": ["lon,0.84910613", "again at,0.9883841", "ALDY,0.81848586", "WHEELOCK PLACE,0.9940724"]}