{"Rawdata": {"det_correct_num_recall": 0.0, "det_correct_num_precision": 0.0, "chars_gt": 14, "chars_det": 0, "num_splitted": 0, "num_merged": 0, "num_false_positive": 0, "char_missed": 14, "char_overlapped": 0, "char_false_positive": 0, "e2e_correct_num_recall": 0.0, "e2e_correct_num_precision": 0.0, "chars_recog": 0, "e2e_char_missed": 14.0, "e2e_char_false_positive": 0.0, "e2e_recog_score_chars": 0, "e2e_recog_score_correct_num": 0.0}, "Detection": {"precision": 0.0, "recall": 0.0, "hmean": 0}, "pairs": [], "detectionMat": [[0.0, 0.0], [0.0, 0.0], [0.0, 0.0], [0.0, 0.0], [0.0, 0.0], [0.0, 0.0], [0.0, 0.0]], "precisionMat": [[], [], [], [], []], "gtPolPoints": [[450.0, 152.0, 532.0, 174.0, 528.0, 189.0, 446.0, 170.0], [529.0, 174.0, 591.0, 188.0, 589.0, 205.0, 529.0, 190.0], [869.0, 254.0, 905.0, 253.0, 907.0, 266.0, 873.0, 264.0], [669.0, 272.0, 686.0, 273.0, 686.0, 301.0, 670.0, 301.0], [346.0, 242.0, 385.0, 247.0, 385.0, 266.0, 346.0, 261.0]], "detPolPoints": [], "gtCharPoints": [[[453.85714285714283, 162.46428571428572], [465.57142857142856, 165.39285714285714], [477.2857142857143, 168.32142857142858], [489.0, 171.25], [500.71428571428567, 174.17857142857144], [512.4285714285714, 177.10714285714286], [524.1428571428571, 180.03571428571428]], [[533.3571428571429, 183.03571428571428], [542.0714285714286, 185.10714285714286], [550.7857142857143, 187.17857142857142], [559.5, 189.25], [568.2142857142858, 191.32142857142856], [576.9285714285714, 193.39285714285714], [585.6428571428571, 195.46428571428572]], [[876.8333333333334, 259.0833333333333], [888.5, 259.25], [900.1666666666667, 259.41666666666663]], [[673.625, 286.625], [681.875, 286.875]], [[352.5, 252.33333333333334], [365.5, 254.0], [378.5, 255.66666666666669]]], "gtCharCounts": [0.0, 0.0, 0.0, 0.0, 0.0], "gtDontCare": [2, 3, 4], "detDontCare": [], "evaluationParams": {"GT_PATH": "gt/gt_IC15.zip", "SUBMIT_PATH": "result/result_paddleOCR_IC15.zip", "OUTPUT_PATH": "output/", "PORT": 8080, "BOX_TYPE": "QUAD", "TRANSCRIPTION": true, "CONFIDENCES": false, "CRLF": false, "E2E": true, "CASE_SENSITIVE": true, "RS": true, "AREA_PRECISION_CONSTRAINT": 0.5, "GRANULARITY_PENALTY_WEIGHT": 1.0, "VERTICAL_ASPECT_RATIO_THRES": 2.0, "NUM_WORKERS": 2, "GT_SAMPLE_NAME_2_ID": "([0-9]+)", "DET_SAMPLE_NAME_2_ID": "([0-9]+)", "PER_SAMPLE_RESULTS": true}, "evaluationLog": "GT polygons: 5 (3 don't care) \nDET polygons: 0\n\nFind one-to-one matches\nFind one-to-many matches\nFind many-to-one matches\n<b>Detection | PRECISION\n</b><b>Detection | RECALL\n</b><b># of false positive chars\n</b>0\n=================================\n<b>End-to-End | Recall\n</b><b>End-to-End | Precision\n</b>", "EndtoEnd": {"precision": 0.0, "recall": 0.0, "hmean": 0, "recognition_score": 0.0}, "end2endMat": [[0.0, 0.0], [0.0, 0.0], [0.0, 0.0], [0.0, 0.0], [0.0, 0.0], [0.0, 0.0], [0.0, 0.0]], "gtTrans": ["DOROTHY", "PERKINS", "###", "##", "###"], "detTrans": [], "gtQuery": ["DOROTHY", "PERKINS", "###", "##", "###"], "detQuery": []}