{"Rawdata": {"det_correct_num_recall": 4.0, "det_correct_num_precision": 4.0, "chars_gt": 9, "chars_det": 4.0, "num_splitted": 0, "num_merged": 0, "num_false_positive": 0, "char_missed": 5, "char_overlapped": 0, "char_false_positive": 0, "e2e_correct_num_recall": 4.0, "e2e_correct_num_precision": 4.0, "chars_recog": 14, "e2e_char_missed": 5.0, "e2e_char_false_positive": 10.0, "e2e_recog_score_chars": 14, "e2e_recog_score_correct_num": 4.0}, "Detection": {"precision": 1.0, "recall": 0.4444444444444444, "hmean": 0.6153846153846153}, "pairs": [{"gt": [0], "det": [0], "type": "OO"}], "detectionMat": [[4.0, 4.0, 0.0], [0.0, 0.0, 0.0], [0.0, 0.0, 0.0], [0.0, 0.0, 0.0], [0.0, 0.0, 0.0], [0.0, 0.0, 0.0], [0.0, 0.0, 0.0], [4.0, 0.0, 0.0], [0.0, 0.0, 0.0]], "precisionMat": [[0.6707513450989797], [0.0], [0.0], [0.0], [0.0], [0.0], [0.0]], "gtPolPoints": [[191.0, 65.0, 290.0, 56.0, 296.0, 112.0, 201.0, 125.0], [195.0, 478.0, 287.0, 439.0, 296.0, 472.0, 207.0, 506.0], [1206.0, 164.0, 1263.0, 145.0, 1263.0, 206.0, 1225.0, 220.0], [322.0, 416.0, 353.0, 407.0, 359.0, 441.0, 329.0, 458.0], [732.0, 287.0, 781.0, 278.0, 787.0, 310.0, 739.0, 319.0], [211.0, 506.0, 287.0, 474.0, 289.0, 492.0, 214.0, 522.0], [395.0, 346.0, 411.0, 345.0, 412.0, 352.0, 396.0, 353.0]], "detPolPoints": [[163.0, 63.0, 291.0, 47.0, 300.0, 112.0, 171.0, 128.0]], "gtCharPoints": [[[208.125, 93.625], [232.375, 90.875], [256.625, 88.125], [280.875, 85.375]], [[212.3125, 487.4375], [234.9375, 478.3125], [257.5625, 469.1875], [280.1875, 460.0625]], [[1227.375, 187.875], [1251.125, 179.625]], [[328.55, 435.7], [334.65000000000003, 433.09999999999997], [340.75, 430.5], [346.85, 427.9], [352.95, 425.3]], [[747.625, 300.75], [771.875, 296.25]], [[220.05, 510.9], [235.15, 504.7], [250.25, 498.5], [265.35, 492.29999999999995], [280.45, 486.09999999999997]], [[398.1666666666667, 349.3333333333333], [403.5, 349.0], [408.83333333333337, 348.66666666666663]]], "gtCharCounts": [[1.0, 1.0, 1.0, 1.0], [0.0, 0.0, 0.0, 0.0], [0.0, 0.0], [0.0, 0.0, 0.0, 0.0, 0.0], [0.0, 0.0], [0.0, 0.0, 0.0, 0.0, 0.0], [0.0, 0.0, 0.0]], "gtDontCare": [1, 2, 4, 5, 6], "detDontCare": [], "evaluationParams": {"GT_PATH": "gt/gt_IC15.zip", "SUBMIT_PATH": "result/result_paddleOCR_IC15.zip", "OUTPUT_PATH": "output/", "PORT": 8080, "BOX_TYPE": "QUAD", "TRANSCRIPTION": true, "CONFIDENCES": false, "CRLF": false, "E2E": true, "CASE_SENSITIVE": true, "RS": true, "AREA_PRECISION_CONSTRAINT": 0.5, "GRANULARITY_PENALTY_WEIGHT": 1.0, "VERTICAL_ASPECT_RATIO_THRES": 2.0, "NUM_WORKERS": 2, "GT_SAMPLE_NAME_2_ID": "([0-9]+)", "DET_SAMPLE_NAME_2_ID": "([0-9]+)", "PER_SAMPLE_RESULTS": true}, "evaluationLog": "GT polygons: 7 (5 don't care) \nDET polygons: 1\n\nFind one-to-one matches\nMatch GT #0 with Det #0\nFind one-to-many matches\nFind many-to-one matches\n<b>Detection | PRECISION\n</b><b>Detection | RECALL\n</b><b># of false positive chars\n</b>0\n=================================\n<b>End-to-End | Recall\n</b><b>End-to-End | Precision\n</b>", "EndtoEnd": {"precision": 0.2857142857142857, "recall": 0.4444444444444444, "hmean": 0.34782608695652173, "recognition_score": 0.2857142857142857}, "end2endMat": [[0.0, 4.0, 0.0], [0.0, 0.0, 0.0], [0.0, 0.0, 0.0], [0.0, 0.0, 0.0], [0.0, 0.0, 0.0], [0.0, 0.0, 0.0], [0.0, 0.0, 0.0], [4.0, 0.0, 0.0], [0.0, 0.0, 0.0]], "gtTrans": ["EXIT", "####", "##", "$8.80", "##", "#####", "###"], "detTrans": ["EXIT,0.9985003"], "gtQuery": ["EXIT", "####", "##", "$8.80", "##", "#####", "###"], "detQuery": ["EXIT,0.9985003"]}