{"Rawdata": {"det_correct_num_recall": 0.0, "det_correct_num_precision": 0.0, "chars_gt": 21, "chars_det": 0, "num_splitted": 0, "num_merged": 0, "num_false_positive": 0, "char_missed": 21, "char_overlapped": 0, "char_false_positive": 0, "e2e_correct_num_recall": 0.0, "e2e_correct_num_precision": 0.0, "chars_recog": 0, "e2e_char_missed": 21.0, "e2e_char_false_positive": 0.0, "e2e_recog_score_chars": 0, "e2e_recog_score_correct_num": 0.0}, "Detection": {"precision": 0.0, "recall": 0.0, "hmean": 0}, "pairs": [], "detectionMat": [[0.0, 0.0], [0.0, 0.0], [0.0, 0.0], [0.0, 0.0], [0.0, 0.0], [0.0, 0.0], [0.0, 0.0], [0.0, 0.0], [0.0, 0.0], [0.0, 0.0], [0.0, 0.0], [0.0, 0.0], [0.0, 0.0], [0.0, 0.0], [0.0, 0.0]], "precisionMat": [[], [], [], [], [], [], [], [], [], [], [], [], []], "gtPolPoints": [[791.0, 259.0, 879.0, 261.0, 879.0, 295.0, 791.0, 293.0], [798.0, 293.0, 832.0, 293.0, 830.0, 306.0, 796.0, 306.0], [833.0, 296.0, 877.0, 295.0, 877.0, 307.0, 833.0, 308.0], [734.0, 58.0, 771.0, 40.0, 773.0, 65.0, 736.0, 83.0], [652.0, 103.0, 675.0, 92.0, 675.0, 113.0, 652.0, 124.0], [599.0, 132.0, 614.0, 126.0, 612.0, 142.0, 597.0, 148.0], [600.0, 163.0, 622.0, 168.0, 621.0, 179.0, 599.0, 174.0], [688.0, 188.0, 702.0, 190.0, 700.0, 283.0, 686.0, 281.0], [429.0, 173.0, 497.0, 180.0, 497.0, 217.0, 429.0, 210.0], [499.0, 186.0, 535.0, 189.0, 533.0, 215.0, 497.0, 212.0], [1055.0, 153.0, 1084.0, 149.0, 1084.0, 161.0, 1055.0, 165.0], [1110.0, 241.0, 1130.0, 242.0, 1129.0, 253.0, 1109.0, 252.0], [969.0, 238.0, 1012.0, 239.0, 1014.0, 252.0, 971.0, 251.0]], "detPolPoints": [], "gtCharPoints": [[[802.0, 276.25], [824.0, 276.75], [846.0, 277.25], [868.0, 277.75]], [[802.6666666666666, 299.5], [814.0, 299.5], [825.3333333333333, 299.5]], [[838.5, 301.875], [849.5, 301.625], [860.5, 301.375], [871.5, 301.125]], [[739.625, 68.25], [748.875, 63.75], [758.125, 59.25], [767.375, 54.75]], [[654.875, 112.125], [660.625, 109.375], [666.375, 106.625], [672.125, 103.875]], [[601.75, 138.5], [609.25, 135.5]], [[603.1666666666666, 169.33333333333334], [610.5, 171.0], [617.8333333333333, 172.66666666666669]], [[693.1428571428571, 275.35714285714283], [693.4285714285714, 262.07142857142856], [693.7142857142857, 248.78571428571425], [694.0, 235.49999999999997], [694.2857142857142, 222.2142857142857], [694.5714285714286, 208.9285714285714], [694.8571428571428, 195.6428571428571]], [[434.6666666666667, 192.08333333333334], [446.0, 193.25], [457.33333333333337, 194.41666666666669], [468.6666666666667, 195.58333333333334], [480.0, 196.75], [491.33333333333337, 197.91666666666669]], [[507.0, 199.75], [525.0, 201.25]], [[1059.8333333333333, 158.33333333333334], [1069.5, 157.0], [1079.1666666666665, 155.66666666666669]], [[1114.5, 246.75], [1124.5, 247.25]], [[975.375, 244.625], [986.125, 244.875], [996.875, 245.125], [1007.625, 245.375]]], "gtCharCounts": [0.0, 0.0, 0.0, 0.0, 0.0, 0.0, 0.0, 0.0, 0.0, 0.0, 0.0, 0.0, 0.0], "gtDontCare": [2, 5, 6, 7, 9, 10, 11, 12], "detDontCare": [], "evaluationParams": {"GT_PATH": "gt/gt_IC15.zip", "SUBMIT_PATH": "result/result_paddleOCR_IC15.zip", "OUTPUT_PATH": "output/", "PORT": 8080, "BOX_TYPE": "QUAD", "TRANSCRIPTION": true, "CONFIDENCES": false, "CRLF": false, "E2E": true, "CASE_SENSITIVE": true, "RS": true, "AREA_PRECISION_CONSTRAINT": 0.5, "GRANULARITY_PENALTY_WEIGHT": 1.0, "VERTICAL_ASPECT_RATIO_THRES": 2.0, "NUM_WORKERS": 2, "GT_SAMPLE_NAME_2_ID": "([0-9]+)", "DET_SAMPLE_NAME_2_ID": "([0-9]+)", "PER_SAMPLE_RESULTS": true}, "evaluationLog": "GT polygons: 13 (8 don't care) \nDET polygons: 0\n\nFind one-to-one matches\nFind one-to-many matches\nFind many-to-one matches\n<b>Detection | PRECISION\n</b><b>Detection | RECALL\n</b><b># of false positive chars\n</b>0\n=================================\n<b>End-to-End | Recall\n</b><b>End-to-End | Precision\n</b>", "EndtoEnd": {"precision": 0.0, "recall": 0.0, "hmean": 0, "recognition_score": 0.0}, "end2endMat": [[0.0, 0.0], [0.0, 0.0], [0.0, 0.0], [0.0, 0.0], [0.0, 0.0], [0.0, 0.0], [0.0, 0.0], [0.0, 0.0], [0.0, 0.0], [0.0, 0.0], [0.0, 0.0], [0.0, 0.0], [0.0, 0.0], [0.0, 0.0], [0.0, 0.0]], "gtTrans": ["SALE", "NOW", "####", "SALE", "SALE", "##", "###", "#######", "Haagen", "##", "###", "##", "####"], "detTrans": [], "gtQuery": ["SALE", "NOW", "####", "SALE", "SALE", "##", "###", "#######", "Haagen", "##", "###", "##", "####"], "detQuery": []}