{"Rawdata": {"det_correct_num_recall": 6.0, "det_correct_num_precision": 6.0, "chars_gt": 12, "chars_det": 6.0, "num_splitted": 0, "num_merged": 0, "num_false_positive": 0, "char_missed": 6, "char_overlapped": 0, "char_false_positive": 0, "e2e_correct_num_recall": 2.0, "e2e_correct_num_precision": 2.0, "chars_recog": 13, "e2e_char_missed": 10.0, "e2e_char_false_positive": 11.0, "e2e_recog_score_chars": 13, "e2e_recog_score_correct_num": 2.0}, "Detection": {"precision": 1.0, "recall": 0.5, "hmean": 0.6666666666666666}, "pairs": [{"gt": [6], "det": [0], "type": "OO"}], "detectionMat": [[0.0, 0.0, 0.0], [0.0, 0.0, 0.0], [0.0, 0.0, 0.0], [0.0, 0.0, 0.0], [0.0, 0.0, 0.0], [0.0, 0.0, 0.0], [6.0, 6.0, 0.0], [6.0, 0.0, 0.0], [0.0, 0.0, 0.0]], "precisionMat": [[0.0], [0.0], [0.0], [0.0], [0.0], [0.0], [0.8749403707648803]], "gtPolPoints": [[232.0, 578.0, 290.0, 575.0, 285.0, 596.0, 227.0, 599.0], [1067.0, 364.0, 1152.0, 363.0, 1152.0, 385.0, 1067.0, 386.0], [233.0, 429.0, 255.0, 430.0, 253.0, 446.0, 232.0, 445.0], [260.0, 430.0, 290.0, 430.0, 287.0, 445.0, 257.0, 445.0], [292.0, 421.0, 341.0, 421.0, 337.0, 441.0, 288.0, 441.0], [288.0, 575.0, 322.0, 571.0, 318.0, 594.0, 285.0, 598.0], [16.0, 1.0, 253.0, 191.0, 238.0, 290.0, 0.0, 100.0]], "detPolPoints": [[37.0, 20.0, 273.0, 178.0, 221.0, 256.0, 0.0, 97.0]], "gtCharPoints": [[[234.33333333333334, 588.25], [244.0, 587.75], [253.66666666666669, 587.25], [263.33333333333337, 586.75], [273.0, 586.25], [282.6666666666667, 585.75]], [[1077.625, 374.875], [1098.875, 374.625], [1120.125, 374.375], [1141.375, 374.125]], [[237.875, 437.25], [248.625, 437.75]], [[266.0, 437.5], [281.0, 437.5]], [[298.1666666666667, 431.0], [314.5, 431.0], [330.83333333333337, 431.0]], [[294.875, 585.5], [311.625, 583.5]], [[27.791666666666668, 66.33333333333333], [67.375, 98.0], [106.95833333333334, 129.66666666666666], [146.54166666666666, 161.33333333333331], [186.125, 193.0], [225.70833333333334, 224.66666666666669]]], "gtCharCounts": [[0.0, 0.0, 0.0, 0.0, 0.0, 0.0], [0.0, 0.0, 0.0, 0.0], [0.0, 0.0], [0.0, 0.0], [0.0, 0.0, 0.0], [0.0, 0.0], [1.0, 1.0, 1.0, 1.0, 1.0, 1.0]], "gtDontCare": [1, 2, 3, 4, 5], "detDontCare": [], "evaluationParams": {"GT_PATH": "gt/gt_IC15.zip", "SUBMIT_PATH": "result/result_paddleOCR_IC15.zip", "OUTPUT_PATH": "output/", "PORT": 8080, "BOX_TYPE": "QUAD", "TRANSCRIPTION": true, "CONFIDENCES": false, "CRLF": false, "E2E": true, "CASE_SENSITIVE": true, "RS": true, "AREA_PRECISION_CONSTRAINT": 0.5, "GRANULARITY_PENALTY_WEIGHT": 1.0, "VERTICAL_ASPECT_RATIO_THRES": 2.0, "NUM_WORKERS": 2, "GT_SAMPLE_NAME_2_ID": "([0-9]+)", "DET_SAMPLE_NAME_2_ID": "([0-9]+)", "PER_SAMPLE_RESULTS": true}, "evaluationLog": "GT polygons: 7 (5 don't care) \nDET polygons: 1\n\nFind one-to-one matches\nMatch GT #6 with Det #0\nFind one-to-many matches\nFind many-to-one matches\n<b>Detection | PRECISION\n</b><b>Detection | RECALL\n</b><b># of false positive chars\n</b>0\n=================================\n<b>End-to-End | Recall\n</b><b>End-to-End | Precision\n</b>", "EndtoEnd": {"precision": 0.15384615384615385, "recall": 0.16666666666666666, "hmean": 0.16, "recognition_score": 0.15384615384615385}, "end2endMat": [[0.0, 0.0, 0.0], [0.0, 0.0, 0.0], [0.0, 0.0, 0.0], [0.0, 0.0, 0.0], [0.0, 0.0, 0.0], [0.0, 0.0, 0.0], [0.0, 2.0, 0.0], [2.0, 0.0, 0.0], [0.0, 0.0, 0.0]], "gtTrans": ["GALAXY", "####", "##", "##", "###", "##", "AMSUNG"], "detTrans": ["SUS,0.5415722"], "gtQuery": ["GALAXY", "####", "##", "##", "###", "##", "AMSUNG"], "detQuery": ["SUS,0.5415722"]}