{"Rawdata": {"det_correct_num_recall": 0.0, "det_correct_num_precision": 0.0, "chars_gt": 8, "chars_det": 0, "num_splitted": 0, "num_merged": 0, "num_false_positive": 0, "char_missed": 8, "char_overlapped": 0, "char_false_positive": 0, "e2e_correct_num_recall": 0.0, "e2e_correct_num_precision": 0.0, "chars_recog": 0, "e2e_char_missed": 8.0, "e2e_char_false_positive": 0.0, "e2e_recog_score_chars": 0, "e2e_recog_score_correct_num": 0.0}, "Detection": {"precision": 0.0, "recall": 0.0, "hmean": 0}, "pairs": [], "detectionMat": [[0.0, 0.0], [0.0, 0.0], [0.0, 0.0], [0.0, 0.0], [0.0, 0.0]], "precisionMat": [[], [], []], "gtPolPoints": [[1135.0, 67.0, 1246.0, 56.0, 1246.0, 74.0, 1138.0, 84.0], [1023.0, 2.0, 1157.0, 0.0, 1158.0, 29.0, 1008.0, 68.0], [708.0, 120.0, 735.0, 122.0, 734.0, 134.0, 709.0, 132.0]], "detPolPoints": [], "gtCharPoints": [[[1143.34375, 74.84375], [1157.03125, 73.53125], [1170.71875, 72.21875], [1184.40625, 70.90625], [1198.09375, 69.59375], [1211.78125, 68.28125], [1225.46875, 66.96875], [1239.15625, 65.65625]], [[1039.1666666666667, 31.583333333333332], [1086.5, 24.75], [1133.8333333333335, 17.916666666666664]], [[712.8333333333334, 126.33333333333333], [721.5, 127.0], [730.1666666666667, 127.66666666666666]]], "gtCharCounts": [0.0, 0.0, 0.0], "gtDontCare": [1, 2], "detDontCare": [], "evaluationParams": {"GT_PATH": "gt/gt_IC15.zip", "SUBMIT_PATH": "result/result_paddleOCR_IC15.zip", "OUTPUT_PATH": "output/", "PORT": 8080, "BOX_TYPE": "QUAD", "TRANSCRIPTION": true, "CONFIDENCES": false, "CRLF": false, "E2E": true, "CASE_SENSITIVE": true, "RS": true, "AREA_PRECISION_CONSTRAINT": 0.5, "GRANULARITY_PENALTY_WEIGHT": 1.0, "VERTICAL_ASPECT_RATIO_THRES": 2.0, "NUM_WORKERS": 2, "GT_SAMPLE_NAME_2_ID": "([0-9]+)", "DET_SAMPLE_NAME_2_ID": "([0-9]+)", "PER_SAMPLE_RESULTS": true}, "evaluationLog": "GT polygons: 3 (2 don't care) \nDET polygons: 0\n\nFind one-to-one matches\nFind one-to-many matches\nFind many-to-one matches\n<b>Detection | PRECISION\n</b><b>Detection | RECALL\n</b><b># of false positive chars\n</b>0\n=================================\n<b>End-to-End | Recall\n</b><b>End-to-End | Precision\n</b>", "EndtoEnd": {"precision": 0.0, "recall": 0.0, "hmean": 0, "recognition_score": 0.0}, "end2endMat": [[0.0, 0.0], [0.0, 0.0], [0.0, 0.0], [0.0, 0.0], [0.0, 0.0]], "gtTrans": ["SINCLARE", "###", "###"], "detTrans": [], "gtQuery": ["SINCLARE", "###", "###"], "detQuery": []}