{"Rawdata": {"det_correct_num_recall": 0.0, "det_correct_num_precision": 0.0, "chars_gt": 4, "chars_det": 3.0, "num_splitted": 0, "num_merged": 0, "num_false_positive": 1, "char_missed": 4, "char_overlapped": 0, "char_false_positive": 3, "e2e_correct_num_recall": 0.0, "e2e_correct_num_precision": 0.0, "chars_recog": 15, "e2e_char_missed": 4.0, "e2e_char_false_positive": 15.0, "e2e_recog_score_chars": 0, "e2e_recog_score_correct_num": 0.0}, "Detection": {"precision": 0.0, "recall": 0.0, "hmean": 0}, "pairs": [], "detectionMat": [[0.0, 0.0, 0.0], [0.0, 0.0, 0.0], [0.0, 0.0, 0.0], [0.0, 0.0, 0.0], [0.0, 0.0, 0.0], [0.0, 0.0, 0.0]], "precisionMat": [[0.34647556410115715], [0.43890395470829374], [0.0], [0.0]], "gtPolPoints": [[10.0, 19.0, 97.0, 38.0, 89.0, 126.0, 3.0, 107.0], [103.0, 61.0, 223.0, 94.0, 220.0, 170.0, 100.0, 137.0], [409.0, 190.0, 442.0, 200.0, 441.0, 232.0, 408.0, 222.0], [586.0, 136.0, 656.0, 130.0, 658.0, 161.0, 588.0, 167.0]], "detPolPoints": [[19.0, 19.0, 245.0, 93.0, 216.0, 180.0, 0.0, 106.0]], "gtCharPoints": [[[28.125, 67.75], [71.375, 77.25]], [[116.5, 103.125], [146.5, 111.375], [176.5, 119.625], [206.5, 127.875]], [[416.75, 208.5], [433.25, 213.5]], [[598.6666666666666, 150.5], [622.0, 148.5], [645.3333333333333, 146.5]]], "gtCharCounts": [[0.0, 0.0], [0.0, 0.0, 0.0, 0.0], [0.0, 0.0], [0.0, 0.0, 0.0]], "gtDontCare": [0, 2, 3], "detDontCare": [], "evaluationParams": {"GT_PATH": "gt/gt_IC15.zip", "SUBMIT_PATH": "result/result_paddleOCR_IC15.zip", "OUTPUT_PATH": "output/", "PORT": 8080, "BOX_TYPE": "QUAD", "TRANSCRIPTION": true, "CONFIDENCES": false, "CRLF": false, "E2E": true, "CASE_SENSITIVE": true, "RS": true, "AREA_PRECISION_CONSTRAINT": 0.5, "GRANULARITY_PENALTY_WEIGHT": 1.0, "VERTICAL_ASPECT_RATIO_THRES": 2.0, "NUM_WORKERS": 2, "GT_SAMPLE_NAME_2_ID": "([0-9]+)", "DET_SAMPLE_NAME_2_ID": "([0-9]+)", "PER_SAMPLE_RESULTS": true}, "evaluationLog": "GT polygons: 4 (3 don't care) \nDET polygons: 1\n\nFind one-to-one matches\nFind one-to-many matches\nFind many-to-one matches\n<b>Detection | PRECISION\n</b><b>Detection | RECALL\n</b><b># of false positive chars\n</b>3\n=================================\n<b>End-to-End | Recall\n</b><b>End-to-End | Precision\n</b>", "EndtoEnd": {"precision": 0.0, "recall": 0.0, "hmean": 0, "recognition_score": 0.0}, "end2endMat": [[0.0, 0.0, 0.0], [0.0, 0.0, 0.0], [0.0, 0.0, 0.0], [0.0, 0.0, 0.0], [0.0, 0.0, 0.0], [0.0, 0.0, 0.0]], "gtTrans": ["##", "SHOP", "##", "###"], "detTrans": ["DYSHOP,0.931137"], "gtQuery": ["##", "SHOP", "##", "###"], "detQuery": ["DYSHOP,0.931137"]}