{"Rawdata": {"det_correct_num_recall": 13.0, "det_correct_num_precision": 13.0, "chars_gt": 19, "chars_det": 13.0, "num_splitted": 0, "num_merged": 0, "num_false_positive": 0, "char_missed": 6, "char_overlapped": 0, "char_false_positive": 0, "e2e_correct_num_recall": 12.0, "e2e_correct_num_precision": 12.0, "chars_recog": 35, "e2e_char_missed": 7.0, "e2e_char_false_positive": 23.0, "e2e_recog_score_chars": 35, "e2e_recog_score_correct_num": 12.0}, "Detection": {"precision": 1.0, "recall": 0.6842105263157895, "hmean": 0.8125000000000001}, "pairs": [{"gt": [0], "det": [0], "type": "OO"}, {"gt": [1], "det": [1], "type": "OO"}], "detectionMat": [[8.0, 0.0, 8.0, 0.0], [0.0, 5.0, 5.0, 0.0], [0.0, 0.0, 0.0, 0.0], [0.0, 0.0, 0.0, 0.0], [0.0, 0.0, 0.0, 0.0], [0.0, 0.0, 0.0, 0.0], [8.0, 5.0, 0.0, 0.0], [0.0, 0.0, 0.0, 0.0]], "precisionMat": [[0.9520138048349636, 0.0], [0.0, 0.8670838453068417], [0.0, 0.10117641657008603], [0.0, 0.0], [0.0, 0.0], [0.0, 0.0]], "gtPolPoints": [[22.0, 176.0, 127.0, 213.0, 123.0, 235.0, 18.0, 203.0], [221.0, 211.0, 270.0, 231.0, 268.0, 256.0, 216.0, 238.0], [270.0, 231.0, 281.0, 235.0, 280.0, 261.0, 269.0, 256.0], [281.0, 237.0, 322.0, 251.0, 321.0, 273.0, 280.0, 260.0], [245.0, 337.0, 276.0, 336.0, 277.0, 364.0, 245.0, 363.0], [337.0, 264.0, 356.0, 273.0, 360.0, 280.0, 338.0, 276.0]], "detPolPoints": [[26.0, 179.0, 126.0, 209.0, 119.0, 233.0, 19.0, 203.0], [224.0, 213.0, 280.0, 234.0, 271.0, 258.0, 215.0, 237.0]], "gtCharPoints": [[[26.5625, 191.65625], [39.6875, 195.96875], [52.8125, 200.28125], [65.9375, 204.59375], [79.0625, 208.90625], [92.1875, 213.21875], [105.3125, 217.53125], [118.4375, 221.84375]], [[223.55, 226.4], [233.65, 230.20000000000002], [243.75, 234.0], [253.85000000000002, 237.8], [263.95, 241.6]], [[274.6666666666667, 254.25], [275.0, 245.75], [275.33333333333337, 237.25]], [[283.9166666666667, 249.625], [290.75, 251.875], [297.58333333333337, 254.125], [304.4166666666667, 256.375], [311.25, 258.625], [318.08333333333337, 260.875]], [[252.875, 350.0], [268.625, 350.0]], [[340.9166666666667, 271.0833333333333], [347.75, 273.25], [354.58333333333337, 275.41666666666663]]], "gtCharCounts": [[1.0, 1.0, 1.0, 1.0, 1.0, 1.0, 1.0, 1.0], [1.0, 1.0, 1.0, 1.0, 1.0], [0.0, 0.0, 0.0], [0.0, 0.0, 0.0, 0.0, 0.0, 0.0], [0.0, 0.0], [0.0, 0.0, 0.0]], "gtDontCare": [2, 4, 5], "detDontCare": [], "evaluationParams": {"GT_PATH": "gt/gt_IC15.zip", "SUBMIT_PATH": "result/result_paddleOCR_IC15.zip", "OUTPUT_PATH": "output/", "PORT": 8080, "BOX_TYPE": "QUAD", "TRANSCRIPTION": true, "CONFIDENCES": false, "CRLF": false, "E2E": true, "CASE_SENSITIVE": true, "RS": true, "AREA_PRECISION_CONSTRAINT": 0.5, "GRANULARITY_PENALTY_WEIGHT": 1.0, "VERTICAL_ASPECT_RATIO_THRES": 2.0, "NUM_WORKERS": 2, "GT_SAMPLE_NAME_2_ID": "([0-9]+)", "DET_SAMPLE_NAME_2_ID": "([0-9]+)", "PER_SAMPLE_RESULTS": true}, "evaluationLog": "GT polygons: 6 (3 don't care) \nDET polygons: 2\n\nFind one-to-one matches\nMatch GT #0 with Det #0\nMatch GT #1 with Det #1\nFind one-to-many matches\nFind many-to-one matches\n<b>Detection | PRECISION\n</b><b>Detection | RECALL\n</b><b># of false positive chars\n</b>0\n=================================\n<b>End-to-End | Recall\n</b><b>End-to-End | Precision\n</b>", "EndtoEnd": {"precision": 0.34285714285714286, "recall": 0.631578947368421, "hmean": 0.4444444444444445, "recognition_score": 0.34285714285714286}, "end2endMat": [[0.0, 0.0, 8.0, 0.0], [0.0, 0.0, 4.0, 0.0], [0.0, 0.0, 0.0, 0.0], [0.0, 0.0, 0.0, 0.0], [0.0, 0.0, 0.0, 0.0], [0.0, 0.0, 0.0, 0.0], [8.0, 4.0, 0.0, 0.0], [0.0, 0.0, 0.0, 0.0]], "gtTrans": ["MULBERRY", "BREAD", "###", "BUTTER", "##", "###"], "detTrans": ["MULBERRY,0.9677863", "BREAOT,0.93486816"], "gtQuery": ["MULBERRY", "BREAD", "###", "BUTTER", "##", "###"], "detQuery": ["MULBERRY,0.9677863", "BREAOT,0.93486816"]}