{"Rawdata": {"det_correct_num_recall": 0.0, "det_correct_num_precision": 0.0, "chars_gt": 7, "chars_det": 0, "num_splitted": 0, "num_merged": 0, "num_false_positive": 0, "char_missed": 7, "char_overlapped": 0, "char_false_positive": 0, "e2e_correct_num_recall": 0.0, "e2e_correct_num_precision": 0.0, "chars_recog": 0, "e2e_char_missed": 7.0, "e2e_char_false_positive": 0.0, "e2e_recog_score_chars": 0, "e2e_recog_score_correct_num": 0.0}, "Detection": {"precision": 0.0, "recall": 0.0, "hmean": 0}, "pairs": [], "detectionMat": [[0.0, 0.0], [0.0, 0.0], [0.0, 0.0], [0.0, 0.0], [0.0, 0.0], [0.0, 0.0]], "precisionMat": [[], [], [], []], "gtPolPoints": [[941.0, 110.0, 1043.0, 109.0, 1050.0, 249.0, 948.0, 250.0], [1040.0, 153.0, 1171.0, 155.0, 1178.0, 248.0, 1044.0, 248.0], [1095.0, 386.0, 1174.0, 357.0, 1178.0, 423.0, 1101.0, 475.0], [819.0, 235.0, 880.0, 234.0, 880.0, 248.0, 820.0, 249.0]], "detPolPoints": [], "gtCharPoints": [[[961.5, 179.83333333333334], [995.5, 179.5], [1029.5, 179.16666666666669]], [[1058.5625, 200.625], [1091.6875, 200.875], [1124.8125, 201.125], [1157.9375, 201.375]], [[1117.5, 420.375], [1156.5, 400.125]], [[825.55, 241.9], [837.65, 241.70000000000002], [849.75, 241.5], [861.8499999999999, 241.3], [873.9499999999999, 241.1]]], "gtCharCounts": [0.0, 0.0, 0.0, 0.0], "gtDontCare": [2, 3], "detDontCare": [], "evaluationParams": {"GT_PATH": "gt/gt_IC15.zip", "SUBMIT_PATH": "result/result_paddleOCR_IC15.zip", "OUTPUT_PATH": "output/", "PORT": 8080, "BOX_TYPE": "QUAD", "TRANSCRIPTION": true, "CONFIDENCES": false, "CRLF": false, "E2E": true, "CASE_SENSITIVE": true, "RS": true, "AREA_PRECISION_CONSTRAINT": 0.5, "GRANULARITY_PENALTY_WEIGHT": 1.0, "VERTICAL_ASPECT_RATIO_THRES": 2.0, "NUM_WORKERS": 2, "GT_SAMPLE_NAME_2_ID": "([0-9]+)", "DET_SAMPLE_NAME_2_ID": "([0-9]+)", "PER_SAMPLE_RESULTS": true}, "evaluationLog": "GT polygons: 4 (2 don't care) \nDET polygons: 0\n\nFind one-to-one matches\nFind one-to-many matches\nFind many-to-one matches\n<b>Detection | PRECISION\n</b><b>Detection | RECALL\n</b><b># of false positive chars\n</b>0\n=================================\n<b>End-to-End | Recall\n</b><b>End-to-End | Precision\n</b>", "EndtoEnd": {"precision": 0.0, "recall": 0.0, "hmean": 0, "recognition_score": 0.0}, "end2endMat": [[0.0, 0.0], [0.0, 0.0], [0.0, 0.0], [0.0, 0.0], [0.0, 0.0], [0.0, 0.0]], "gtTrans": ["end", "seas", "##", "#####"], "detTrans": [], "gtQuery": ["end", "seas", "##", "#####"], "detQuery": []}