{"Rawdata": {"det_correct_num_recall": 19.0, "det_correct_num_precision": 18.0, "chars_gt": 22, "chars_det": 19.0, "num_splitted": 0, "num_merged": 1, "num_false_positive": 0, "char_missed": 3, "char_overlapped": 0, "char_false_positive": 0, "e2e_correct_num_recall": 19.0, "e2e_correct_num_precision": 18.0, "chars_recog": 40, "e2e_char_missed": 3.0, "e2e_char_false_positive": 21.0, "e2e_recog_score_chars": 40, "e2e_recog_score_correct_num": 19.0}, "Detection": {"precision": 0.9473684210526315, "recall": 0.8636363636363636, "hmean": 0.9035667107001321}, "pairs": [{"gt": [0], "det": [0], "type": "OO"}, {"gt": [2], "det": [1], "type": "OO"}, {"gt": [0, 1], "det": [0], "type": "MO"}], "detectionMat": [[5.0, 0.0, 5.0, 0.0], [5.0, 0.0, 5.0, 0.0], [0.0, 9.0, 9.0, 0.0], [0.0, 0.0, 0.0, 0.0], [0.0, 0.0, 0.0, 0.0], [0.0, 0.0, 0.0, 0.0], [10.0, 9.0, 0.0, 0.0], [1.0, 0.0, 0.0, 0.0]], "precisionMat": [[0.5060175998401555, 0.0], [0.4091430359942475, 0.0], [0.0, 0.9752119355885902], [0.0, 0.0], [0.0, 0.0], [0.0, 0.0]], "gtPolPoints": [[2.0, 284.0, 223.0, 268.0, 229.0, 328.0, 15.0, 349.0], [227.0, 263.0, 414.0, 257.0, 411.0, 308.0, 252.0, 321.0], [945.0, 283.0, 1148.0, 228.0, 1165.0, 278.0, 954.0, 324.0], [1148.0, 577.0, 1210.0, 573.0, 1208.0, 609.0, 1155.0, 602.0], [757.0, 511.0, 794.0, 504.0, 797.0, 517.0, 763.0, 524.0], [762.0, 498.0, 791.0, 488.0, 805.0, 507.0, 760.0, 512.0]], "detPolPoints": [[17.0, 281.0, 406.0, 250.0, 411.0, 308.0, 21.0, 339.0], [940.0, 285.0, 1146.0, 238.0, 1155.0, 274.0, 948.0, 321.0]], "gtCharPoints": [[[30.25, 314.65], [73.75, 310.95], [117.25, 307.25], [160.75, 303.54999999999995], [204.25, 299.84999999999997]], [[256.8, 291.05], [291.40000000000003, 289.15000000000003], [326.0, 287.25], [360.6, 285.35], [395.20000000000005, 283.45]], [[961.0, 300.69444444444446], [984.0, 295.08333333333337], [1007.0, 289.47222222222223], [1030.0, 283.86111111111114], [1053.0, 278.25], [1076.0, 272.6388888888889], [1099.0, 267.02777777777777], [1122.0, 261.4166666666667], [1145.0, 255.80555555555557]], [[1161.0833333333333, 589.75], [1180.25, 590.25], [1199.4166666666665, 590.75]], [[765.9166666666666, 516.3333333333334], [777.75, 514.0], [789.5833333333333, 511.6666666666667]], [[767.1666666666666, 503.75], [779.5, 501.25], [791.8333333333333, 498.75]]], "gtCharCounts": [[1.0, 1.0, 1.0, 1.0, 1.0], [1.0, 1.0, 1.0, 1.0, 1.0], [1.0, 1.0, 1.0, 1.0, 1.0, 1.0, 1.0, 1.0, 1.0], [0.0, 0.0, 0.0], [0.0, 0.0, 0.0], [0.0, 0.0, 0.0]], "gtDontCare": [4, 5], "detDontCare": [], "evaluationParams": {"GT_PATH": "gt/gt_IC15.zip", "SUBMIT_PATH": "result/result_paddleOCR_IC15.zip", "OUTPUT_PATH": "output/", "PORT": 8080, "BOX_TYPE": "QUAD", "TRANSCRIPTION": true, "CONFIDENCES": false, "CRLF": false, "E2E": true, "CASE_SENSITIVE": true, "RS": true, "AREA_PRECISION_CONSTRAINT": 0.5, "GRANULARITY_PENALTY_WEIGHT": 1.0, "VERTICAL_ASPECT_RATIO_THRES": 2.0, "NUM_WORKERS": 2, "GT_SAMPLE_NAME_2_ID": "([0-9]+)", "DET_SAMPLE_NAME_2_ID": "([0-9]+)", "PER_SAMPLE_RESULTS": true}, "evaluationLog": "GT polygons: 6 (2 don't care) \nDET polygons: 2\n\nFind one-to-one matches\nMatch GT #0 with Det #0\nMatch GT #2 with Det #1\nFind one-to-many matches\nFind many-to-one matches\nMatch GT #[0, 1] with Det #0\n<b>Detection | PRECISION\n</b><b>Detection | RECALL\n</b><b># of false positive chars\n</b>0\n=================================\n<b>End-to-End | Recall\n</b><b>End-to-End | Precision\n</b>", "EndtoEnd": {"precision": 0.45, "recall": 0.8636363636363636, "hmean": 0.5916955017301038, "recognition_score": 0.475}, "end2endMat": [[0.0, 0.0, 5.0, 0.0], [0.0, 0.0, 5.0, 0.0], [0.0, 0.0, 9.0, 0.0], [0.0, 0.0, 0.0, 0.0], [0.0, 0.0, 0.0, 0.0], [0.0, 0.0, 0.0, 0.0], [10.0, 9.0, 0.0, 0.0], [1.0, 0.0, 0.0, 0.0]], "gtTrans": ["COCOA", "TREES", "TOBLERONE", "m&m", "###", "###"], "detTrans": ["COCOA TREES,0.9687605", "TOBLERONE,0.9978229"], "gtQuery": ["COCOA", "TREES", "TOBLERONE", "m&m", "###", "###"], "detQuery": ["COCOA TREES,0.9687605", "TOBLERONE,0.9978229"]}