{"Rawdata": {"det_correct_num_recall": 0.0, "det_correct_num_precision": 0.0, "chars_gt": 19, "chars_det": 0, "num_splitted": 0, "num_merged": 0, "num_false_positive": 0, "char_missed": 19, "char_overlapped": 0, "char_false_positive": 0, "e2e_correct_num_recall": 0.0, "e2e_correct_num_precision": 0.0, "chars_recog": 0, "e2e_char_missed": 19.0, "e2e_char_false_positive": 0.0, "e2e_recog_score_chars": 0, "e2e_recog_score_correct_num": 0.0}, "Detection": {"precision": 0.0, "recall": 0.0, "hmean": 0}, "pairs": [], "detectionMat": [[0.0, 0.0], [0.0, 0.0], [0.0, 0.0], [0.0, 0.0], [0.0, 0.0]], "precisionMat": [[], [], []], "gtPolPoints": [[1070.0, 552.0, 1152.0, 542.0, 1150.0, 705.0, 1072.0, 690.0], [1069.0, 347.0, 1142.0, 342.0, 1142.0, 546.0, 1073.0, 545.0], [1059.0, 174.0, 1122.0, 168.0, 1142.0, 335.0, 1065.0, 339.0]], "detPolPoints": [], "gtCharPoints": [[[1079.0, 621.25], [1095.0, 621.75], [1111.0, 622.25], [1127.0, 622.75], [1143.0, 623.25]], [[1107.357142857143, 531.1428571428571], [1107.0714285714287, 502.4285714285714], [1106.7857142857142, 473.71428571428567], [1106.5, 445.0], [1106.2142857142858, 416.2857142857142], [1105.9285714285716, 387.57142857142856], [1105.642857142857, 358.85714285714283]], [[1102.5714285714287, 325.14285714285717], [1100.7142857142858, 301.42857142857144], [1098.857142857143, 277.7142857142857], [1097.0, 254.00000000000003], [1095.1428571428573, 230.2857142857143], [1093.2857142857144, 206.57142857142858], [1091.4285714285716, 182.8571428571429]]], "gtCharCounts": [0.0, 0.0, 0.0], "gtDontCare": [], "detDontCare": [], "evaluationParams": {"GT_PATH": "gt/gt_IC15.zip", "SUBMIT_PATH": "result/result_paddleOCR_IC15.zip", "OUTPUT_PATH": "output/", "PORT": 8080, "BOX_TYPE": "QUAD", "TRANSCRIPTION": true, "CONFIDENCES": false, "CRLF": false, "E2E": true, "CASE_SENSITIVE": true, "RS": true, "AREA_PRECISION_CONSTRAINT": 0.5, "GRANULARITY_PENALTY_WEIGHT": 1.0, "VERTICAL_ASPECT_RATIO_THRES": 2.0, "NUM_WORKERS": 2, "GT_SAMPLE_NAME_2_ID": "([0-9]+)", "DET_SAMPLE_NAME_2_ID": "([0-9]+)", "PER_SAMPLE_RESULTS": true}, "evaluationLog": "GT polygons: 3 (0 don't care) \nDET polygons: 0\n\nFind one-to-one matches\nFind one-to-many matches\nFind many-to-one matches\n<b>Detection | PRECISION\n</b><b>Detection | RECALL\n</b><b># of false positive chars\n</b>0\n=================================\n<b>End-to-End | Recall\n</b><b>End-to-End | Precision\n</b>", "EndtoEnd": {"precision": 0.0, "recall": 0.0, "hmean": 0, "recognition_score": 0.0}, "end2endMat": [[0.0, 0.0], [0.0, 0.0], [0.0, 0.0], [0.0, 0.0], [0.0, 0.0]], "gtTrans": ["MOVE.", "NOURISH", "BELIEVE"], "detTrans": [], "gtQuery": ["MOVE.", "NOURISH", "BELIEVE"], "detQuery": []}