{"Rawdata": {"det_correct_num_recall": 0.0, "det_correct_num_precision": 0.0, "chars_gt": 15, "chars_det": 0, "num_splitted": 0, "num_merged": 0, "num_false_positive": 0, "char_missed": 15, "char_overlapped": 0, "char_false_positive": 0, "e2e_correct_num_recall": 0.0, "e2e_correct_num_precision": 0.0, "chars_recog": 0, "e2e_char_missed": 15.0, "e2e_char_false_positive": 0.0, "e2e_recog_score_chars": 0, "e2e_recog_score_correct_num": 0.0}, "Detection": {"precision": 0.0, "recall": 0.0, "hmean": 0}, "pairs": [], "detectionMat": [[0.0, 0.0], [0.0, 0.0], [0.0, 0.0], [0.0, 0.0], [0.0, 0.0], [0.0, 0.0], [0.0, 0.0], [0.0, 0.0], [0.0, 0.0], [0.0, 0.0], [0.0, 0.0], [0.0, 0.0]], "precisionMat": [[], [], [], [], [], [], [], [], [], []], "gtPolPoints": [[59.0, 176.0, 110.0, 158.0, 122.0, 193.0, 76.0, 216.0], [17.0, 322.0, 44.0, 298.0, 65.0, 332.0, 38.0, 352.0], [49.0, 303.0, 82.0, 287.0, 95.0, 308.0, 70.0, 338.0], [175.0, 332.0, 194.0, 317.0, 206.0, 329.0, 187.0, 349.0], [150.0, 348.0, 173.0, 333.0, 186.0, 348.0, 160.0, 368.0], [99.0, 387.0, 151.0, 351.0, 160.0, 367.0, 122.0, 404.0], [4.0, 526.0, 112.0, 499.0, 101.0, 574.0, 5.0, 605.0], [70.0, 604.0, 133.0, 543.0, 160.0, 564.0, 105.0, 622.0], [28.0, 351.0, 167.0, 252.0, 165.0, 340.0, 76.0, 411.0], [138.0, 315.0, 183.0, 273.0, 210.0, 298.0, 158.0, 360.0]], "detPolPoints": [], "gtCharPoints": [[[79.625, 190.875], [103.875, 180.625]], [[34.25, 331.5], [47.75, 320.5]], [[66.75, 314.75], [81.25, 303.25]], [[185.75, 336.125], [195.25, 327.375]], [[159.08333333333334, 355.0833333333333], [167.25, 349.25], [175.41666666666669, 343.41666666666663]], [[118.0, 389.4166666666667], [133.0, 377.25], [148.0, 365.08333333333337]], [[21.5, 560.6666666666666], [55.5, 551.0], [89.5, 541.3333333333333]], [[97.33333333333333, 603.0833333333334], [117.0, 583.25], [136.66666666666666, 563.4166666666667]], [[71.0, 366.8333333333333], [109.0, 338.5], [147.0, 310.16666666666663]], [[156.08333333333334, 328.8333333333333], [172.25, 311.5], [188.41666666666669, 294.16666666666663]]], "gtCharCounts": [0.0, 0.0, 0.0, 0.0, 0.0, 0.0, 0.0, 0.0, 0.0, 0.0], "gtDontCare": [0, 1, 2, 3, 5], "detDontCare": [], "evaluationParams": {"GT_PATH": "gt/gt_IC15.zip", "SUBMIT_PATH": "result/result_paddleOCR_IC15.zip", "OUTPUT_PATH": "output/", "PORT": 8080, "BOX_TYPE": "QUAD", "TRANSCRIPTION": true, "CONFIDENCES": false, "CRLF": false, "E2E": true, "CASE_SENSITIVE": true, "RS": true, "AREA_PRECISION_CONSTRAINT": 0.5, "GRANULARITY_PENALTY_WEIGHT": 1.0, "VERTICAL_ASPECT_RATIO_THRES": 2.0, "NUM_WORKERS": 2, "GT_SAMPLE_NAME_2_ID": "([0-9]+)", "DET_SAMPLE_NAME_2_ID": "([0-9]+)", "PER_SAMPLE_RESULTS": true}, "evaluationLog": "GT polygons: 10 (5 don't care) \nDET polygons: 0\n\nFind one-to-one matches\nFind one-to-many matches\nFind many-to-one matches\n<b>Detection | PRECISION\n</b><b>Detection | RECALL\n</b><b># of false positive chars\n</b>0\n=================================\n<b>End-to-End | Recall\n</b><b>End-to-End | Precision\n</b>", "EndtoEnd": {"precision": 0.0, "recall": 0.0, "hmean": 0, "recognition_score": 0.0}, "end2endMat": [[0.0, 0.0], [0.0, 0.0], [0.0, 0.0], [0.0, 0.0], [0.0, 0.0], [0.0, 0.0], [0.0, 0.0], [0.0, 0.0], [0.0, 0.0], [0.0, 0.0], [0.0, 0.0], [0.0, 0.0]], "gtTrans": ["##", "##", "##", "##", "ios", "###", "umP", "sme", "50%", "off"], "detTrans": [], "gtQuery": ["##", "##", "##", "##", "ios", "###", "umP", "sme", "50%", "off"], "detQuery": []}