{"Rawdata": {"det_correct_num_recall": 0.0, "det_correct_num_precision": 0.0, "chars_gt": 17, "chars_det": 0, "num_splitted": 0, "num_merged": 0, "num_false_positive": 0, "char_missed": 17, "char_overlapped": 0, "char_false_positive": 0, "e2e_correct_num_recall": 0.0, "e2e_correct_num_precision": 0.0, "chars_recog": 0, "e2e_char_missed": 17.0, "e2e_char_false_positive": 0.0, "e2e_recog_score_chars": 0, "e2e_recog_score_correct_num": 0.0}, "Detection": {"precision": 0.0, "recall": 0.0, "hmean": 0}, "pairs": [], "detectionMat": [[0.0, 0.0], [0.0, 0.0], [0.0, 0.0], [0.0, 0.0], [0.0, 0.0], [0.0, 0.0], [0.0, 0.0], [0.0, 0.0], [0.0, 0.0]], "precisionMat": [[], [], [], [], [], [], []], "gtPolPoints": [[230.0, 179.0, 321.0, 178.0, 305.0, 217.0, 214.0, 218.0], [723.0, 207.0, 762.0, 202.0, 761.0, 225.0, 722.0, 229.0], [788.0, 197.0, 821.0, 192.0, 820.0, 214.0, 787.0, 219.0], [464.0, 246.0, 512.0, 239.0, 510.0, 260.0, 462.0, 267.0], [508.0, 239.0, 567.0, 233.0, 567.0, 256.0, 509.0, 261.0], [380.0, 358.0, 427.0, 359.0, 421.0, 375.0, 374.0, 375.0], [386.0, 376.0, 475.0, 375.0, 475.0, 385.0, 386.0, 385.0]], "detPolPoints": [], "gtCharPoints": [[[233.375, 198.375], [256.125, 198.125], [278.875, 197.875], [301.625, 197.625]], [[727.375, 217.4375], [737.125, 216.3125], [746.875, 215.1875], [756.625, 214.0625]], [[793.0, 207.16666666666666], [804.0, 205.5], [815.0, 203.83333333333331]], [[467.0, 255.91666666666666], [475.0, 254.75], [483.0, 253.58333333333331], [491.0, 252.41666666666666], [499.0, 251.25], [507.0, 250.08333333333331]], [[518.25, 249.08333333333334], [537.75, 247.25], [557.25, 245.41666666666669]], [[384.8333333333333, 366.5833333333333], [400.5, 366.75], [416.16666666666663, 366.91666666666663]], [[390.45, 380.475], [399.34999999999997, 380.425], [408.25, 380.375], [417.15, 380.32500000000005], [426.05, 380.27500000000003], [434.95, 380.225], [443.85, 380.175], [452.75, 380.125], [461.65, 380.07500000000005], [470.55, 380.02500000000003]]], "gtCharCounts": [0.0, 0.0, 0.0, 0.0, 0.0, 0.0, 0.0], "gtDontCare": [4, 5, 6], "detDontCare": [], "evaluationParams": {"GT_PATH": "gt/gt_IC15.zip", "SUBMIT_PATH": "result/result_paddleOCR_IC15.zip", "OUTPUT_PATH": "output/", "PORT": 8080, "BOX_TYPE": "QUAD", "TRANSCRIPTION": true, "CONFIDENCES": false, "CRLF": false, "E2E": true, "CASE_SENSITIVE": true, "RS": true, "AREA_PRECISION_CONSTRAINT": 0.5, "GRANULARITY_PENALTY_WEIGHT": 1.0, "VERTICAL_ASPECT_RATIO_THRES": 2.0, "NUM_WORKERS": 2, "GT_SAMPLE_NAME_2_ID": "([0-9]+)", "DET_SAMPLE_NAME_2_ID": "([0-9]+)", "PER_SAMPLE_RESULTS": true}, "evaluationLog": "GT polygons: 7 (3 don't care) \nDET polygons: 0\n\nFind one-to-one matches\nFind one-to-many matches\nFind many-to-one matches\n<b>Detection | PRECISION\n</b><b>Detection | RECALL\n</b><b># of false positive chars\n</b>0\n=================================\n<b>End-to-End | Recall\n</b><b>End-to-End | Precision\n</b>", "EndtoEnd": {"precision": 0.0, "recall": 0.0, "hmean": 0, "recognition_score": 0.0}, "end2endMat": [[0.0, 0.0], [0.0, 0.0], [0.0, 0.0], [0.0, 0.0], [0.0, 0.0], [0.0, 0.0], [0.0, 0.0], [0.0, 0.0], [0.0, 0.0]], "gtTrans": ["LAMY", "CITY", "AIN", "YELLOW", "###", "###", "##########"], "detTrans": [], "gtQuery": ["LAMY", "CITY", "AIN", "YELLOW", "###", "###", "##########"], "detQuery": []}