{"Rawdata": {"det_correct_num_recall": 0.0, "det_correct_num_precision": 0.0, "chars_gt": 0, "chars_det": 0, "num_splitted": 0, "num_merged": 0, "num_false_positive": 0, "char_missed": 0, "char_overlapped": 0, "char_false_positive": 0, "e2e_correct_num_recall": 0.0, "e2e_correct_num_precision": 0.0, "chars_recog": 0, "e2e_char_missed": 0.0, "e2e_char_false_positive": 0.0, "e2e_recog_score_chars": 0, "e2e_recog_score_correct_num": 0.0}, "Detection": {"precision": 0.0, "recall": 0.0, "hmean": 0}, "pairs": [], "detectionMat": [[0.0, 0.0], [0.0, 0.0], [0.0, 0.0], [0.0, 0.0], [0.0, 0.0], [0.0, 0.0], [0.0, 0.0], [0.0, 0.0], [0.0, 0.0]], "precisionMat": [[], [], [], [], [], [], []], "gtPolPoints": [[714.0, 70.0, 759.0, 43.0, 774.0, 104.0, 718.0, 123.0], [546.0, 162.0, 579.0, 140.0, 581.0, 173.0, 548.0, 188.0], [193.0, 150.0, 231.0, 165.0, 227.0, 190.0, 192.0, 180.0], [84.0, 173.0, 160.0, 190.0, 156.0, 213.0, 85.0, 203.0], [728.0, 277.0, 757.0, 277.0, 756.0, 302.0, 727.0, 299.0], [240.0, 220.0, 306.0, 222.0, 308.0, 238.0, 242.0, 236.0], [252.0, 242.0, 310.0, 243.0, 308.0, 257.0, 251.0, 256.0]], "detPolPoints": [], "gtCharPoints": [[[728.625, 90.75], [753.875, 79.25]], [[555.25, 170.375], [571.75, 161.125]], [[201.625, 168.125], [219.875, 174.375]], [[96.75, 190.25], [121.25, 194.75], [145.75, 199.25]], [[734.75, 288.375], [749.25, 289.125]], [[247.6, 228.2], [260.8, 228.6], [274.0, 229.0], [287.2, 229.39999999999998], [300.4, 229.79999999999998]], [[257.25, 249.1], [268.75, 249.29999999999998], [280.25, 249.5], [291.75, 249.7], [303.25, 249.9]]], "gtCharCounts": [0.0, 0.0, 0.0, 0.0, 0.0, 0.0, 0.0], "gtDontCare": [0, 1, 2, 3, 4, 5, 6], "detDontCare": [], "evaluationParams": {"GT_PATH": "gt/gt_IC15.zip", "SUBMIT_PATH": "result/result_paddleOCR_IC15.zip", "OUTPUT_PATH": "output/", "PORT": 8080, "BOX_TYPE": "QUAD", "TRANSCRIPTION": true, "CONFIDENCES": false, "CRLF": false, "E2E": true, "CASE_SENSITIVE": true, "RS": true, "AREA_PRECISION_CONSTRAINT": 0.5, "GRANULARITY_PENALTY_WEIGHT": 1.0, "VERTICAL_ASPECT_RATIO_THRES": 2.0, "NUM_WORKERS": 2, "GT_SAMPLE_NAME_2_ID": "([0-9]+)", "DET_SAMPLE_NAME_2_ID": "([0-9]+)", "PER_SAMPLE_RESULTS": true}, "evaluationLog": "GT polygons: 7 (7 don't care) \nDET polygons: 0\n\nFind one-to-one matches\nFind one-to-many matches\nFind many-to-one matches\n<b>Detection | PRECISION\n</b><b>Detection | RECALL\n</b><b># of false positive chars\n</b>0\n=================================\n<b>End-to-End | Recall\n</b><b>End-to-End | Precision\n</b>", "EndtoEnd": {"precision": 0.0, "recall": 0.0, "hmean": 0, "recognition_score": 0.0}, "end2endMat": [[0.0, 0.0], [0.0, 0.0], [0.0, 0.0], [0.0, 0.0], [0.0, 0.0], [0.0, 0.0], [0.0, 0.0], [0.0, 0.0], [0.0, 0.0]], "gtTrans": ["##", "##", "##", "###", "##", "#####", "#####"], "detTrans": [], "gtQuery": ["##", "##", "##", "###", "##", "#####", "#####"], "detQuery": []}