{"Rawdata": {"det_correct_num_recall": 0.0, "det_correct_num_precision": 0.0, "chars_gt": 10, "chars_det": 0, "num_splitted": 0, "num_merged": 0, "num_false_positive": 0, "char_missed": 10, "char_overlapped": 0, "char_false_positive": 0, "e2e_correct_num_recall": 0.0, "e2e_correct_num_precision": 0.0, "chars_recog": 0, "e2e_char_missed": 10.0, "e2e_char_false_positive": 0.0, "e2e_recog_score_chars": 0, "e2e_recog_score_correct_num": 0.0}, "Detection": {"precision": 0.0, "recall": 0.0, "hmean": 0}, "pairs": [], "detectionMat": [[0.0, 0.0], [0.0, 0.0], [0.0, 0.0], [0.0, 0.0], [0.0, 0.0], [0.0, 0.0], [0.0, 0.0], [0.0, 0.0], [0.0, 0.0]], "precisionMat": [[], [], [], [], [], [], []], "gtPolPoints": [[536.0, 210.0, 557.0, 210.0, 556.0, 228.0, 535.0, 228.0], [591.0, 211.0, 621.0, 213.0, 620.0, 230.0, 590.0, 229.0], [645.0, 214.0, 668.0, 215.0, 670.0, 233.0, 646.0, 231.0], [698.0, 216.0, 717.0, 216.0, 718.0, 233.0, 700.0, 233.0], [732.0, 243.0, 771.0, 241.0, 770.0, 264.0, 731.0, 265.0], [540.0, 244.0, 553.0, 244.0, 553.0, 258.0, 540.0, 258.0], [636.0, 204.0, 679.0, 208.0, 680.0, 216.0, 637.0, 212.0]], "detPolPoints": [], "gtCharPoints": [[[540.75, 219.0], [551.25, 219.0]], [[595.5, 220.25], [605.5, 220.75], [615.5, 221.25]], [[651.375, 222.875], [663.125, 223.625]], [[703.625, 224.5], [712.875, 224.5]], [[734.2857142857143, 253.89285714285714], [739.8571428571429, 253.67857142857142], [745.4285714285714, 253.46428571428572], [751.0, 253.25], [756.5714285714287, 253.03571428571428], [762.1428571428572, 252.82142857142856], [767.7142857142858, 252.60714285714286]], [[543.25, 251.0], [549.75, 251.0]], [[640.0833333333334, 208.33333333333334], [647.25, 209.0], [654.4166666666667, 209.66666666666669], [661.5833333333334, 210.33333333333334], [668.75, 211.0], [675.9166666666667, 211.66666666666669]]], "gtCharCounts": [0.0, 0.0, 0.0, 0.0, 0.0, 0.0, 0.0], "gtDontCare": [0, 2, 3, 5, 6], "detDontCare": [], "evaluationParams": {"GT_PATH": "gt/gt_IC15.zip", "SUBMIT_PATH": "result/result_paddleOCR_IC15.zip", "OUTPUT_PATH": "output/", "PORT": 8080, "BOX_TYPE": "QUAD", "TRANSCRIPTION": true, "CONFIDENCES": false, "CRLF": false, "E2E": true, "CASE_SENSITIVE": true, "RS": true, "AREA_PRECISION_CONSTRAINT": 0.5, "GRANULARITY_PENALTY_WEIGHT": 1.0, "VERTICAL_ASPECT_RATIO_THRES": 2.0, "NUM_WORKERS": 2, "GT_SAMPLE_NAME_2_ID": "([0-9]+)", "DET_SAMPLE_NAME_2_ID": "([0-9]+)", "PER_SAMPLE_RESULTS": true}, "evaluationLog": "GT polygons: 7 (5 don't care) \nDET polygons: 0\n\nFind one-to-one matches\nFind one-to-many matches\nFind many-to-one matches\n<b>Detection | PRECISION\n</b><b>Detection | RECALL\n</b><b># of false positive chars\n</b>0\n=================================\n<b>End-to-End | Recall\n</b><b>End-to-End | Precision\n</b>", "EndtoEnd": {"precision": 0.0, "recall": 0.0, "hmean": 0, "recognition_score": 0.0}, "end2endMat": [[0.0, 0.0], [0.0, 0.0], [0.0, 0.0], [0.0, 0.0], [0.0, 0.0], [0.0, 0.0], [0.0, 0.0], [0.0, 0.0], [0.0, 0.0]], "gtTrans": ["##", "334", "##", "##", "Transit", "##", "######"], "detTrans": [], "gtQuery": ["##", "334", "##", "##", "Transit", "##", "######"], "detQuery": []}