{"Rawdata": {"det_correct_num_recall": 4.0, "det_correct_num_precision": 4.0, "chars_gt": 8, "chars_det": 4.0, "num_splitted": 0, "num_merged": 0, "num_false_positive": 0, "char_missed": 4, "char_overlapped": 0, "char_false_positive": 0, "e2e_correct_num_recall": 4.0, "e2e_correct_num_precision": 4.0, "chars_recog": 14, "e2e_char_missed": 4.0, "e2e_char_false_positive": 10.0, "e2e_recog_score_chars": 14, "e2e_recog_score_correct_num": 4.0}, "Detection": {"precision": 1.0, "recall": 0.5, "hmean": 0.6666666666666666}, "pairs": [{"gt": [2], "det": [0], "type": "OO"}], "detectionMat": [[0.0, 0.0, 0.0], [0.0, 0.0, 0.0], [4.0, 4.0, 0.0], [0.0, 0.0, 0.0], [4.0, 0.0, 0.0], [0.0, 0.0, 0.0]], "precisionMat": [[0.0], [0.0], [0.878378445538891], [0.0]], "gtPolPoints": [[158.0, 187.0, 334.0, 173.0, 334.0, 203.0, 158.0, 217.0], [75.0, 244.0, 135.0, 243.0, 133.0, 267.0, 73.0, 268.0], [681.0, 212.0, 737.0, 208.0, 739.0, 232.0, 683.0, 236.0], [161.0, 298.0, 193.0, 297.0, 192.0, 313.0, 160.0, 314.0]], "detPolPoints": [[674.0, 215.0, 733.0, 209.0, 735.0, 228.0, 676.0, 235.0]], "gtCharPoints": [[[172.66666666666666, 200.83333333333334], [202.0, 198.5], [231.33333333333331, 196.16666666666669], [260.66666666666663, 193.83333333333334], [290.0, 191.5], [319.3333333333333, 189.16666666666669]], [[81.5, 255.875], [96.5, 255.625], [111.5, 255.375], [126.5, 255.125]], [[689.0, 223.5], [703.0, 222.5], [717.0, 221.5], [731.0, 220.5]], [[168.5, 305.75], [184.5, 305.25]]], "gtCharCounts": [[0.0, 0.0, 0.0, 0.0, 0.0, 0.0], [0.0, 0.0, 0.0, 0.0], [1.0, 1.0, 1.0, 1.0], [0.0, 0.0]], "gtDontCare": [0, 3], "detDontCare": [], "evaluationParams": {"GT_PATH": "gt/gt_IC15.zip", "SUBMIT_PATH": "result/result_paddleOCR_IC15.zip", "OUTPUT_PATH": "output/", "PORT": 8080, "BOX_TYPE": "QUAD", "TRANSCRIPTION": true, "CONFIDENCES": false, "CRLF": false, "E2E": true, "CASE_SENSITIVE": true, "RS": true, "AREA_PRECISION_CONSTRAINT": 0.5, "GRANULARITY_PENALTY_WEIGHT": 1.0, "VERTICAL_ASPECT_RATIO_THRES": 2.0, "NUM_WORKERS": 2, "GT_SAMPLE_NAME_2_ID": "([0-9]+)", "DET_SAMPLE_NAME_2_ID": "([0-9]+)", "PER_SAMPLE_RESULTS": true}, "evaluationLog": "GT polygons: 4 (2 don't care) \nDET polygons: 1\n\nFind one-to-one matches\nMatch GT #2 with Det #0\nFind one-to-many matches\nFind many-to-one matches\n<b>Detection | PRECISION\n</b><b>Detection | RECALL\n</b><b># of false positive chars\n</b>0\n=================================\n<b>End-to-End | Recall\n</b><b>End-to-End | Precision\n</b>", "EndtoEnd": {"precision": 0.2857142857142857, "recall": 0.5, "hmean": 0.36363636363636365, "recognition_score": 0.2857142857142857}, "end2endMat": [[0.0, 0.0, 0.0], [0.0, 0.0, 0.0], [0.0, 4.0, 0.0], [0.0, 0.0, 0.0], [4.0, 0.0, 0.0], [0.0, 0.0, 0.0]], "gtTrans": ["######", "KIDS", "KIDS", "##"], "detTrans": ["KIDS,0.9619163"], "gtQuery": ["######", "KIDS", "KIDS", "##"], "detQuery": ["KIDS,0.9619163"]}