{"Rawdata": {"det_correct_num_recall": 10.0, "det_correct_num_precision": 9.0, "chars_gt": 15, "chars_det": 10.0, "num_splitted": 0, "num_merged": 1, "num_false_positive": 0, "char_missed": 5, "char_overlapped": 0, "char_false_positive": 0, "e2e_correct_num_recall": 9.0, "e2e_correct_num_precision": 8.0, "chars_recog": 22, "e2e_char_missed": 6.0, "e2e_char_false_positive": 13.0, "e2e_recog_score_chars": 22, "e2e_recog_score_correct_num": 9.0}, "Detection": {"precision": 0.9, "recall": 0.6666666666666666, "hmean": 0.7659574468085106}, "pairs": [{"gt": [1], "det": [0], "type": "OO"}, {"gt": [0, 1], "det": [0], "type": "MO"}], "detectionMat": [[4.0, 4.0, 0.0], [6.0, 6.0, 0.0], [0.0, 0.0, 0.0], [0.0, 0.0, 0.0], [10.0, 0.0, 0.0], [1.0, 0.0, 0.0]], "precisionMat": [[0.26526854531665983], [0.6442397150373911], [0.0], [0.0]], "gtPolPoints": [[1035.0, 301.0, 1091.0, 313.0, 1091.0, 335.0, 1035.0, 323.0], [1096.0, 313.0, 1220.0, 338.0, 1220.0, 362.0, 1096.0, 338.0], [591.0, 93.0, 637.0, 92.0, 638.0, 111.0, 592.0, 112.0], [520.0, 219.0, 537.0, 219.0, 536.0, 265.0, 519.0, 265.0]], "detPolPoints": [[1039.0, 302.0, 1219.0, 336.0, 1215.0, 360.0, 1035.0, 326.0]], "gtCharPoints": [[[1042.0, 313.5], [1056.0, 316.5], [1070.0, 319.5], [1084.0, 322.5]], [[1106.3333333333333, 327.5416666666667], [1127.0, 331.625], [1147.6666666666665, 335.70833333333337], [1168.3333333333333, 339.7916666666667], [1189.0, 343.875], [1209.6666666666665, 347.95833333333337]], [[599.1666666666666, 102.33333333333333], [614.5, 102.0], [629.8333333333333, 101.66666666666666]], [[527.6, 260.4], [527.8000000000001, 251.2], [528.0, 241.99999999999997], [528.2, 232.79999999999998], [528.4, 223.59999999999997]]], "gtCharCounts": [[1.0, 1.0, 1.0, 1.0], [1.0, 1.0, 1.0, 1.0, 1.0, 1.0], [0.0, 0.0, 0.0], [0.0, 0.0, 0.0, 0.0, 0.0]], "gtDontCare": [2], "detDontCare": [], "evaluationParams": {"GT_PATH": "gt/gt_IC15.zip", "SUBMIT_PATH": "result/result_paddleOCR_IC15.zip", "OUTPUT_PATH": "output/", "PORT": 8080, "BOX_TYPE": "QUAD", "TRANSCRIPTION": true, "CONFIDENCES": false, "CRLF": false, "E2E": true, "CASE_SENSITIVE": true, "RS": true, "AREA_PRECISION_CONSTRAINT": 0.5, "GRANULARITY_PENALTY_WEIGHT": 1.0, "VERTICAL_ASPECT_RATIO_THRES": 2.0, "NUM_WORKERS": 2, "GT_SAMPLE_NAME_2_ID": "([0-9]+)", "DET_SAMPLE_NAME_2_ID": "([0-9]+)", "PER_SAMPLE_RESULTS": true}, "evaluationLog": "GT polygons: 4 (1 don't care) \nDET polygons: 1\n\nFind one-to-one matches\nMatch GT #1 with Det #0\nFind one-to-many matches\nFind many-to-one matches\nMatch GT #[0, 1] with Det #0\n<b>Detection | PRECISION\n</b><b>Detection | RECALL\n</b><b># of false positive chars\n</b>0\n=================================\n<b>End-to-End | Recall\n</b><b>End-to-End | Precision\n</b>", "EndtoEnd": {"precision": 0.36363636363636365, "recall": 0.6, "hmean": 0.4528301886792453, "recognition_score": 0.4090909090909091}, "end2endMat": [[0.0, 4.0, 0.0], [0.0, 5.0, 0.0], [0.0, 0.0, 0.0], [0.0, 0.0, 0.0], [9.0, 0.0, 0.0], [1.0, 0.0, 0.0]], "gtTrans": ["CLUB", "MONACO", "###", "AVEDA"], "detTrans": ["CLUB MONACC,0.97509027"], "gtQuery": ["CLUB", "MONACO", "###", "AVEDA"], "detQuery": ["CLUB MONACC,0.97509027"]}