{"Rawdata": {"det_correct_num_recall": 0.0, "det_correct_num_precision": 0.0, "chars_gt": 5, "chars_det": 0, "num_splitted": 0, "num_merged": 0, "num_false_positive": 0, "char_missed": 5, "char_overlapped": 0, "char_false_positive": 0, "e2e_correct_num_recall": 0.0, "e2e_correct_num_precision": 0.0, "chars_recog": 0, "e2e_char_missed": 5.0, "e2e_char_false_positive": 0.0, "e2e_recog_score_chars": 0, "e2e_recog_score_correct_num": 0.0}, "Detection": {"precision": 0.0, "recall": 0.0, "hmean": 0}, "pairs": [], "detectionMat": [[0.0, 0.0], [0.0, 0.0], [0.0, 0.0], [0.0, 0.0], [0.0, 0.0], [0.0, 0.0], [0.0, 0.0]], "precisionMat": [[], [], [], [], []], "gtPolPoints": [[947.0, 289.0, 1067.0, 276.0, 1065.0, 316.0, 948.0, 319.0], [391.0, 266.0, 412.0, 269.0, 410.0, 290.0, 389.0, 285.0], [600.0, 422.0, 617.0, 423.0, 608.0, 481.0, 592.0, 470.0], [523.0, 411.0, 560.0, 421.0, 558.0, 437.0, 520.0, 429.0], [527.0, 395.0, 561.0, 401.0, 555.0, 420.0, 526.0, 411.0]], "detPolPoints": [], "gtCharPoints": [[[959.35, 303.2], [983.0500000000001, 301.59999999999997], [1006.75, 300.0], [1030.45, 298.4], [1054.15, 296.8]], [[395.25, 276.5], [405.75, 278.5]], [[601.4166666666666, 466.6666666666667], [604.25, 449.0], [607.0833333333333, 431.33333333333337]], [[527.75, 421.5], [540.25, 424.5], [552.75, 427.5]], [[534.375, 404.875], [550.125, 408.625]]], "gtCharCounts": [0.0, 0.0, 0.0, 0.0, 0.0], "gtDontCare": [1, 2, 3, 4], "detDontCare": [], "evaluationParams": {"GT_PATH": "gt/gt_IC15.zip", "SUBMIT_PATH": "result/result_paddleOCR_IC15.zip", "OUTPUT_PATH": "output/", "PORT": 8080, "BOX_TYPE": "QUAD", "TRANSCRIPTION": true, "CONFIDENCES": false, "CRLF": false, "E2E": true, "CASE_SENSITIVE": true, "RS": true, "AREA_PRECISION_CONSTRAINT": 0.5, "GRANULARITY_PENALTY_WEIGHT": 1.0, "VERTICAL_ASPECT_RATIO_THRES": 2.0, "NUM_WORKERS": 2, "GT_SAMPLE_NAME_2_ID": "([0-9]+)", "DET_SAMPLE_NAME_2_ID": "([0-9]+)", "PER_SAMPLE_RESULTS": true}, "evaluationLog": "GT polygons: 5 (4 don't care) \nDET polygons: 0\n\nFind one-to-one matches\nFind one-to-many matches\nFind many-to-one matches\n<b>Detection | PRECISION\n</b><b>Detection | RECALL\n</b><b># of false positive chars\n</b>0\n=================================\n<b>End-to-End | Recall\n</b><b>End-to-End | Precision\n</b>", "EndtoEnd": {"precision": 0.0, "recall": 0.0, "hmean": 0, "recognition_score": 0.0}, "end2endMat": [[0.0, 0.0], [0.0, 0.0], [0.0, 0.0], [0.0, 0.0], [0.0, 0.0], [0.0, 0.0], [0.0, 0.0]], "gtTrans": ["NAUTI", "##", "###", "###", "##"], "detTrans": [], "gtQuery": ["NAUTI", "##", "###", "###", "##"], "detQuery": []}