{"Rawdata": {"det_correct_num_recall": 4.0, "det_correct_num_precision": 4.0, "chars_gt": 10, "chars_det": 4.0, "num_splitted": 0, "num_merged": 0, "num_false_positive": 0, "char_missed": 6, "char_overlapped": 0, "char_false_positive": 0, "e2e_correct_num_recall": 3.0, "e2e_correct_num_precision": 3.0, "chars_recog": 14, "e2e_char_missed": 7.0, "e2e_char_false_positive": 11.0, "e2e_recog_score_chars": 14, "e2e_recog_score_correct_num": 3.0}, "Detection": {"precision": 1.0, "recall": 0.4, "hmean": 0.5714285714285715}, "pairs": [{"gt": [0], "det": [0], "type": "OO"}], "detectionMat": [[4.0, 4.0, 0.0], [0.0, 0.0, 0.0], [0.0, 0.0, 0.0], [0.0, 0.0, 0.0], [0.0, 0.0, 0.0], [0.0, 0.0, 0.0], [0.0, 0.0, 0.0], [4.0, 0.0, 0.0], [0.0, 0.0, 0.0]], "precisionMat": [[0.9588308657163228], [0.0], [0.0], [0.0], [0.0], [0.0], [0.0]], "gtPolPoints": [[211.0, 16.0, 392.0, 109.0, 385.0, 249.0, 199.0, 199.0], [280.0, 337.0, 335.0, 337.0, 332.0, 356.0, 278.0, 356.0], [276.0, 358.0, 333.0, 356.0, 332.0, 376.0, 275.0, 378.0], [63.0, 224.0, 129.0, 220.0, 128.0, 249.0, 62.0, 252.0], [947.0, 45.0, 1020.0, 34.0, 1020.0, 59.0, 947.0, 70.0], [1144.0, 300.0, 1179.0, 296.0, 1181.0, 311.0, 1147.0, 316.0], [466.0, 290.0, 492.0, 289.0, 493.0, 313.0, 467.0, 314.0]], "detPolPoints": [[229.0, 48.0, 392.0, 84.0, 358.0, 235.0, 195.0, 199.0]], "gtCharPoints": [[[227.9375, 116.4375], [273.8125, 134.3125], [319.6875, 152.1875], [365.5625, 170.0625]], [[288.0833333333333, 346.5], [306.25, 346.5], [324.41666666666663, 346.5]], [[285.0, 367.6666666666667], [304.0, 367.0], [323.0, 366.33333333333337]], [[73.5, 237.41666666666666], [95.5, 236.25], [117.5, 235.08333333333331]], [[953.0833333333334, 56.583333333333336], [965.25, 54.75], [977.4166666666667, 52.91666666666667], [989.5833333333334, 51.083333333333336], [1001.75, 49.25], [1013.9166666666667, 47.41666666666667]], [[1151.25, 307.25], [1162.75, 305.75], [1174.25, 304.25]], [[473.0, 301.75], [486.0, 301.25]]], "gtCharCounts": [[1.0, 1.0, 1.0, 1.0], [0.0, 0.0, 0.0], [0.0, 0.0, 0.0], [0.0, 0.0, 0.0], [0.0, 0.0, 0.0, 0.0, 0.0, 0.0], [0.0, 0.0, 0.0], [0.0, 0.0]], "gtDontCare": [1, 2, 3, 5, 6], "detDontCare": [], "evaluationParams": {"GT_PATH": "gt/gt_IC15.zip", "SUBMIT_PATH": "result/result_paddleOCR_IC15.zip", "OUTPUT_PATH": "output/", "PORT": 8080, "BOX_TYPE": "QUAD", "TRANSCRIPTION": true, "CONFIDENCES": false, "CRLF": false, "E2E": true, "CASE_SENSITIVE": true, "RS": true, "AREA_PRECISION_CONSTRAINT": 0.5, "GRANULARITY_PENALTY_WEIGHT": 1.0, "VERTICAL_ASPECT_RATIO_THRES": 2.0, "NUM_WORKERS": 2, "GT_SAMPLE_NAME_2_ID": "([0-9]+)", "DET_SAMPLE_NAME_2_ID": "([0-9]+)", "PER_SAMPLE_RESULTS": true}, "evaluationLog": "GT polygons: 7 (5 don't care) \nDET polygons: 1\n\nFind one-to-one matches\nMatch GT #0 with Det #0\nFind one-to-many matches\nFind many-to-one matches\n<b>Detection | PRECISION\n</b><b>Detection | RECALL\n</b><b># of false positive chars\n</b>0\n=================================\n<b>End-to-End | Recall\n</b><b>End-to-End | Precision\n</b>", "EndtoEnd": {"precision": 0.21428571428571427, "recall": 0.3, "hmean": 0.25, "recognition_score": 0.21428571428571427}, "end2endMat": [[0.0, 3.0, 0.0], [0.0, 0.0, 0.0], [0.0, 0.0, 0.0], [0.0, 0.0, 0.0], [0.0, 0.0, 0.0], [0.0, 0.0, 0.0], [0.0, 0.0, 0.0], [3.0, 0.0, 0.0], [0.0, 0.0, 0.0]], "gtTrans": ["SALE", "###", "###", "###", "public", "###", "##"], "detTrans": ["SAL,0.93080664"], "gtQuery": ["SALE", "###", "###", "###", "public", "###", "##"], "detQuery": ["SAL,0.93080664"]}