{"Rawdata": {"det_correct_num_recall": 6.0, "det_correct_num_precision": 6.0, "chars_gt": 6, "chars_det": 6.0, "num_splitted": 0, "num_merged": 0, "num_false_positive": 0, "char_missed": 0, "char_overlapped": 0, "char_false_positive": 0, "e2e_correct_num_recall": 4.0, "e2e_correct_num_precision": 4.0, "chars_recog": 16, "e2e_char_missed": 2.0, "e2e_char_false_positive": 12.0, "e2e_recog_score_chars": 16, "e2e_recog_score_correct_num": 4.0}, "Detection": {"precision": 1.0, "recall": 1.0, "hmean": 1.0}, "pairs": [{"gt": [0], "det": [0], "type": "OO"}], "detectionMat": [[6.0, 6.0, 0.0], [0.0, 0.0, 0.0], [0.0, 0.0, 0.0], [0.0, 0.0, 0.0], [0.0, 0.0, 0.0], [0.0, 0.0, 0.0], [0.0, 0.0, 0.0], [6.0, 0.0, 0.0], [0.0, 0.0, 0.0]], "precisionMat": [[0.9841481110650527], [0.0], [0.0], [0.0], [0.0], [0.0], [0.0]], "gtPolPoints": [[1119.0, 83.0, 1210.0, 80.0, 1214.0, 126.0, 1122.0, 131.0], [1054.0, 6.0, 1101.0, 7.0, 1100.0, 31.0, 1053.0, 30.0], [1099.0, 5.0, 1185.0, 3.0, 1185.0, 31.0, 1098.0, 32.0], [766.0, 20.0, 846.0, 18.0, 846.0, 39.0, 766.0, 41.0], [1190.0, 250.0, 1215.0, 249.0, 1215.0, 263.0, 1189.0, 264.0], [1190.0, 271.0, 1212.0, 270.0, 1211.0, 285.0, 1189.0, 286.0], [1187.0, 296.0, 1213.0, 294.0, 1213.0, 307.0, 1187.0, 309.0]], "detPolPoints": [[1123.0, 81.0, 1211.0, 81.0, 1211.0, 127.0, 1123.0, 127.0]], "gtCharPoints": [[[1128.125, 106.66666666666667], [1143.375, 106.0], [1158.625, 105.33333333333334], [1173.875, 104.66666666666667], [1189.125, 104.0], [1204.375, 103.33333333333334]], [[1065.25, 18.25], [1088.75, 18.75]], [[1109.3125, 18.3125], [1130.9375, 17.9375], [1152.5625, 17.5625], [1174.1875, 17.1875]], [[776.0, 30.25], [796.0, 29.75], [816.0, 29.25], [836.0, 28.75]], [[1195.875, 256.75], [1208.625, 256.25]], [[1195.0, 278.25], [1206.0, 277.75]], [[1191.3333333333333, 302.1666666666667], [1200.0, 301.5], [1208.6666666666665, 300.83333333333337]]], "gtCharCounts": [[1.0, 1.0, 1.0, 1.0, 1.0, 1.0], [0.0, 0.0], [0.0, 0.0, 0.0, 0.0], [0.0, 0.0, 0.0, 0.0], [0.0, 0.0], [0.0, 0.0], [0.0, 0.0, 0.0]], "gtDontCare": [1, 2, 3, 4, 5, 6], "detDontCare": [], "evaluationParams": {"GT_PATH": "gt/gt_IC15.zip", "SUBMIT_PATH": "result/result_paddleOCR_IC15.zip", "OUTPUT_PATH": "output/", "PORT": 8080, "BOX_TYPE": "QUAD", "TRANSCRIPTION": true, "CONFIDENCES": false, "CRLF": false, "E2E": true, "CASE_SENSITIVE": true, "RS": true, "AREA_PRECISION_CONSTRAINT": 0.5, "GRANULARITY_PENALTY_WEIGHT": 1.0, "VERTICAL_ASPECT_RATIO_THRES": 2.0, "NUM_WORKERS": 2, "GT_SAMPLE_NAME_2_ID": "([0-9]+)", "DET_SAMPLE_NAME_2_ID": "([0-9]+)", "PER_SAMPLE_RESULTS": true}, "evaluationLog": "GT polygons: 7 (6 don't care) \nDET polygons: 1\n\nFind one-to-one matches\nMatch GT #0 with Det #0\nFind one-to-many matches\nFind many-to-one matches\n<b>Detection | PRECISION\n</b><b>Detection | RECALL\n</b><b># of false positive chars\n</b>0\n=================================\n<b>End-to-End | Recall\n</b><b>End-to-End | Precision\n</b>", "EndtoEnd": {"precision": 0.25, "recall": 0.6666666666666666, "hmean": 0.36363636363636365, "recognition_score": 0.25}, "end2endMat": [[0.0, 4.0, 0.0], [0.0, 0.0, 0.0], [0.0, 0.0, 0.0], [0.0, 0.0, 0.0], [0.0, 0.0, 0.0], [0.0, 0.0, 0.0], [0.0, 0.0, 0.0], [4.0, 0.0, 0.0], [0.0, 0.0, 0.0]], "gtTrans": ["Cotton", "##", "####", "####", "##", "##", "###"], "detTrans": ["Coffon,0.8429114"], "gtQuery": ["Cotton", "##", "####", "####", "##", "##", "###"], "detQuery": ["Coffon,0.8429114"]}