{"Rawdata": {"det_correct_num_recall": 3.0, "det_correct_num_precision": 3.0, "chars_gt": 9, "chars_det": 3.0, "num_splitted": 0, "num_merged": 0, "num_false_positive": 0, "char_missed": 6, "char_overlapped": 0, "char_false_positive": 0, "e2e_correct_num_recall": 1.0, "e2e_correct_num_precision": 1.0, "chars_recog": 13, "e2e_char_missed": 8.0, "e2e_char_false_positive": 12.0, "e2e_recog_score_chars": 13, "e2e_recog_score_correct_num": 1.0}, "Detection": {"precision": 1.0, "recall": 0.3333333333333333, "hmean": 0.5}, "pairs": [{"gt": [0], "det": [0], "type": "OO"}], "detectionMat": [[3.0, 3.0, 0.0], [0.0, 0.0, 0.0], [0.0, 0.0, 0.0], [0.0, 0.0, 0.0], [0.0, 0.0, 0.0], [3.0, 0.0, 0.0], [0.0, 0.0, 0.0]], "precisionMat": [[1.0], [0.0], [0.0], [0.0], [0.0]], "gtPolPoints": [[683.0, 528.0, 792.0, 586.0, 789.0, 641.0, 680.0, 583.0], [543.0, 159.0, 595.0, 141.0, 595.0, 160.0, 543.0, 178.0], [851.0, 288.0, 887.0, 288.0, 886.0, 304.0, 850.0, 304.0], [602.0, 280.0, 630.0, 279.0, 630.0, 294.0, 602.0, 295.0], [1023.0, 278.0, 1055.0, 276.0, 1055.0, 300.0, 1023.0, 301.0]], "detPolPoints": [[689.0, 549.0, 727.0, 556.0, 721.0, 584.0, 684.0, 577.0]], "gtCharPoints": [[[687.5555555555555, 558.7222222222222], [699.6666666666666, 565.1666666666666], [711.7777777777777, 571.6111111111111], [723.8888888888889, 578.0555555555555], [736.0, 584.5], [748.1111111111111, 590.9444444444443], [760.2222222222222, 597.3888888888888], [772.3333333333333, 603.8333333333333], [784.4444444444445, 610.2777777777777]], [[551.6666666666666, 165.5], [569.0, 159.5], [586.3333333333333, 153.5]], [[856.5, 296.0], [868.5, 296.0], [880.5, 296.0]], [[609.0, 287.25], [623.0, 286.75]], [[1031.0, 289.125], [1047.0, 288.375]]], "gtCharCounts": [[1.0, 1.0, 1.0, 0.0, 0.0, 0.0, 0.0, 0.0, 0.0], [0.0, 0.0, 0.0], [0.0, 0.0, 0.0], [0.0, 0.0], [0.0, 0.0]], "gtDontCare": [1, 2, 3, 4], "detDontCare": [], "evaluationParams": {"GT_PATH": "gt/gt_IC15.zip", "SUBMIT_PATH": "result/result_paddleOCR_IC15.zip", "OUTPUT_PATH": "output/", "PORT": 8080, "BOX_TYPE": "QUAD", "TRANSCRIPTION": true, "CONFIDENCES": false, "CRLF": false, "E2E": true, "CASE_SENSITIVE": true, "RS": true, "AREA_PRECISION_CONSTRAINT": 0.5, "GRANULARITY_PENALTY_WEIGHT": 1.0, "VERTICAL_ASPECT_RATIO_THRES": 2.0, "NUM_WORKERS": 2, "GT_SAMPLE_NAME_2_ID": "([0-9]+)", "DET_SAMPLE_NAME_2_ID": "([0-9]+)", "PER_SAMPLE_RESULTS": true}, "evaluationLog": "GT polygons: 5 (4 don't care) \nDET polygons: 1\n\nFind one-to-one matches\nMatch GT #0 with Det #0\nFind one-to-many matches\nFind many-to-one matches\n<b>Detection | PRECISION\n</b><b>Detection | RECALL\n</b><b># of false positive chars\n</b>0\n=================================\n<b>End-to-End | Recall\n</b><b>End-to-End | Precision\n</b>", "EndtoEnd": {"precision": 0.07692307692307693, "recall": 0.1111111111111111, "hmean": 0.09090909090909093, "recognition_score": 0.07692307692307693}, "end2endMat": [[0.0, 1.0, 0.0], [0.0, 0.0, 0.0], [0.0, 0.0, 0.0], [0.0, 0.0, 0.0], [0.0, 0.0, 0.0], [1.0, 0.0, 0.0], [0.0, 0.0, 0.0]], "gtTrans": ["epiCentre", "###", "###", "##", "##"], "detTrans": ["cn,0.56893647"], "gtQuery": ["epiCentre", "###", "###", "##", "##"], "detQuery": ["cn,0.56893647"]}