{"Rawdata": {"det_correct_num_recall": 3.0, "det_correct_num_precision": 3.0, "chars_gt": 17, "chars_det": 3.0, "num_splitted": 0, "num_merged": 0, "num_false_positive": 0, "char_missed": 14, "char_overlapped": 0, "char_false_positive": 0, "e2e_correct_num_recall": 3.0, "e2e_correct_num_precision": 3.0, "chars_recog": 14, "e2e_char_missed": 14.0, "e2e_char_false_positive": 11.0, "e2e_recog_score_chars": 14, "e2e_recog_score_correct_num": 3.0}, "Detection": {"precision": 1.0, "recall": 0.17647058823529413, "hmean": 0.3}, "pairs": [{"gt": [4], "det": [0], "type": "OO"}], "detectionMat": [[0.0, 0.0, 0.0], [0.0, 0.0, 0.0], [0.0, 0.0, 0.0], [0.0, 0.0, 0.0], [3.0, 3.0, 0.0], [3.0, 0.0, 0.0], [0.0, 0.0, 0.0]], "precisionMat": [[0.0], [0.0], [0.0], [0.0], [1.0]], "gtPolPoints": [[851.0, 241.0, 951.0, 215.0, 952.0, 262.0, 850.0, 280.0], [512.0, 305.0, 530.0, 305.0, 529.0, 322.0, 514.0, 322.0], [441.0, 336.0, 483.0, 338.0, 476.0, 355.0, 438.0, 355.0], [583.0, 389.0, 640.0, 389.0, 640.0, 406.0, 581.0, 404.0], [0.0, 270.0, 135.0, 277.0, 129.0, 316.0, 0.0, 304.0]], "detPolPoints": [[7.0, 271.0, 122.0, 277.0, 120.0, 309.0, 5.0, 303.0]], "gtCharPoints": [[[857.7142857142857, 258.92857142857144], [872.1428571428571, 255.7857142857143], [886.5714285714286, 252.64285714285717], [901.0, 249.50000000000003], [915.4285714285713, 246.35714285714286], [929.8571428571428, 243.21428571428572], [944.2857142857142, 240.07142857142858]], [[517.125, 313.5], [525.375, 313.5]], [[446.1666666666667, 345.6666666666667], [459.5, 346.0], [472.83333333333337, 346.33333333333337]], [[589.25, 396.625], [603.75, 396.875], [618.25, 397.125], [632.75, 397.375]], [[22.0, 288.5833333333333], [66.0, 291.75], [110.0, 294.91666666666663]]], "gtCharCounts": [[0.0, 0.0, 0.0, 0.0, 0.0, 0.0, 0.0], [0.0, 0.0], [0.0, 0.0, 0.0], [0.0, 0.0, 0.0, 0.0], [1.0, 1.0, 1.0]], "gtDontCare": [1], "detDontCare": [], "evaluationParams": {"GT_PATH": "gt/gt_IC15.zip", "SUBMIT_PATH": "result/result_paddleOCR_IC15.zip", "OUTPUT_PATH": "output/", "PORT": 8080, "BOX_TYPE": "QUAD", "TRANSCRIPTION": true, "CONFIDENCES": false, "CRLF": false, "E2E": true, "CASE_SENSITIVE": true, "RS": true, "AREA_PRECISION_CONSTRAINT": 0.5, "GRANULARITY_PENALTY_WEIGHT": 1.0, "VERTICAL_ASPECT_RATIO_THRES": 2.0, "NUM_WORKERS": 2, "GT_SAMPLE_NAME_2_ID": "([0-9]+)", "DET_SAMPLE_NAME_2_ID": "([0-9]+)", "PER_SAMPLE_RESULTS": true}, "evaluationLog": "GT polygons: 5 (1 don't care) \nDET polygons: 1\n\nFind one-to-one matches\nMatch GT #4 with Det #0\nFind one-to-many matches\nFind many-to-one matches\n<b>Detection | PRECISION\n</b><b>Detection | RECALL\n</b><b># of false positive chars\n</b>0\n=================================\n<b>End-to-End | Recall\n</b><b>End-to-End | Precision\n</b>", "EndtoEnd": {"precision": 0.21428571428571427, "recall": 0.17647058823529413, "hmean": 0.1935483870967742, "recognition_score": 0.21428571428571427}, "end2endMat": [[0.0, 0.0, 0.0], [0.0, 0.0, 0.0], [0.0, 0.0, 0.0], [0.0, 0.0, 0.0], [0.0, 3.0, 0.0], [3.0, 0.0, 0.0], [0.0, 0.0, 0.0]], "gtTrans": ["latu  e", "##", "CAP", "CAFE", "USE"], "detTrans": ["USE,0.99715644"], "gtQuery": ["latu  e", "##", "CAP", "CAFE", "USE"], "detQuery": ["USE,0.99715644"]}