{"Rawdata": {"det_correct_num_recall": 0.0, "det_correct_num_precision": 0.0, "chars_gt": 29, "chars_det": 0, "num_splitted": 0, "num_merged": 0, "num_false_positive": 0, "char_missed": 29, "char_overlapped": 0, "char_false_positive": 0, "e2e_correct_num_recall": 0.0, "e2e_correct_num_precision": 0.0, "chars_recog": 0, "e2e_char_missed": 29.0, "e2e_char_false_positive": 0.0, "e2e_recog_score_chars": 0, "e2e_recog_score_correct_num": 0.0}, "Detection": {"precision": 0.0, "recall": 0.0, "hmean": 0}, "pairs": [], "detectionMat": [[0.0, 0.0], [0.0, 0.0], [0.0, 0.0], [0.0, 0.0], [0.0, 0.0], [0.0, 0.0], [0.0, 0.0], [0.0, 0.0], [0.0, 0.0], [0.0, 0.0]], "precisionMat": [[], [], [], [], [], [], [], []], "gtPolPoints": [[550.0, 379.0, 615.0, 383.0, 610.0, 419.0, 549.0, 416.0], [518.0, 329.0, 583.0, 278.0, 588.0, 313.0, 554.0, 365.0], [583.0, 279.0, 600.0, 276.0, 593.0, 305.0, 582.0, 305.0], [591.0, 304.0, 614.0, 268.0, 628.0, 360.0, 609.0, 362.0], [690.0, 386.0, 738.0, 394.0, 738.0, 430.0, 695.0, 420.0], [735.0, 391.0, 804.0, 396.0, 818.0, 451.0, 738.0, 438.0], [1.0, 316.0, 51.0, 316.0, 50.0, 325.0, 0.0, 325.0], [341.0, 272.0, 403.0, 267.0, 403.0, 290.0, 341.0, 294.0]], "detPolPoints": [], "gtCharPoints": [[[554.75, 397.7916666666667], [565.25, 398.375], [575.75, 398.95833333333337], [586.25, 399.5416666666667], [596.75, 400.125], [607.25, 400.70833333333337]], [[539.09375, 343.78125], [545.28125, 337.34375], [551.46875, 330.90625], [557.65625, 324.46875], [563.84375, 318.03125], [570.03125, 311.59375], [576.21875, 305.15625], [582.40625, 298.71875]], [[586.0, 291.625], [593.0, 290.875]], [[617.1666666666666, 354.75], [614.5, 342.25], [611.8333333333333, 329.75], [609.1666666666666, 317.25], [606.5, 304.75], [603.8333333333333, 292.25]], [[700.0833333333334, 404.5], [715.25, 407.5], [730.4166666666667, 410.5]], [[742.7083333333334, 415.25], [755.125, 416.75], [767.5416666666667, 418.25], [779.9583333333334, 419.75], [792.375, 421.25], [804.7916666666667, 422.75]], [[4.666666666666667, 320.5], [13.0, 320.5], [21.333333333333336, 320.5], [29.666666666666668, 320.5], [38.0, 320.5], [46.333333333333336, 320.5]], [[351.3333333333333, 282.25], [372.0, 280.75], [392.66666666666663, 279.25]]], "gtCharCounts": [0.0, 0.0, 0.0, 0.0, 0.0, 0.0, 0.0, 0.0], "gtDontCare": [2, 6, 7], "detDontCare": [], "evaluationParams": {"GT_PATH": "gt/gt_IC15.zip", "SUBMIT_PATH": "result/result_paddleOCR_IC15.zip", "OUTPUT_PATH": "output/", "PORT": 8080, "BOX_TYPE": "QUAD", "TRANSCRIPTION": true, "CONFIDENCES": false, "CRLF": false, "E2E": true, "CASE_SENSITIVE": true, "RS": true, "AREA_PRECISION_CONSTRAINT": 0.5, "GRANULARITY_PENALTY_WEIGHT": 1.0, "VERTICAL_ASPECT_RATIO_THRES": 2.0, "NUM_WORKERS": 2, "GT_SAMPLE_NAME_2_ID": "([0-9]+)", "DET_SAMPLE_NAME_2_ID": "([0-9]+)", "PER_SAMPLE_RESULTS": true}, "evaluationLog": "GT polygons: 8 (3 don't care) \nDET polygons: 0\n\nFind one-to-one matches\nFind one-to-many matches\nFind many-to-one matches\n<b>Detection | PRECISION\n</b><b>Detection | RECALL\n</b><b># of false positive chars\n</b>0\n=================================\n<b>End-to-End | Recall\n</b><b>End-to-End | Precision\n</b>", "EndtoEnd": {"precision": 0.0, "recall": 0.0, "hmean": 0, "recognition_score": 0.0}, "end2endMat": [[0.0, 0.0], [0.0, 0.0], [0.0, 0.0], [0.0, 0.0], [0.0, 0.0], [0.0, 0.0], [0.0, 0.0], [0.0, 0.0], [0.0, 0.0], [0.0, 0.0]], "gtTrans": ["LONDON", "Crahtree", "##", "Evelyn", "Mt.", "Sapola", "######", "###"], "detTrans": [], "gtQuery": ["LONDON", "Crahtree", "##", "Evelyn", "Mt.", "Sapola", "######", "###"], "detQuery": []}