{"Rawdata": {"det_correct_num_recall": 16.0, "det_correct_num_precision": 15.0, "chars_gt": 20, "chars_det": 16.0, "num_splitted": 0, "num_merged": 1, "num_false_positive": 0, "char_missed": 4, "char_overlapped": 0, "char_false_positive": 0, "e2e_correct_num_recall": 14.0, "e2e_correct_num_precision": 13.0, "chars_recog": 36, "e2e_char_missed": 6.0, "e2e_char_false_positive": 22.0, "e2e_recog_score_chars": 36, "e2e_recog_score_correct_num": 14.0}, "Detection": {"precision": 0.9375, "recall": 0.8, "hmean": 0.8633093525179856}, "pairs": [{"gt": [0], "det": [1], "type": "OO"}, {"gt": [2], "det": [0], "type": "OO"}, {"gt": [1, 2], "det": [0], "type": "MO"}], "detectionMat": [[0.0, 5.0, 5.0, 0.0], [4.0, 0.0, 4.0, 0.0], [7.0, 0.0, 7.0, 0.0], [0.0, 0.0, 0.0, 0.0], [0.0, 0.0, 0.0, 0.0], [0.0, 0.0, 0.0, 0.0], [0.0, 0.0, 0.0, 0.0], [0.0, 0.0, 0.0, 0.0], [11.0, 5.0, 0.0, 0.0], [1.0, 0.0, 0.0, 0.0]], "precisionMat": [[0.0, 0.9884269562895044], [0.32844694193338225, 0.0], [0.659373959449135, 0.0], [0.0, 0.0], [0.0, 0.0], [0.0, 0.0], [0.0, 0.0], [0.0, 0.0]], "gtPolPoints": [[229.0, 297.0, 338.0, 294.0, 336.0, 325.0, 226.0, 329.0], [687.0, 266.0, 725.0, 266.0, 725.0, 286.0, 688.0, 287.0], [725.0, 263.0, 801.0, 262.0, 808.0, 283.0, 725.0, 286.0], [688.0, 285.0, 731.0, 284.0, 732.0, 306.0, 693.0, 308.0], [730.0, 285.0, 776.0, 284.0, 778.0, 306.0, 730.0, 308.0], [775.0, 288.0, 794.0, 287.0, 796.0, 310.0, 776.0, 316.0], [1015.0, 73.0, 1060.0, 81.0, 1060.0, 114.0, 1019.0, 106.0], [266.0, 156.0, 460.0, 178.0, 462.0, 205.0, 276.0, 198.0]], "detPolPoints": [[688.0, 266.0, 798.0, 262.0, 799.0, 280.0, 688.0, 285.0], [229.0, 298.0, 331.0, 293.0, 332.0, 321.0, 230.0, 326.0]], "gtCharPoints": [[[238.45, 312.65], [260.34999999999997, 311.95], [282.25, 311.25], [304.15, 310.54999999999995], [326.04999999999995, 309.84999999999997]], [[692.1875, 276.4375], [701.5625, 276.3125], [710.9375, 276.1875], [720.3125, 276.0625]], [[729.96875, 274.375], [739.90625, 274.125], [749.84375, 273.875], [759.78125, 273.625], [769.71875, 273.375], [779.65625, 273.125], [789.59375, 272.875], [799.53125, 272.625]], [[697.3333333333334, 296.25], [711.0, 295.75], [724.6666666666667, 295.25]], [[737.8333333333334, 296.25], [753.5, 295.75], [769.1666666666667, 295.25]], [[780.375, 301.125], [790.125, 299.375]], [[1027.75, 91.5], [1049.25, 95.5]], [[286.8333333333333, 178.20833333333334], [318.5, 180.625], [350.16666666666663, 183.04166666666669], [381.8333333333333, 185.45833333333334], [413.5, 187.875], [445.16666666666663, 190.29166666666669]]], "gtCharCounts": [[1.0, 1.0, 1.0, 1.0, 1.0], [1.0, 1.0, 1.0, 1.0], [1.0, 1.0, 1.0, 1.0, 1.0, 1.0, 1.0, 0.0], [0.0, 0.0, 0.0], [0.0, 0.0, 0.0], [0.0, 0.0], [0.0, 0.0], [0.0, 0.0, 0.0, 0.0, 0.0, 0.0]], "gtDontCare": [4, 5, 6, 7], "detDontCare": [], "evaluationParams": {"GT_PATH": "gt/gt_IC15.zip", "SUBMIT_PATH": "result/result_paddleOCR_IC15.zip", "OUTPUT_PATH": "output/", "PORT": 8080, "BOX_TYPE": "QUAD", "TRANSCRIPTION": true, "CONFIDENCES": false, "CRLF": false, "E2E": true, "CASE_SENSITIVE": true, "RS": true, "AREA_PRECISION_CONSTRAINT": 0.5, "GRANULARITY_PENALTY_WEIGHT": 1.0, "VERTICAL_ASPECT_RATIO_THRES": 2.0, "NUM_WORKERS": 2, "GT_SAMPLE_NAME_2_ID": "([0-9]+)", "DET_SAMPLE_NAME_2_ID": "([0-9]+)", "PER_SAMPLE_RESULTS": true}, "evaluationLog": "GT polygons: 8 (4 don't care) \nDET polygons: 2\n\nFind one-to-one matches\nMatch GT #0 with Det #1\nMatch GT #2 with Det #0\nFind one-to-many matches\nFind many-to-one matches\nMatch GT #[1, 2] with Det #0\n<b>Detection | PRECISION\n</b><b>Detection | RECALL\n</b><b># of false positive chars\n</b>0\n=================================\n<b>End-to-End | Recall\n</b><b>End-to-End | Precision\n</b>", "EndtoEnd": {"precision": 0.3611111111111111, "recall": 0.7, "hmean": 0.47643979057591623, "recognition_score": 0.3888888888888889}, "end2endMat": [[0.0, 0.0, 4.0, 0.0], [0.0, 0.0, 3.0, 0.0], [0.0, 0.0, 7.0, 0.0], [0.0, 0.0, 0.0, 0.0], [0.0, 0.0, 0.0, 0.0], [0.0, 0.0, 0.0, 0.0], [0.0, 0.0, 0.0, 0.0], [0.0, 0.0, 0.0, 0.0], [10.0, 4.0, 0.0, 0.0], [1.0, 0.0, 0.0, 0.0]], "gtTrans": ["WATER", "FIRE", "HOSEREEH", "WET", "###", "##", "##", "######"], "detTrans": ["FRE HOSEREE,0.87770194", "WAER,0.6444879"], "gtQuery": ["WATER", "FIRE", "HOSEREEH", "WET", "###", "##", "##", "######"], "detQuery": ["FRE HOSEREE,0.87770194", "WAER,0.6444879"]}