{"Rawdata": {"det_correct_num_recall": 17.0, "det_correct_num_precision": 16.0, "chars_gt": 25, "chars_det": 17.0, "num_splitted": 0, "num_merged": 1, "num_false_positive": 0, "char_missed": 8, "char_overlapped": 0, "char_false_positive": 0, "e2e_correct_num_recall": 15.0, "e2e_correct_num_precision": 14.0, "chars_recog": 52, "e2e_char_missed": 10.0, "e2e_char_false_positive": 37.0, "e2e_recog_score_chars": 52, "e2e_recog_score_correct_num": 15.0}, "Detection": {"precision": 0.9411764705882353, "recall": 0.68, "hmean": 0.7895500725689405}, "pairs": [{"gt": [4], "det": [2], "type": "OO"}, {"gt": [5], "det": [0], "type": "OO"}, {"gt": [2, 6], "det": [1], "type": "MO"}], "detectionMat": [[0.0, 0.0, 0.0, 0.0, 0.0], [0.0, 0.0, 0.0, 0.0, 0.0], [0.0, 5.0, 0.0, 5.0, 0.0], [0.0, 0.0, 0.0, 0.0, 0.0], [0.0, 0.0, 5.0, 5.0, 0.0], [4.0, 0.0, 0.0, 4.0, 0.0], [0.0, 3.0, 0.0, 3.0, 0.0], [0.0, 0.0, 0.0, 0.0, 0.0], [0.0, 0.0, 0.0, 0.0, 0.0], [0.0, 0.0, 0.0, 0.0, 0.0], [0.0, 0.0, 0.0, 0.0, 0.0], [0.0, 0.0, 0.0, 0.0, 0.0], [0.0, 0.0, 0.0, 0.0, 0.0], [0.0, 0.0, 0.0, 0.0, 0.0], [0.0, 0.0, 0.0, 0.0, 0.0], [0.0, 0.0, 0.0, 0.0, 0.0], [4.0, 8.0, 5.0, 0.0, 0.0], [0.0, 1.0, 0.0, 0.0, 0.0]], "precisionMat": [[0.0, 0.0, 0.0], [0.0, 0.0, 0.0], [0.0, 0.4167668269230768, 0.0], [0.0, 0.0, 0.2795401403596516], [0.0, 0.08132077612058093, 0.6471979160130953], [0.9629164047768698, 0.026771062663078975, 0.0], [0.0, 0.39881342405913967, 0.0037875425394689297], [0.0, 0.0, 0.0], [0.0, 0.0, 0.0], [0.0, 0.0, 0.0], [0.0, 0.0, 0.0], [0.0, 0.0, 0.0], [0.0, 0.0, 0.0], [0.0, 0.0, 0.0], [0.0, 0.0, 0.0], [0.0, 0.0, 0.0]], "gtPolPoints": [[122.0, 428.0, 163.0, 425.0, 160.0, 442.0, 119.0, 445.0], [1146.0, 105.0, 1220.0, 92.0, 1240.0, 135.0, 1166.0, 148.0], [95.0, 223.0, 134.0, 220.0, 132.0, 237.0, 93.0, 240.0], [42.0, 248.0, 77.0, 240.0, 80.0, 277.0, 45.0, 285.0], [81.0, 243.0, 169.0, 238.0, 160.0, 277.0, 80.0, 273.0], [69.0, 180.0, 142.0, 173.0, 139.0, 216.0, 66.0, 223.0], [66.0, 225.0, 97.0, 220.0, 96.0, 243.0, 65.0, 248.0], [80.0, 409.0, 107.0, 410.0, 108.0, 425.0, 81.0, 424.0], [332.0, 146.0, 407.0, 140.0, 408.0, 157.0, 333.0, 163.0], [67.0, 435.0, 84.0, 435.0, 87.0, 445.0, 69.0, 446.0], [88.0, 429.0, 117.0, 429.0, 117.0, 445.0, 87.0, 445.0], [26.0, 313.0, 59.0, 315.0, 57.0, 330.0, 24.0, 329.0], [77.0, 330.0, 122.0, 330.0, 122.0, 348.0, 77.0, 348.0], [146.0, 305.0, 177.0, 306.0, 180.0, 325.0, 150.0, 324.0], [148.0, 360.0, 178.0, 361.0, 179.0, 380.0, 150.0, 379.0], [29.0, 359.0, 59.0, 360.0, 63.0, 378.0, 33.0, 377.0]], "detPolPoints": [[65.0, 180.0, 139.0, 180.0, 139.0, 216.0, 65.0, 216.0], [68.0, 220.0, 132.0, 220.0, 132.0, 244.0, 68.0, 244.0], [42.0, 248.0, 166.0, 239.0, 169.0, 272.0, 44.0, 281.0]], "gtCharPoints": [[[127.33333333333333, 436.0], [141.0, 435.0], [154.66666666666666, 434.0]], [[1174.5, 123.25], [1211.5, 116.75]], [[97.9, 231.2], [105.7, 230.6], [113.5, 230.0], [121.30000000000001, 229.39999999999998], [129.1, 228.79999999999998]], [[52.25, 264.5], [69.75, 260.5]], [[88.9, 257.95], [105.7, 257.84999999999997], [122.5, 257.75], [139.3, 257.65], [156.10000000000002, 257.55]], [[76.625, 200.625], [94.875, 198.875], [113.125, 197.125], [131.375, 195.375]], [[70.66666666666667, 235.66666666666666], [81.0, 234.0], [91.33333333333334, 232.33333333333331]], [[83.875, 416.625], [90.625, 416.875], [97.375, 417.125], [104.125, 417.375]], [[340.0, 153.9], [355.0, 152.70000000000002], [370.0, 151.5], [385.0, 150.3], [400.0, 149.1]], [[72.375, 440.375], [81.125, 440.125]], [[91.1875, 437.0], [98.5625, 437.0], [105.9375, 437.0], [113.3125, 437.0]], [[30.5, 321.25], [41.5, 321.75], [52.5, 322.25]], [[84.5, 339.0], [99.5, 339.0], [114.5, 339.0]], [[155.625, 314.75], [170.875, 315.25]], [[156.375, 369.75], [171.125, 370.25]], [[38.5, 368.25], [53.5, 368.75]]], "gtCharCounts": [[0.0, 0.0, 0.0], [0.0, 0.0], [1.0, 1.0, 1.0, 1.0, 1.0], [0.0, 0.0], [1.0, 1.0, 1.0, 1.0, 1.0], [1.0, 1.0, 1.0, 1.0], [1.0, 1.0, 1.0], [0.0, 0.0, 0.0, 0.0], [0.0, 0.0, 0.0, 0.0, 0.0], [0.0, 0.0], [0.0, 0.0, 0.0, 0.0], [0.0, 0.0, 0.0], [0.0, 0.0, 0.0], [0.0, 0.0], [0.0, 0.0], [0.0, 0.0]], "gtDontCare": [0, 1, 3, 8, 9, 11, 12, 13, 14, 15], "detDontCare": [], "evaluationParams": {"GT_PATH": "gt/gt_IC15.zip", "SUBMIT_PATH": "result/result_paddleOCR_IC15.zip", "OUTPUT_PATH": "output/", "PORT": 8080, "BOX_TYPE": "QUAD", "TRANSCRIPTION": true, "CONFIDENCES": false, "CRLF": false, "E2E": true, "CASE_SENSITIVE": true, "RS": true, "AREA_PRECISION_CONSTRAINT": 0.5, "GRANULARITY_PENALTY_WEIGHT": 1.0, "VERTICAL_ASPECT_RATIO_THRES": 2.0, "NUM_WORKERS": 2, "GT_SAMPLE_NAME_2_ID": "([0-9]+)", "DET_SAMPLE_NAME_2_ID": "([0-9]+)", "PER_SAMPLE_RESULTS": true}, "evaluationLog": "GT polygons: 16 (10 don't care) \nDET polygons: 3\n\nFind one-to-one matches\nMatch GT #4 with Det #2\nMatch GT #5 with Det #0\nFind one-to-many matches\nFind many-to-one matches\nMatch GT #[2, 6] with Det #1\n<b>Detection | PRECISION\n</b><b>Detection | RECALL\n</b><b># of false positive chars\n</b>0\n=================================\n<b>End-to-End | Recall\n</b><b>End-to-End | Precision\n</b>", "EndtoEnd": {"precision": 0.2692307692307692, "recall": 0.6, "hmean": 0.3716814159292035, "recognition_score": 0.28846153846153844}, "end2endMat": [[0.0, 0.0, 0.0, 0.0, 0.0], [0.0, 0.0, 0.0, 0.0, 0.0], [0.0, 0.0, 0.0, 4.0, 0.0], [0.0, 0.0, 0.0, 0.0, 0.0], [0.0, 0.0, 0.0, 5.0, 0.0], [0.0, 0.0, 0.0, 4.0, 0.0], [0.0, 0.0, 0.0, 2.0, 0.0], [0.0, 0.0, 0.0, 0.0, 0.0], [0.0, 0.0, 0.0, 0.0, 0.0], [0.0, 0.0, 0.0, 0.0, 0.0], [0.0, 0.0, 0.0, 0.0, 0.0], [0.0, 0.0, 0.0, 0.0, 0.0], [0.0, 0.0, 0.0, 0.0, 0.0], [0.0, 0.0, 0.0, 0.0, 0.0], [0.0, 0.0, 0.0, 0.0, 0.0], [0.0, 0.0, 0.0, 0.0, 0.0], [4.0, 6.0, 5.0, 0.0, 0.0], [0.0, 1.0, 0.0, 0.0, 0.0]], "gtTrans": ["###", "##", "those", "##", "need!", "Care", "for", "Look", "#####", "##", "Care", "###", "###", "##", "##", "##"], "detTrans": ["Care,0.8786595", "fcr thone,0.79064965", "En heed!,0.6459426"], "gtQuery": ["###", "##", "those", "##", "need!", "Care", "for", "Look", "#####", "##", "Care", "###", "###", "##", "##", "##"], "detQuery": ["Care,0.8786595", "fcr thone,0.79064965", "En heed!,0.6459426"]}