{"Rawdata": {"det_correct_num_recall": 0.0, "det_correct_num_precision": 0.0, "chars_gt": 16, "chars_det": 0, "num_splitted": 0, "num_merged": 0, "num_false_positive": 0, "char_missed": 16, "char_overlapped": 0, "char_false_positive": 0, "e2e_correct_num_recall": 0.0, "e2e_correct_num_precision": 0.0, "chars_recog": 0, "e2e_char_missed": 16.0, "e2e_char_false_positive": 0.0, "e2e_recog_score_chars": 0, "e2e_recog_score_correct_num": 0.0}, "Detection": {"precision": 0.0, "recall": 0.0, "hmean": 0}, "pairs": [], "detectionMat": [[0.0, 0.0], [0.0, 0.0], [0.0, 0.0], [0.0, 0.0], [0.0, 0.0], [0.0, 0.0], [0.0, 0.0], [0.0, 0.0]], "precisionMat": [[], [], [], [], [], []], "gtPolPoints": [[719.0, 160.0, 758.0, 160.0, 758.0, 173.0, 719.0, 172.0], [757.0, 163.0, 784.0, 162.0, 784.0, 172.0, 757.0, 173.0], [1013.0, 11.0, 1078.0, 15.0, 1085.0, 96.0, 1020.0, 92.0], [0.0, 222.0, 45.0, 225.0, 43.0, 239.0, 1.0, 238.0], [686.0, 242.0, 701.0, 243.0, 700.0, 253.0, 685.0, 252.0], [700.0, 244.0, 730.0, 246.0, 730.0, 254.0, 700.0, 252.0]], "detPolPoints": [], "gtCharPoints": [[[721.7857142857143, 166.03571428571428], [727.3571428571429, 166.10714285714286], [732.9285714285714, 166.17857142857142], [738.5, 166.25], [744.0714285714287, 166.32142857142856], [749.6428571428572, 166.39285714285714], [755.2142857142858, 166.4642857142857]], [[760.375, 167.875], [767.125, 167.625], [773.875, 167.375], [780.625, 167.125]], [[1032.75, 52.5], [1065.25, 54.5]], [[4.85, 230.2], [13.549999999999999, 230.6], [22.25, 231.0], [30.949999999999996, 231.39999999999998], [39.65, 231.79999999999998]], [[689.25, 247.25], [696.75, 247.75]], [[703.75, 248.25], [711.25, 248.75], [718.75, 249.25], [726.25, 249.75]]], "gtCharCounts": [0.0, 0.0, 0.0, 0.0, 0.0, 0.0], "gtDontCare": [2, 4, 5], "detDontCare": [], "evaluationParams": {"GT_PATH": "gt/gt_IC15.zip", "SUBMIT_PATH": "result/result_paddleOCR_IC15.zip", "OUTPUT_PATH": "output/", "PORT": 8080, "BOX_TYPE": "QUAD", "TRANSCRIPTION": true, "CONFIDENCES": false, "CRLF": false, "E2E": true, "CASE_SENSITIVE": true, "RS": true, "AREA_PRECISION_CONSTRAINT": 0.5, "GRANULARITY_PENALTY_WEIGHT": 1.0, "VERTICAL_ASPECT_RATIO_THRES": 2.0, "NUM_WORKERS": 2, "GT_SAMPLE_NAME_2_ID": "([0-9]+)", "DET_SAMPLE_NAME_2_ID": "([0-9]+)", "PER_SAMPLE_RESULTS": true}, "evaluationLog": "GT polygons: 6 (3 don't care) \nDET polygons: 0\n\nFind one-to-one matches\nFind one-to-many matches\nFind many-to-one matches\n<b>Detection | PRECISION\n</b><b>Detection | RECALL\n</b><b># of false positive chars\n</b>0\n=================================\n<b>End-to-End | Recall\n</b><b>End-to-End | Precision\n</b>", "EndtoEnd": {"precision": 0.0, "recall": 0.0, "hmean": 0, "recognition_score": 0.0}, "end2endMat": [[0.0, 0.0], [0.0, 0.0], [0.0, 0.0], [0.0, 0.0], [0.0, 0.0], [0.0, 0.0], [0.0, 0.0], [0.0, 0.0]], "gtTrans": ["FITTING", "ROOK", "##", "RIVAL", "##", "####"], "detTrans": [], "gtQuery": ["FITTING", "ROOK", "##", "RIVAL", "##", "####"], "detQuery": []}