{"Rawdata": {"det_correct_num_recall": 14.0, "det_correct_num_precision": 14.0, "chars_gt": 15, "chars_det": 14.0, "num_splitted": 0, "num_merged": 0, "num_false_positive": 0, "char_missed": 1, "char_overlapped": 0, "char_false_positive": 0, "e2e_correct_num_recall": 14.0, "e2e_correct_num_precision": 14.0, "chars_recog": 33, "e2e_char_missed": 1.0, "e2e_char_false_positive": 19.0, "e2e_recog_score_chars": 33, "e2e_recog_score_correct_num": 14.0}, "Detection": {"precision": 1.0, "recall": 0.9333333333333333, "hmean": 0.9655172413793104}, "pairs": [{"gt": [1], "det": [0], "type": "OO"}, {"gt": [2], "det": [1], "type": "OO"}], "detectionMat": [[0.0, 0.0, 0.0, 0.0], [8.0, 0.0, 8.0, 0.0], [0.0, 6.0, 6.0, 0.0], [8.0, 6.0, 0.0, 0.0], [0.0, 0.0, 0.0, 0.0]], "precisionMat": [[0.0, 0.0], [0.9995328802821641, 0.1267455426681612], [0.0, 0.8884613945886537]], "gtPolPoints": [[0.0, 270.0, 52.0, 261.0, 58.0, 287.0, 0.0, 297.0], [642.0, 130.0, 740.0, 113.0, 737.0, 139.0, 645.0, 159.0], [633.0, 159.0, 749.0, 135.0, 760.0, 164.0, 635.0, 189.0]], "detPolPoints": [[642.0, 135.0, 729.0, 115.0, 734.0, 134.0, 647.0, 153.0], [632.0, 154.0, 750.0, 133.0, 756.0, 166.0, 638.0, 187.0]], "gtCharPoints": [[[9.166666666666666, 281.9166666666667], [27.5, 278.75], [45.83333333333333, 275.58333333333337]], [[648.7777777777778, 143.47222222222223], [659.3333333333334, 141.41666666666669], [669.8888888888889, 139.36111111111111], [680.4444444444445, 137.30555555555557], [691.0, 135.25], [701.5555555555557, 133.19444444444446], [712.1111111111112, 131.13888888888889], [722.6666666666667, 129.08333333333334], [733.2222222222223, 127.02777777777779]], [[644.0416666666666, 171.95833333333334], [664.125, 167.875], [684.2083333333333, 163.79166666666669], [704.2916666666666, 159.70833333333334], [724.375, 155.625], [744.4583333333333, 151.54166666666669]]], "gtCharCounts": [[0.0, 0.0, 0.0], [1.0, 1.0, 1.0, 1.0, 1.0, 1.0, 1.0, 1.0, 0.0], [1.0, 1.0, 1.0, 1.0, 1.0, 1.0]], "gtDontCare": [0], "detDontCare": [], "evaluationParams": {"GT_PATH": "gt/gt_IC15.zip", "SUBMIT_PATH": "result/result_paddleOCR_IC15.zip", "OUTPUT_PATH": "output/", "PORT": 8080, "BOX_TYPE": "QUAD", "TRANSCRIPTION": true, "CONFIDENCES": false, "CRLF": false, "E2E": true, "CASE_SENSITIVE": true, "RS": true, "AREA_PRECISION_CONSTRAINT": 0.5, "GRANULARITY_PENALTY_WEIGHT": 1.0, "VERTICAL_ASPECT_RATIO_THRES": 2.0, "NUM_WORKERS": 2, "GT_SAMPLE_NAME_2_ID": "([0-9]+)", "DET_SAMPLE_NAME_2_ID": "([0-9]+)", "PER_SAMPLE_RESULTS": true}, "evaluationLog": "GT polygons: 3 (1 don't care) \nDET polygons: 2\n\nFind one-to-one matches\nMatch GT #1 with Det #0\nMatch GT #2 with Det #1\nFind one-to-many matches\nFind many-to-one matches\n<b>Detection | PRECISION\n</b><b>Detection | RECALL\n</b><b># of false positive chars\n</b>0\n=================================\n<b>End-to-End | Recall\n</b><b>End-to-End | Precision\n</b>", "EndtoEnd": {"precision": 0.42424242424242425, "recall": 0.9333333333333333, "hmean": 0.5833333333333333, "recognition_score": 0.42424242424242425}, "end2endMat": [[0.0, 0.0, 0.0, 0.0], [0.0, 0.0, 8.0, 0.0], [0.0, 0.0, 6.0, 0.0], [8.0, 6.0, 0.0, 0.0], [0.0, 0.0, 0.0, 0.0]], "gtTrans": ["###", "Spaghetti", "GOEMON"], "detTrans": ["Spaghett,0.995279", "GOEMON,0.9984119"], "gtQuery": ["###", "Spaghetti", "GOEMON"], "detQuery": ["Spaghett,0.995279", "GOEMON,0.9984119"]}