{"Rawdata": {"det_correct_num_recall": 4.0, "det_correct_num_precision": 3.0, "chars_gt": 20, "chars_det": 4.0, "num_splitted": 0, "num_merged": 1, "num_false_positive": 0, "char_missed": 16, "char_overlapped": 0, "char_false_positive": 0, "e2e_correct_num_recall": 4.0, "e2e_correct_num_precision": 3.0, "chars_recog": 15, "e2e_char_missed": 16.0, "e2e_char_false_positive": 11.0, "e2e_recog_score_chars": 15, "e2e_recog_score_correct_num": 4.0}, "Detection": {"precision": 0.75, "recall": 0.2, "hmean": 0.31578947368421056}, "pairs": [{"gt": [0], "det": [0], "type": "OO"}, {"gt": [0, 1], "det": [0], "type": "MO"}], "detectionMat": [[3.0, 3.0, 0.0], [1.0, 1.0, 0.0], [0.0, 0.0, 0.0], [0.0, 0.0, 0.0], [0.0, 0.0, 0.0], [0.0, 0.0, 0.0], [0.0, 0.0, 0.0], [4.0, 0.0, 0.0], [1.0, 0.0, 0.0]], "precisionMat": [[0.6119402985074629], [0.34442533705042117], [0.0], [0.0], [0.0], [0.0], [0.0]], "gtPolPoints": [[292.0, 100.0, 339.0, 109.0, 339.0, 134.0, 292.0, 125.0], [339.0, 113.0, 401.0, 123.0, 401.0, 145.0, 339.0, 135.0], [400.0, 125.0, 496.0, 142.0, 494.0, 164.0, 398.0, 147.0], [495.0, 146.0, 563.0, 157.0, 562.0, 175.0, 494.0, 164.0], [847.0, 234.0, 943.0, 229.0, 945.0, 244.0, 849.0, 249.0], [298.0, 206.0, 351.0, 222.0, 352.0, 254.0, 299.0, 238.0], [85.0, 284.0, 99.0, 285.0, 99.0, 302.0, 85.0, 301.0]], "detPolPoints": [[300.0, 102.0, 367.0, 116.0, 363.0, 136.0, 296.0, 122.0]], "gtCharPoints": [[[299.8333333333333, 114.0], [315.5, 117.0], [331.16666666666663, 120.0]], [[349.3333333333333, 125.66666666666667], [370.0, 129.0], [390.66666666666663, 132.33333333333334]], [[405.85714285714283, 137.21428571428572], [419.57142857142856, 139.64285714285714], [433.2857142857143, 142.07142857142858], [447.0, 144.5], [460.71428571428567, 146.92857142857144], [474.4285714285714, 149.35714285714286], [488.1428571428571, 151.78571428571428]], [[499.35714285714283, 155.78571428571428], [509.07142857142856, 157.35714285714286], [518.7857142857142, 158.92857142857142], [528.5, 160.5], [538.2142857142857, 162.07142857142856], [547.9285714285714, 163.64285714285714], [557.6428571428571, 165.2142857142857]], [[854.8571428571429, 241.14285714285714], [868.5714285714286, 240.42857142857142], [882.2857142857143, 239.71428571428572], [896.0, 239.0], [909.7142857142858, 238.28571428571428], [923.4285714285714, 237.57142857142856], [937.1428571428571, 236.85714285714286]], [[311.75, 226.0], [338.25, 234.0]], [[88.5, 292.75], [95.5, 293.25]]], "gtCharCounts": [[1.0, 1.0, 1.0], [1.0, 0.0, 0.0], [0.0, 0.0, 0.0, 0.0, 0.0, 0.0, 0.0], [0.0, 0.0, 0.0, 0.0, 0.0, 0.0, 0.0], [0.0, 0.0, 0.0, 0.0, 0.0, 0.0, 0.0], [0.0, 0.0], [0.0, 0.0]], "gtDontCare": [4, 5, 6], "detDontCare": [], "evaluationParams": {"GT_PATH": "gt/gt_IC15.zip", "SUBMIT_PATH": "result/result_paddleOCR_IC15.zip", "OUTPUT_PATH": "output/", "PORT": 8080, "BOX_TYPE": "QUAD", "TRANSCRIPTION": true, "CONFIDENCES": false, "CRLF": false, "E2E": true, "CASE_SENSITIVE": true, "RS": true, "AREA_PRECISION_CONSTRAINT": 0.5, "GRANULARITY_PENALTY_WEIGHT": 1.0, "VERTICAL_ASPECT_RATIO_THRES": 2.0, "NUM_WORKERS": 2, "GT_SAMPLE_NAME_2_ID": "([0-9]+)", "DET_SAMPLE_NAME_2_ID": "([0-9]+)", "PER_SAMPLE_RESULTS": true}, "evaluationLog": "GT polygons: 7 (3 don't care) \nDET polygons: 1\n\nFind one-to-one matches\nMatch GT #0 with Det #0\nFind one-to-many matches\nFind many-to-one matches\nMatch GT #[0, 1] with Det #0\n<b>Detection | PRECISION\n</b><b>Detection | RECALL\n</b><b># of false positive chars\n</b>0\n=================================\n<b>End-to-End | Recall\n</b><b>End-to-End | Precision\n</b>", "EndtoEnd": {"precision": 0.2, "recall": 0.2, "hmean": 0.20000000000000004, "recognition_score": 0.26666666666666666}, "end2endMat": [[0.0, 3.0, 0.0], [0.0, 1.0, 0.0], [0.0, 0.0, 0.0], [0.0, 0.0, 0.0], [0.0, 0.0, 0.0], [0.0, 0.0, 0.0], [0.0, 0.0, 0.0], [4.0, 0.0, 0.0], [1.0, 0.0, 0.0]], "gtTrans": ["LEE", "HWA", "DIAMOND", "GALLERY", "#######", "##", "##"], "detTrans": ["LEEH,0.99673676"], "gtQuery": ["LEE", "HWA", "DIAMOND", "GALLERY", "#######", "##", "##"], "detQuery": ["LEEH,0.99673676"]}