{"Rawdata": {"det_correct_num_recall": 0.0, "det_correct_num_precision": 0.0, "chars_gt": 18, "chars_det": 0, "num_splitted": 0, "num_merged": 0, "num_false_positive": 0, "char_missed": 18, "char_overlapped": 0, "char_false_positive": 0, "e2e_correct_num_recall": 0.0, "e2e_correct_num_precision": 0.0, "chars_recog": 0, "e2e_char_missed": 18.0, "e2e_char_false_positive": 0.0, "e2e_recog_score_chars": 0, "e2e_recog_score_correct_num": 0.0}, "Detection": {"precision": 0.0, "recall": 0.0, "hmean": 0}, "pairs": [], "detectionMat": [[0.0, 0.0], [0.0, 0.0], [0.0, 0.0], [0.0, 0.0], [0.0, 0.0]], "precisionMat": [[], [], []], "gtPolPoints": [[507.0, 463.0, 630.0, 464.0, 631.0, 497.0, 508.0, 496.0], [332.0, 199.0, 420.0, 199.0, 418.0, 220.0, 330.0, 219.0], [1185.0, 198.0, 1278.0, 200.0, 1278.0, 221.0, 1187.0, 221.0]], "detPolPoints": [], "gtCharPoints": [[[513.65, 479.55], [525.9499999999999, 479.65000000000003], [538.25, 479.75], [550.55, 479.85], [562.85, 479.95], [575.15, 480.05], [587.45, 480.15000000000003], [599.75, 480.25], [612.05, 480.35], [624.35, 480.45]], [[339.8, 209.05], [357.40000000000003, 209.15], [375.0, 209.25], [392.6, 209.35000000000002], [410.20000000000005, 209.45000000000002]], [[1191.75, 209.5625], [1203.25, 209.6875], [1214.75, 209.8125], [1226.25, 209.9375], [1237.75, 210.0625], [1249.25, 210.1875], [1260.75, 210.3125], [1272.25, 210.4375]]], "gtCharCounts": [0.0, 0.0, 0.0], "gtDontCare": [1], "detDontCare": [], "evaluationParams": {"GT_PATH": "gt/gt_IC15.zip", "SUBMIT_PATH": "result/result_paddleOCR_IC15.zip", "OUTPUT_PATH": "output/", "PORT": 8080, "BOX_TYPE": "QUAD", "TRANSCRIPTION": true, "CONFIDENCES": false, "CRLF": false, "E2E": true, "CASE_SENSITIVE": true, "RS": true, "AREA_PRECISION_CONSTRAINT": 0.5, "GRANULARITY_PENALTY_WEIGHT": 1.0, "VERTICAL_ASPECT_RATIO_THRES": 2.0, "NUM_WORKERS": 2, "GT_SAMPLE_NAME_2_ID": "([0-9]+)", "DET_SAMPLE_NAME_2_ID": "([0-9]+)", "PER_SAMPLE_RESULTS": true}, "evaluationLog": "GT polygons: 3 (1 don't care) \nDET polygons: 0\n\nFind one-to-one matches\nFind one-to-many matches\nFind many-to-one matches\n<b>Detection | PRECISION\n</b><b>Detection | RECALL\n</b><b># of false positive chars\n</b>0\n=================================\n<b>End-to-End | Recall\n</b><b>End-to-End | Precision\n</b>", "EndtoEnd": {"precision": 0.0, "recall": 0.0, "hmean": 0, "recognition_score": 0.0}, "end2endMat": [[0.0, 0.0], [0.0, 0.0], [0.0, 0.0], [0.0, 0.0], [0.0, 0.0]], "gtTrans": ["Timberland", "#####", "PHO    A"], "detTrans": [], "gtQuery": ["Timberland", "#####", "PHO    A"], "detQuery": []}