{"Rawdata": {"det_correct_num_recall": 7.0, "det_correct_num_precision": 7.0, "chars_gt": 23, "chars_det": 7.0, "num_splitted": 0, "num_merged": 0, "num_false_positive": 0, "char_missed": 16, "char_overlapped": 0, "char_false_positive": 0, "e2e_correct_num_recall": 6.0, "e2e_correct_num_precision": 6.0, "chars_recog": 27, "e2e_char_missed": 17.0, "e2e_char_false_positive": 21.0, "e2e_recog_score_chars": 27, "e2e_recog_score_correct_num": 6.0}, "Detection": {"precision": 1.0, "recall": 0.30434782608695654, "hmean": 0.4666666666666667}, "pairs": [{"gt": [0], "det": [0], "type": "OO"}, {"gt": [1], "det": [1], "type": "OO"}], "detectionMat": [[4.0, 0.0, 4.0, 0.0], [0.0, 3.0, 3.0, 0.0], [0.0, 0.0, 0.0, 0.0], [0.0, 0.0, 0.0, 0.0], [0.0, 0.0, 0.0, 0.0], [0.0, 0.0, 0.0, 0.0], [0.0, 0.0, 0.0, 0.0], [0.0, 0.0, 0.0, 0.0], [0.0, 0.0, 0.0, 0.0], [0.0, 0.0, 0.0, 0.0], [4.0, 3.0, 0.0, 0.0], [0.0, 0.0, 0.0, 0.0]], "precisionMat": [[0.723026199477927, 0.0], [0.0, 0.9998256138392847], [0.0, 0.0], [0.0, 0.0], [0.0, 0.0], [0.0, 0.0], [0.0, 0.0], [0.0, 0.0], [0.0, 0.0], [0.0, 0.0]], "gtPolPoints": [[213.0, 154.0, 360.0, 124.0, 368.0, 166.0, 222.0, 196.0], [350.0, 639.0, 386.0, 633.0, 390.0, 654.0, 353.0, 660.0], [356.0, 665.0, 375.0, 663.0, 380.0, 686.0, 361.0, 689.0], [380.0, 659.0, 447.0, 640.0, 451.0, 665.0, 383.0, 684.0], [450.0, 643.0, 497.0, 613.0, 503.0, 636.0, 456.0, 666.0], [380.0, 691.0, 412.0, 683.0, 418.0, 703.0, 386.0, 711.0], [418.0, 685.0, 498.0, 641.0, 505.0, 659.0, 425.0, 703.0], [751.0, 116.0, 798.0, 105.0, 806.0, 128.0, 758.0, 139.0], [333.0, 301.0, 356.0, 296.0, 362.0, 318.0, 340.0, 323.0], [754.0, 132.0, 808.0, 126.0, 812.0, 143.0, 757.0, 148.0]], "detPolPoints": [[212.0, 152.0, 405.0, 113.0, 413.0, 154.0, 220.0, 193.0], [355.0, 638.0, 387.0, 638.0, 387.0, 654.0, 355.0, 654.0]], "gtCharPoints": [[[235.8125, 171.25], [272.4375, 163.75], [309.0625, 156.25], [345.6875, 148.75]], [[357.5833333333333, 648.5], [369.75, 646.5], [381.91666666666663, 644.5]], [[363.25, 676.375], [372.75, 675.125]], [[389.9375, 669.125], [406.8125, 664.375], [423.6875, 659.625], [440.5625, 654.875]], [[460.8333333333333, 649.5], [476.5, 639.5], [492.16666666666663, 629.5]], [[387.0, 700.0], [395.0, 698.0], [403.0, 696.0], [411.0, 694.0]], [[429.5, 689.6], [445.5, 680.8000000000001], [461.5, 672.0], [477.5, 663.2], [493.5, 654.4]], [[759.25, 126.4], [768.75, 124.2], [778.25, 122.0], [787.75, 119.80000000000001], [797.25, 117.60000000000001]], [[342.125, 310.75], [353.375, 308.25]], [[762.3125, 139.3125], [775.9375, 137.9375], [789.5625, 136.5625], [803.1875, 135.1875]]], "gtCharCounts": [[1.0, 1.0, 1.0, 1.0], [1.0, 1.0, 1.0], [0.0, 0.0], [0.0, 0.0, 0.0, 0.0], [0.0, 0.0, 0.0], [0.0, 0.0, 0.0, 0.0], [0.0, 0.0, 0.0, 0.0, 0.0], [0.0, 0.0, 0.0, 0.0, 0.0], [0.0, 0.0], [0.0, 0.0, 0.0, 0.0]], "gtDontCare": [2, 6, 8, 9], "detDontCare": [], "evaluationParams": {"GT_PATH": "gt/gt_IC15.zip", "SUBMIT_PATH": "result/result_paddleOCR_IC15.zip", "OUTPUT_PATH": "output/", "PORT": 8080, "BOX_TYPE": "QUAD", "TRANSCRIPTION": true, "CONFIDENCES": false, "CRLF": false, "E2E": true, "CASE_SENSITIVE": true, "RS": true, "AREA_PRECISION_CONSTRAINT": 0.5, "GRANULARITY_PENALTY_WEIGHT": 1.0, "VERTICAL_ASPECT_RATIO_THRES": 2.0, "NUM_WORKERS": 2, "GT_SAMPLE_NAME_2_ID": "([0-9]+)", "DET_SAMPLE_NAME_2_ID": "([0-9]+)", "PER_SAMPLE_RESULTS": true}, "evaluationLog": "GT polygons: 10 (4 don't care) \nDET polygons: 2\n\nFind one-to-one matches\nMatch GT #0 with Det #0\nMatch GT #1 with Det #1\nFind one-to-many matches\nFind many-to-one matches\n<b>Detection | PRECISION\n</b><b>Detection | RECALL\n</b><b># of false positive chars\n</b>0\n=================================\n<b>End-to-End | Recall\n</b><b>End-to-End | Precision\n</b>", "EndtoEnd": {"precision": 0.2222222222222222, "recall": 0.2608695652173913, "hmean": 0.24, "recognition_score": 0.2222222222222222}, "end2endMat": [[0.0, 0.0, 4.0, 0.0], [0.0, 0.0, 2.0, 0.0], [0.0, 0.0, 0.0, 0.0], [0.0, 0.0, 0.0, 0.0], [0.0, 0.0, 0.0, 0.0], [0.0, 0.0, 0.0, 0.0], [0.0, 0.0, 0.0, 0.0], [0.0, 0.0, 0.0, 0.0], [0.0, 0.0, 0.0, 0.0], [0.0, 0.0, 0.0, 0.0], [4.0, 2.0, 0.0, 0.0], [0.0, 0.0, 0.0, 0.0]], "gtTrans": ["OSIM", "Say", "##", "Love", "you", "this", "#####", "-70 %", "##", "####"], "detTrans": ["OSIM,0.7487513", "Soy,0.6974996"], "gtQuery": ["OSIM", "Say", "##", "Love", "you", "this", "#####", "-70 %", "##", "####"], "detQuery": ["OSIM,0.7487513", "Soy,0.6974996"]}