{"Rawdata": {"det_correct_num_recall": 8.0, "det_correct_num_precision": 8.0, "chars_gt": 19, "chars_det": 8.0, "num_splitted": 0, "num_merged": 0, "num_false_positive": 0, "char_missed": 11, "char_overlapped": 0, "char_false_positive": 0, "e2e_correct_num_recall": 8.0, "e2e_correct_num_precision": 8.0, "chars_recog": 30, "e2e_char_missed": 11.0, "e2e_char_false_positive": 22.0, "e2e_recog_score_chars": 30, "e2e_recog_score_correct_num": 8.0}, "Detection": {"precision": 1.0, "recall": 0.42105263157894735, "hmean": 0.5925925925925926}, "pairs": [{"gt": [4], "det": [1], "type": "OO"}, {"gt": [5], "det": [0], "type": "OO"}], "detectionMat": [[0.0, 0.0, 0.0, 0.0], [0.0, 0.0, 0.0, 0.0], [0.0, 0.0, 0.0, 0.0], [0.0, 0.0, 0.0, 0.0], [0.0, 2.0, 2.0, 0.0], [6.0, 0.0, 6.0, 0.0], [6.0, 2.0, 0.0, 0.0], [0.0, 0.0, 0.0, 0.0]], "precisionMat": [[0.0, 0.0], [0.0, 0.0], [0.0, 0.0], [0.0, 0.0], [0.0, 1.0], [0.9725733674173175, 0.0]], "gtPolPoints": [[718.0, 129.0, 760.0, 132.0, 760.0, 160.0, 720.0, 160.0], [449.0, 65.0, 485.0, 95.0, 478.0, 131.0, 445.0, 103.0], [621.0, 189.0, 630.0, 190.0, 632.0, 209.0, 617.0, 215.0], [890.0, 247.0, 927.0, 247.0, 927.0, 266.0, 890.0, 266.0], [1031.0, 307.0, 1096.0, 310.0, 1096.0, 335.0, 1031.0, 333.0], [989.0, 85.0, 1151.0, 0.0, 1252.0, 0.0, 996.0, 145.0]], "detPolPoints": [[985.0, 84.0, 1150.0, 4.0, 1172.0, 50.0, 1007.0, 129.0], [1040.0, 314.0, 1087.0, 314.0, 1087.0, 332.0, 1040.0, 332.0]], "gtCharPoints": [[[724.125, 144.6875], [734.375, 145.0625], [744.625, 145.4375], [754.875, 145.8125]], [[451.3125, 87.625], [459.9375, 94.875], [468.5625, 102.125], [477.1875, 109.375]], [[622.0, 201.375], [628.0, 200.125]], [[899.25, 256.5], [917.75, 256.5]], [[1039.125, 320.3125], [1055.375, 320.9375], [1071.625, 321.5625], [1087.875, 322.1875]], [[1007.4285714285714, 106.78571428571429], [1037.2857142857142, 90.35714285714286], [1067.142857142857, 73.92857142857144], [1097.0, 57.500000000000014], [1126.857142857143, 41.071428571428584], [1156.7142857142858, 24.642857142857153], [1186.5714285714287, 8.214285714285737]]], "gtCharCounts": [[0.0, 0.0, 0.0, 0.0], [0.0, 0.0, 0.0, 0.0], [0.0, 0.0], [0.0, 0.0], [0.0, 1.0, 1.0, 0.0], [1.0, 1.0, 1.0, 1.0, 1.0, 1.0, 0.0]], "gtDontCare": [2, 3], "detDontCare": [], "evaluationParams": {"GT_PATH": "gt/gt_IC15.zip", "SUBMIT_PATH": "result/result_paddleOCR_IC15.zip", "OUTPUT_PATH": "output/", "PORT": 8080, "BOX_TYPE": "QUAD", "TRANSCRIPTION": true, "CONFIDENCES": false, "CRLF": false, "E2E": true, "CASE_SENSITIVE": true, "RS": true, "AREA_PRECISION_CONSTRAINT": 0.5, "GRANULARITY_PENALTY_WEIGHT": 1.0, "VERTICAL_ASPECT_RATIO_THRES": 2.0, "NUM_WORKERS": 2, "GT_SAMPLE_NAME_2_ID": "([0-9]+)", "DET_SAMPLE_NAME_2_ID": "([0-9]+)", "PER_SAMPLE_RESULTS": true}, "evaluationLog": "GT polygons: 6 (2 don't care) \nDET polygons: 2\n\nFind one-to-one matches\nMatch GT #4 with Det #1\nMatch GT #5 with Det #0\nFind one-to-many matches\nFind many-to-one matches\n<b>Detection | PRECISION\n</b><b>Detection | RECALL\n</b><b># of false positive chars\n</b>0\n=================================\n<b>End-to-End | Recall\n</b><b>End-to-End | Precision\n</b>", "EndtoEnd": {"precision": 0.26666666666666666, "recall": 0.42105263157894735, "hmean": 0.326530612244898, "recognition_score": 0.26666666666666666}, "end2endMat": [[0.0, 0.0, 0.0, 0.0], [0.0, 0.0, 0.0, 0.0], [0.0, 0.0, 0.0, 0.0], [0.0, 0.0, 0.0, 0.0], [0.0, 0.0, 2.0, 0.0], [0.0, 0.0, 6.0, 0.0], [6.0, 2.0, 0.0, 0.0], [0.0, 0.0, 0.0, 0.0]], "gtTrans": ["EXIT", "MARC", "##", "##", "SALE", "BRITISH"], "detTrans": ["BRITISI,0.9433614", "ALT,0.7694109"], "gtQuery": ["EXIT", "MARC", "##", "##", "SALE", "BRITISH"], "detQuery": ["BRITISI,0.9433614", "ALT,0.7694109"]}