{"Rawdata": {"det_correct_num_recall": 9.0, "det_correct_num_precision": 9.0, "chars_gt": 9, "chars_det": 9.0, "num_splitted": 0, "num_merged": 0, "num_false_positive": 0, "char_missed": 0, "char_overlapped": 0, "char_false_positive": 0, "e2e_correct_num_recall": 0.0, "e2e_correct_num_precision": 0.0, "chars_recog": 30, "e2e_char_missed": 9.0, "e2e_char_false_positive": 30.0, "e2e_recog_score_chars": 30, "e2e_recog_score_correct_num": 0.0}, "Detection": {"precision": 1.0, "recall": 1.0, "hmean": 1.0}, "pairs": [{"gt": [0], "det": [0], "type": "OO"}, {"gt": [1], "det": [1], "type": "OO"}], "detectionMat": [[4.0, 0.0, 4.0, 0.0], [0.0, 5.0, 5.0, 0.0], [0.0, 0.0, 0.0, 0.0], [4.0, 5.0, 0.0, 0.0], [0.0, 0.0, 0.0, 0.0]], "precisionMat": [[0.7865756234432133, 0.0], [0.0, 0.9869483605700362], [0.0, 0.0]], "gtPolPoints": [[371.0, 413.0, 451.0, 412.0, 450.0, 432.0, 371.0, 428.0], [364.0, 432.0, 455.0, 435.0, 454.0, 456.0, 365.0, 459.0], [890.0, 194.0, 1012.0, 217.0, 1008.0, 240.0, 886.0, 216.0]], "detPolPoints": [[372.0, 409.0, 451.0, 409.0, 451.0, 431.0, 372.0, 431.0], [368.0, 434.0, 452.0, 434.0, 452.0, 457.0, 368.0, 457.0]], "gtCharPoints": [[[380.9375, 420.6875], [400.8125, 421.0625], [420.6875, 421.4375], [440.5625, 421.8125]], [[373.5, 445.5], [391.5, 445.5], [409.5, 445.5], [427.5, 445.5], [445.5, 445.5]], [[898.1666666666666, 206.95833333333334], [918.5, 210.875], [938.8333333333333, 214.79166666666669], [959.1666666666666, 218.70833333333334], [979.5, 222.625], [999.8333333333333, 226.54166666666669]]], "gtCharCounts": [[1.0, 1.0, 1.0, 1.0], [1.0, 1.0, 1.0, 1.0, 1.0], [0.0, 0.0, 0.0, 0.0, 0.0, 0.0]], "gtDontCare": [2], "detDontCare": [], "evaluationParams": {"GT_PATH": "gt/gt_IC15.zip", "SUBMIT_PATH": "result/result_paddleOCR_IC15.zip", "OUTPUT_PATH": "output/", "PORT": 8080, "BOX_TYPE": "QUAD", "TRANSCRIPTION": true, "CONFIDENCES": false, "CRLF": false, "E2E": true, "CASE_SENSITIVE": true, "RS": true, "AREA_PRECISION_CONSTRAINT": 0.5, "GRANULARITY_PENALTY_WEIGHT": 1.0, "VERTICAL_ASPECT_RATIO_THRES": 2.0, "NUM_WORKERS": 2, "GT_SAMPLE_NAME_2_ID": "([0-9]+)", "DET_SAMPLE_NAME_2_ID": "([0-9]+)", "PER_SAMPLE_RESULTS": true}, "evaluationLog": "GT polygons: 3 (1 don't care) \nDET polygons: 2\n\nFind one-to-one matches\nMatch GT #0 with Det #0\nMatch GT #1 with Det #1\nFind one-to-many matches\nFind many-to-one matches\n<b>Detection | PRECISION\n</b><b>Detection | RECALL\n</b><b># of false positive chars\n</b>0\n=================================\n<b>End-to-End | Recall\n</b><b>End-to-End | Precision\n</b>", "EndtoEnd": {"precision": 0.0, "recall": 0.0, "hmean": 0, "recognition_score": 0.0}, "end2endMat": [[0.0, 0.0, 0.0, 0.0], [0.0, 0.0, 0.0, 0.0], [0.0, 0.0, 0.0, 0.0], [0.0, 0.0, 0.0, 0.0], [0.0, 0.0, 0.0, 0.0]], "gtTrans": ["dont", "panic", "######"], "detTrans": ["DOHT,0.96804285", "PANIC,0.9575222"], "gtQuery": ["dont", "panic", "######"], "detQuery": ["DOHT,0.96804285", "PANIC,0.9575222"]}