{"Rawdata": {"det_correct_num_recall": 20.0, "det_correct_num_precision": 18.0, "chars_gt": 20, "chars_det": 20.0, "num_splitted": 0, "num_merged": 2, "num_false_positive": 0, "char_missed": 0, "char_overlapped": 0, "char_false_positive": 0, "e2e_correct_num_recall": 15.0, "e2e_correct_num_precision": 13.0, "chars_recog": 51, "e2e_char_missed": 5.0, "e2e_char_false_positive": 36.0, "e2e_recog_score_chars": 51, "e2e_recog_score_correct_num": 15.0}, "Detection": {"precision": 0.9, "recall": 1.0, "hmean": 0.9473684210526316}, "pairs": [{"gt": [4], "det": [2], "type": "OO"}, {"gt": [0, 1], "det": [0], "type": "MO"}, {"gt": [2, 3], "det": [1], "type": "MO"}], "detectionMat": [[5.0, 0.0, 0.0, 5.0, 0.0], [4.0, 0.0, 0.0, 4.0, 0.0], [0.0, 3.0, 0.0, 3.0, 0.0], [0.0, 3.0, 0.0, 3.0, 0.0], [0.0, 0.0, 5.0, 5.0, 0.0], [0.0, 0.0, 0.0, 0.0, 0.0], [0.0, 0.0, 0.0, 0.0, 0.0], [0.0, 0.0, 0.0, 0.0, 0.0], [0.0, 0.0, 0.0, 0.0, 0.0], [0.0, 0.0, 0.0, 0.0, 0.0], [0.0, 0.0, 0.0, 0.0, 0.0], [9.0, 6.0, 5.0, 0.0, 0.0], [1.0, 1.0, 0.0, 0.0, 0.0]], "precisionMat": [[0.42664593053395544, 0.0, 0.0], [0.31026159418484084, 0.00018832810611621963, 0.0], [0.0, 0.3243781094527363, 0.0], [0.0, 0.29187396351575456, 1.960364984316918e-05], [0.0, 0.0, 0.7090119345245036], [0.0, 0.0, 0.0], [0.0, 0.0, 0.0], [0.0, 0.0, 0.0], [0.0, 0.0, 0.0], [0.0, 0.0, 0.0], [0.0, 0.0, 0.0]], "gtPolPoints": [[60.0, 184.0, 106.0, 195.0, 101.0, 212.0, 56.0, 201.0], [106.0, 193.0, 140.0, 203.0, 134.0, 220.0, 99.0, 210.0], [70.0, 213.0, 99.0, 219.0, 93.0, 235.0, 65.0, 229.0], [101.0, 219.0, 125.0, 223.0, 117.0, 240.0, 93.0, 236.0], [78.0, 237.0, 115.0, 244.0, 109.0, 262.0, 71.0, 255.0], [201.0, 556.0, 279.0, 517.0, 276.0, 553.0, 199.0, 592.0], [223.0, 187.0, 255.0, 197.0, 253.0, 210.0, 221.0, 200.0], [221.0, 206.0, 235.0, 209.0, 233.0, 220.0, 219.0, 217.0], [234.0, 211.0, 255.0, 215.0, 252.0, 226.0, 231.0, 222.0], [289.0, 257.0, 330.0, 259.0, 320.0, 323.0, 279.0, 321.0], [332.0, 29.0, 504.0, 159.0, 499.0, 202.0, 327.0, 72.0]], "detPolPoints": [[58.0, 183.0, 137.0, 194.0, 134.0, 218.0, 55.0, 207.0], [66.0, 209.0, 128.0, 218.0, 124.0, 242.0, 63.0, 233.0], [70.0, 237.0, 118.0, 240.0, 116.0, 261.0, 69.0, 258.0]], "gtCharPoints": [[[62.55, 193.6], [71.64999999999999, 195.79999999999998], [80.75, 198.0], [89.85, 200.2], [98.94999999999999, 202.4]], [[106.8125, 202.75], [115.4375, 205.25], [124.0625, 207.75], [132.6875, 210.25]], [[72.25, 222.0], [81.75, 224.0], [91.25, 226.0]], [[101.0, 228.16666666666666], [109.0, 229.5], [117.0, 230.83333333333331]], [[78.25, 246.7], [85.75, 248.1], [93.25, 249.5], [100.75, 250.89999999999998], [108.25, 252.29999999999998]], [[212.91666666666666, 567.5], [238.75, 554.5], [264.5833333333333, 541.5]], [[227.33333333333334, 195.16666666666666], [238.0, 198.5], [248.66666666666669, 201.83333333333331]], [[223.5, 212.25], [230.5, 213.75]], [[237.75, 217.5], [248.25, 219.5]], [[294.25, 289.5], [314.75, 290.5]], [[346.7, 63.5], [381.09999999999997, 89.5], [415.5, 115.5], [449.9, 141.5], [484.29999999999995, 167.5]]], "gtCharCounts": [[1.0, 1.0, 1.0, 1.0, 1.0], [1.0, 1.0, 1.0, 1.0], [1.0, 1.0, 1.0], [1.0, 1.0, 1.0], [1.0, 1.0, 1.0, 1.0, 1.0], [0.0, 0.0, 0.0], [0.0, 0.0, 0.0], [0.0, 0.0], [0.0, 0.0], [0.0, 0.0], [0.0, 0.0, 0.0, 0.0, 0.0]], "gtDontCare": [5, 6, 7, 8, 9, 10], "detDontCare": [], "evaluationParams": {"GT_PATH": "gt/gt_IC15.zip", "SUBMIT_PATH": "result/result_paddleOCR_IC15.zip", "OUTPUT_PATH": "output/", "PORT": 8080, "BOX_TYPE": "QUAD", "TRANSCRIPTION": true, "CONFIDENCES": false, "CRLF": false, "E2E": true, "CASE_SENSITIVE": true, "RS": true, "AREA_PRECISION_CONSTRAINT": 0.5, "GRANULARITY_PENALTY_WEIGHT": 1.0, "VERTICAL_ASPECT_RATIO_THRES": 2.0, "NUM_WORKERS": 2, "GT_SAMPLE_NAME_2_ID": "([0-9]+)", "DET_SAMPLE_NAME_2_ID": "([0-9]+)", "PER_SAMPLE_RESULTS": true}, "evaluationLog": "GT polygons: 11 (6 don't care) \nDET polygons: 3\n\nFind one-to-one matches\nMatch GT #4 with Det #2\nFind one-to-many matches\nFind many-to-one matches\nMatch GT #[0, 1] with Det #0\nMatch GT #[2, 3] with Det #1\n<b>Detection | PRECISION\n</b><b>Detection | RECALL\n</b><b># of false positive chars\n</b>0\n=================================\n<b>End-to-End | Recall\n</b><b>End-to-End | Precision\n</b>", "EndtoEnd": {"precision": 0.2549019607843137, "recall": 0.75, "hmean": 0.3804878048780488, "recognition_score": 0.29411764705882354}, "end2endMat": [[0.0, 0.0, 0.0, 4.0, 0.0], [0.0, 0.0, 0.0, 1.0, 0.0], [0.0, 0.0, 0.0, 3.0, 0.0], [0.0, 0.0, 0.0, 3.0, 0.0], [0.0, 0.0, 0.0, 4.0, 0.0], [0.0, 0.0, 0.0, 0.0, 0.0], [0.0, 0.0, 0.0, 0.0, 0.0], [0.0, 0.0, 0.0, 0.0, 0.0], [0.0, 0.0, 0.0, 0.0, 0.0], [0.0, 0.0, 0.0, 0.0, 0.0], [0.0, 0.0, 0.0, 0.0, 0.0], [5.0, 6.0, 4.0, 0.0, 0.0], [1.0, 1.0, 0.0, 0.0, 0.0]], "gtTrans": ["SMELL", "SEXY", "ALL", "THE", "TIME!", "###", "###", "##", "##", "##", "#####"], "detTrans": ["SMeLLsEx,0.6562215", "ALL THE,0.93164593", "TIMEI,0.9944693"], "gtQuery": ["SMELL", "SEXY", "ALL", "THE", "TIME!", "###", "###", "##", "##", "##", "#####"], "detQuery": ["SMeLLsEx,0.6562215", "ALL THE,0.93164593", "TIMEI,0.9944693"]}