{"Rawdata": {"det_correct_num_recall": 13.0, "det_correct_num_precision": 13.0, "chars_gt": 20, "chars_det": 13.0, "num_splitted": 0, "num_merged": 0, "num_false_positive": 0, "char_missed": 7, "char_overlapped": 0, "char_false_positive": 0, "e2e_correct_num_recall": 13.0, "e2e_correct_num_precision": 13.0, "chars_recog": 34, "e2e_char_missed": 7.0, "e2e_char_false_positive": 21.0, "e2e_recog_score_chars": 34, "e2e_recog_score_correct_num": 13.0}, "Detection": {"precision": 1.0, "recall": 0.65, "hmean": 0.787878787878788}, "pairs": [{"gt": [1], "det": [0], "type": "OO"}, {"gt": [2], "det": [1], "type": "OO"}], "detectionMat": [[0.0, 0.0, 0.0, 0.0], [7.0, 0.0, 7.0, 0.0], [0.0, 6.0, 6.0, 0.0], [7.0, 6.0, 0.0, 0.0], [0.0, 0.0, 0.0, 0.0]], "precisionMat": [[0.0, 0.0], [0.9715447154471534, 0.0], [0.0, 0.9330568299014891]], "gtPolPoints": [[628.0, 303.0, 673.0, 304.0, 670.0, 328.0, 625.0, 326.0], [1012.0, 345.0, 1120.0, 349.0, 1121.0, 365.0, 1013.0, 361.0], [1025.0, 418.0, 1125.0, 419.0, 1125.0, 443.0, 1025.0, 441.0]], "detPolPoints": [[1025.0, 349.0, 1107.0, 349.0, 1107.0, 363.0, 1025.0, 363.0], [1032.0, 414.0, 1114.0, 421.0, 1112.0, 441.0, 1030.0, 434.0]], "gtCharPoints": [[[632.125, 314.6875], [643.375, 315.0625], [654.625, 315.4375], [665.875, 315.8125]], [[1018.5, 353.22222222222223], [1030.5, 353.6666666666667], [1042.5, 354.11111111111114], [1054.5, 354.55555555555554], [1066.5, 355.0], [1078.5, 355.44444444444446], [1090.5, 355.8888888888889], [1102.5, 356.3333333333333], [1114.5, 356.77777777777777]], [[1032.142857142857, 429.60714285714283], [1046.4285714285713, 429.82142857142856], [1060.7142857142858, 430.0357142857143], [1075.0, 430.25], [1089.2857142857142, 430.46428571428567], [1103.5714285714284, 430.6785714285714], [1117.857142857143, 430.8928571428571]]], "gtCharCounts": [[0.0, 0.0, 0.0, 0.0], [0.0, 1.0, 1.0, 1.0, 1.0, 1.0, 1.0, 1.0, 0.0], [1.0, 1.0, 1.0, 1.0, 1.0, 1.0, 0.0]], "gtDontCare": [], "detDontCare": [], "evaluationParams": {"GT_PATH": "gt/gt_IC15.zip", "SUBMIT_PATH": "result/result_paddleOCR_IC15.zip", "OUTPUT_PATH": "output/", "PORT": 8080, "BOX_TYPE": "QUAD", "TRANSCRIPTION": true, "CONFIDENCES": false, "CRLF": false, "E2E": true, "CASE_SENSITIVE": true, "RS": true, "AREA_PRECISION_CONSTRAINT": 0.5, "GRANULARITY_PENALTY_WEIGHT": 1.0, "VERTICAL_ASPECT_RATIO_THRES": 2.0, "NUM_WORKERS": 2, "GT_SAMPLE_NAME_2_ID": "([0-9]+)", "DET_SAMPLE_NAME_2_ID": "([0-9]+)", "PER_SAMPLE_RESULTS": true}, "evaluationLog": "GT polygons: 3 (0 don't care) \nDET polygons: 2\n\nFind one-to-one matches\nMatch GT #1 with Det #0\nMatch GT #2 with Det #1\nFind one-to-many matches\nFind many-to-one matches\n<b>Detection | PRECISION\n</b><b>Detection | RECALL\n</b><b># of false positive chars\n</b>0\n=================================\n<b>End-to-End | Recall\n</b><b>End-to-End | Precision\n</b>", "EndtoEnd": {"precision": 0.38235294117647056, "recall": 0.65, "hmean": 0.48148148148148157, "recognition_score": 0.38235294117647056}, "end2endMat": [[0.0, 0.0, 0.0, 0.0], [0.0, 0.0, 7.0, 0.0], [0.0, 0.0, 6.0, 0.0], [7.0, 6.0, 0.0, 0.0], [0.0, 0.0, 0.0, 0.0]], "gtTrans": ["EXIT", "#B2-02/03", "Saboten"], "detTrans": ["B2.02/0,0.90239996", "Saboter,0.946174"], "gtQuery": ["EXIT", "#B2-02/03", "Saboten"], "detQuery": ["B2.02/0,0.90239996", "Saboter,0.946174"]}