{"Rawdata": {"det_correct_num_recall": 0.0, "det_correct_num_precision": 0.0, "chars_gt": 9, "chars_det": 0, "num_splitted": 0, "num_merged": 0, "num_false_positive": 0, "char_missed": 9, "char_overlapped": 0, "char_false_positive": 0, "e2e_correct_num_recall": 0.0, "e2e_correct_num_precision": 0.0, "chars_recog": 0, "e2e_char_missed": 9.0, "e2e_char_false_positive": 0.0, "e2e_recog_score_chars": 0, "e2e_recog_score_correct_num": 0.0}, "Detection": {"precision": 0.0, "recall": 0.0, "hmean": 0}, "pairs": [], "detectionMat": [[0.0, 0.0], [0.0, 0.0], [0.0, 0.0], [0.0, 0.0], [0.0, 0.0], [0.0, 0.0], [0.0, 0.0], [0.0, 0.0], [0.0, 0.0]], "precisionMat": [[], [], [], [], [], [], []], "gtPolPoints": [[165.0, 1.0, 251.0, 49.0, 251.0, 104.0, 165.0, 56.0], [216.0, 97.0, 252.0, 114.0, 251.0, 128.0, 215.0, 110.0], [1091.0, 154.0, 1115.0, 149.0, 1116.0, 165.0, 1092.0, 170.0], [1116.0, 146.0, 1189.0, 128.0, 1190.0, 146.0, 1117.0, 164.0], [1190.0, 127.0, 1200.0, 125.0, 1202.0, 143.0, 1192.0, 145.0], [1201.0, 123.0, 1234.0, 114.0, 1236.0, 132.0, 1203.0, 141.0], [1019.0, 164.0, 1086.0, 150.0, 1087.0, 176.0, 1020.0, 191.0]], "detPolPoints": [], "gtCharPoints": [[[172.16666666666666, 32.5], [186.5, 40.5], [200.83333333333331, 48.5], [215.16666666666666, 56.5], [229.5, 64.5], [243.83333333333331, 72.5]], [[221.5, 106.41666666666667], [233.5, 112.25], [245.5, 118.08333333333334]], [[1097.5, 160.75], [1109.5, 158.25]], [[1123.8, 153.2], [1138.3999999999999, 149.6], [1153.0, 146.0], [1167.6, 142.39999999999998], [1182.2, 138.79999999999998]], [[1193.5, 135.5], [1198.5, 134.5]], [[1207.5, 130.5], [1218.5, 127.5], [1229.5, 124.5]], [[1030.6666666666667, 175.08333333333334], [1053.0, 170.25], [1075.3333333333335, 165.41666666666669]]], "gtCharCounts": [0.0, 0.0, 0.0, 0.0, 0.0, 0.0, 0.0], "gtDontCare": [1, 2, 3, 4, 6], "detDontCare": [], "evaluationParams": {"GT_PATH": "gt/gt_IC15.zip", "SUBMIT_PATH": "result/result_paddleOCR_IC15.zip", "OUTPUT_PATH": "output/", "PORT": 8080, "BOX_TYPE": "QUAD", "TRANSCRIPTION": true, "CONFIDENCES": false, "CRLF": false, "E2E": true, "CASE_SENSITIVE": true, "RS": true, "AREA_PRECISION_CONSTRAINT": 0.5, "GRANULARITY_PENALTY_WEIGHT": 1.0, "VERTICAL_ASPECT_RATIO_THRES": 2.0, "NUM_WORKERS": 2, "GT_SAMPLE_NAME_2_ID": "([0-9]+)", "DET_SAMPLE_NAME_2_ID": "([0-9]+)", "PER_SAMPLE_RESULTS": true}, "evaluationLog": "GT polygons: 7 (5 don't care) \nDET polygons: 0\n\nFind one-to-one matches\nFind one-to-many matches\nFind many-to-one matches\n<b>Detection | PRECISION\n</b><b>Detection | RECALL\n</b><b># of false positive chars\n</b>0\n=================================\n<b>End-to-End | Recall\n</b><b>End-to-End | Precision\n</b>", "EndtoEnd": {"precision": 0.0, "recall": 0.0, "hmean": 0, "recognition_score": 0.0}, "end2endMat": [[0.0, 0.0], [0.0, 0.0], [0.0, 0.0], [0.0, 0.0], [0.0, 0.0], [0.0, 0.0], [0.0, 0.0], [0.0, 0.0], [0.0, 0.0]], "gtTrans": ["March\u00e9", "###", "##", "#####", "##", "BAR", "###"], "detTrans": [], "gtQuery": ["March\u00e9", "###", "##", "#####", "##", "BAR", "###"], "detQuery": []}