{"Rawdata": {"det_correct_num_recall": 20.0, "det_correct_num_precision": 18.0, "chars_gt": 38, "chars_det": 20.0, "num_splitted": 0, "num_merged": 2, "num_false_positive": 0, "char_missed": 18, "char_overlapped": 0, "char_false_positive": 0, "e2e_correct_num_recall": 6.0, "e2e_correct_num_precision": 4.0, "chars_recog": 38, "e2e_char_missed": 32.0, "e2e_char_false_positive": 32.0, "e2e_recog_score_chars": 38, "e2e_recog_score_correct_num": 6.0}, "Detection": {"precision": 0.9, "recall": 0.5263157894736842, "hmean": 0.6642066420664207}, "pairs": [{"gt": [0], "det": [0], "type": "OO"}, {"gt": [3], "det": [1], "type": "OO"}, {"gt": [0, 1], "det": [0], "type": "MO"}, {"gt": [2, 3], "det": [1], "type": "MO"}], "detectionMat": [[4.0, 0.0, 4.0, 0.0], [3.0, 0.0, 3.0, 0.0], [0.0, 5.0, 5.0, 0.0], [0.0, 8.0, 8.0, 0.0], [0.0, 0.0, 0.0, 0.0], [0.0, 0.0, 0.0, 0.0], [0.0, 0.0, 0.0, 0.0], [0.0, 0.0, 0.0, 0.0], [0.0, 0.0, 0.0, 0.0], [7.0, 13.0, 0.0, 0.0], [1.0, 1.0, 0.0, 0.0]], "precisionMat": [[0.5163354422454836, 0.12960562440847145], [0.2876813559228437, 0.07934436352028874], [0.022000118600390865, 0.39013943219470787], [0.04850877724292929, 0.5519023908312108], [0.0, 0.0], [0.0, 0.0], [0.0, 0.0], [0.08249995265481826, 0.0], [0.0, 0.0]], "gtPolPoints": [[130.0, 20.0, 217.0, 39.0, 203.0, 93.0, 116.0, 74.0], [226.0, 44.0, 281.0, 64.0, 276.0, 112.0, 220.0, 91.0], [140.0, 70.0, 191.0, 83.0, 183.0, 114.0, 132.0, 102.0], [194.0, 85.0, 275.0, 98.0, 265.0, 130.0, 184.0, 116.0], [309.0, 236.0, 335.0, 235.0, 318.0, 467.0, 293.0, 468.0], [462.0, 328.0, 495.0, 323.0, 494.0, 340.0, 464.0, 347.0], [995.0, 273.0, 1025.0, 276.0, 1036.0, 331.0, 1001.0, 332.0], [174.0, 1.0, 250.0, 16.0, 239.0, 53.0, 166.0, 32.0], [666.0, 1.0, 690.0, 14.0, 687.0, 47.0, 664.0, 36.0]], "detPolPoints": [[128.0, 15.0, 284.0, 52.0, 271.0, 106.0, 115.0, 68.0], [138.0, 71.0, 267.0, 97.0, 261.0, 129.0, 131.0, 103.0]], "gtCharPoints": [[[133.875, 49.375], [155.625, 54.125], [177.375, 58.875], [199.125, 63.625]], [[232.25, 70.91666666666667], [250.75, 77.75], [269.25, 84.58333333333334]], [[141.1, 87.25], [151.29999999999998, 89.75], [161.5, 92.25], [171.7, 94.75], [181.89999999999998, 97.25]], [[193.5, 101.25], [202.5, 102.75], [211.5, 104.25], [220.5, 105.75], [229.5, 107.25], [238.5, 108.75], [247.5, 110.25], [256.5, 111.75], [265.5, 113.25]], [[306.325, 455.9], [307.97499999999997, 432.7], [309.625, 409.5], [311.275, 386.29999999999995], [312.925, 363.09999999999997], [314.575, 339.9], [316.22499999999997, 316.7], [317.875, 293.5], [319.525, 270.29999999999995], [321.175, 247.1]], [[470.875, 336.0], [486.625, 333.0]], [[1006.125, 302.75], [1022.375, 303.25]], [[175.32142857142858, 17.785714285714285], [185.96428571428572, 20.357142857142858], [196.60714285714286, 22.928571428571427], [207.25, 25.5], [217.89285714285717, 28.07142857142857], [228.53571428571428, 30.642857142857142], [239.17857142857144, 33.214285714285715]], [[670.875, 21.5], [682.625, 27.5]]], "gtCharCounts": [[1.0, 1.0, 1.0, 1.0], [1.0, 1.0, 1.0], [1.0, 1.0, 1.0, 1.0, 1.0], [1.0, 1.0, 1.0, 1.0, 1.0, 1.0, 1.0, 1.0, 0.0], [0.0, 0.0, 0.0, 0.0, 0.0, 0.0, 0.0, 0.0, 0.0, 0.0], [0.0, 0.0], [0.0, 0.0], [0.0, 0.0, 0.0, 0.0, 0.0, 0.0, 0.0], [0.0, 0.0]], "gtDontCare": [5, 6, 8], "detDontCare": [], "evaluationParams": {"GT_PATH": "gt/gt_IC15.zip", "SUBMIT_PATH": "result/result_paddleOCR_IC15.zip", "OUTPUT_PATH": "output/", "PORT": 8080, "BOX_TYPE": "QUAD", "TRANSCRIPTION": true, "CONFIDENCES": false, "CRLF": false, "E2E": true, "CASE_SENSITIVE": true, "RS": true, "AREA_PRECISION_CONSTRAINT": 0.5, "GRANULARITY_PENALTY_WEIGHT": 1.0, "VERTICAL_ASPECT_RATIO_THRES": 2.0, "NUM_WORKERS": 2, "GT_SAMPLE_NAME_2_ID": "([0-9]+)", "DET_SAMPLE_NAME_2_ID": "([0-9]+)", "PER_SAMPLE_RESULTS": true}, "evaluationLog": "GT polygons: 9 (3 don't care) \nDET polygons: 2\n\nFind one-to-one matches\nMatch GT #0 with Det #0\nMatch GT #3 with Det #1\nFind one-to-many matches\nFind many-to-one matches\nMatch GT #[0, 1] with Det #0\nMatch GT #[2, 3] with Det #1\n<b>Detection | PRECISION\n</b><b>Detection | RECALL\n</b><b># of false positive chars\n</b>0\n=================================\n<b>End-to-End | Recall\n</b><b>End-to-End | Precision\n</b>", "EndtoEnd": {"precision": 0.10526315789473684, "recall": 0.15789473684210525, "hmean": 0.1263157894736842, "recognition_score": 0.15789473684210525}, "end2endMat": [[0.0, 0.0, 0.0, 0.0], [0.0, 0.0, 0.0, 0.0], [0.0, 0.0, 2.0, 0.0], [0.0, 0.0, 4.0, 0.0], [0.0, 0.0, 0.0, 0.0], [0.0, 0.0, 0.0, 0.0], [0.0, 0.0, 0.0, 0.0], [0.0, 0.0, 0.0, 0.0], [0.0, 0.0, 0.0, 0.0], [0.0, 6.0, 0.0, 0.0], [1.0, 1.0, 0.0, 0.0]], "gtTrans": ["your", "way", "after", "shopping!", "CHOCOOLATE", "##", "##", "indulge", "##"], "detTrans": ["COUUP HIOL,0.5792459", "agtshupp,0.6699389"], "gtQuery": ["your", "way", "after", "shopping!", "CHOCOOLATE", "##", "##", "indulge", "##"], "detQuery": ["COUUP HIOL,0.5792459", "agtshupp,0.6699389"]}