{"Rawdata": {"det_correct_num_recall": 0.0, "det_correct_num_precision": 0.0, "chars_gt": 9, "chars_det": 0, "num_splitted": 0, "num_merged": 0, "num_false_positive": 0, "char_missed": 9, "char_overlapped": 0, "char_false_positive": 0, "e2e_correct_num_recall": 0.0, "e2e_correct_num_precision": 0.0, "chars_recog": 0, "e2e_char_missed": 9.0, "e2e_char_false_positive": 0.0, "e2e_recog_score_chars": 0, "e2e_recog_score_correct_num": 0.0}, "Detection": {"precision": 0.0, "recall": 0.0, "hmean": 0}, "pairs": [], "detectionMat": [[0.0, 0.0], [0.0, 0.0], [0.0, 0.0], [0.0, 0.0], [0.0, 0.0], [0.0, 0.0], [0.0, 0.0], [0.0, 0.0], [0.0, 0.0], [0.0, 0.0], [0.0, 0.0], [0.0, 0.0], [0.0, 0.0], [0.0, 0.0]], "precisionMat": [[], [], [], [], [], [], [], [], [], [], [], []], "gtPolPoints": [[1192.0, 276.0, 1237.0, 272.0, 1236.0, 295.0, 1191.0, 300.0], [477.0, 373.0, 498.0, 375.0, 497.0, 391.0, 479.0, 391.0], [274.0, 181.0, 292.0, 197.0, 287.0, 217.0, 260.0, 209.0], [481.0, 209.0, 501.0, 211.0, 500.0, 223.0, 480.0, 220.0], [488.0, 279.0, 554.0, 289.0, 552.0, 309.0, 487.0, 298.0], [256.0, 170.0, 271.0, 182.0, 266.0, 209.0, 247.0, 197.0], [232.0, 154.0, 253.0, 171.0, 250.0, 200.0, 223.0, 190.0], [1168.0, 280.0, 1191.0, 278.0, 1190.0, 300.0, 1167.0, 302.0], [1133.0, 286.0, 1166.0, 282.0, 1166.0, 302.0, 1133.0, 307.0], [859.0, 97.0, 892.0, 71.0, 895.0, 100.0, 862.0, 125.0], [891.0, 65.0, 936.0, 16.0, 939.0, 52.0, 894.0, 101.0], [718.0, 243.0, 747.0, 220.0, 746.0, 248.0, 717.0, 272.0]], "detPolPoints": [], "gtCharPoints": [[[1202.75, 286.875], [1225.25, 284.625]], [[482.875, 382.25], [492.625, 382.75]], [[270.75, 197.0], [278.25, 201.0], [285.75, 205.0]], [[485.5, 215.125], [495.5, 216.375]], [[495.6875, 289.8125], [512.0625, 292.4375], [528.4375, 295.0625], [544.8125, 297.6875]], [[255.75, 186.5], [264.25, 192.5]], [[231.5, 174.25], [239.5, 178.75], [247.5, 183.25]], [[1173.25, 290.5], [1184.75, 289.5]], [[1141.25, 295.375], [1157.75, 293.125]], [[868.75, 104.625], [885.25, 91.875]], [[903.75, 70.75], [926.25, 46.25]], [[722.3333333333334, 253.58333333333334], [732.0, 245.75], [741.6666666666667, 237.91666666666669]]], "gtCharCounts": [0.0, 0.0, 0.0, 0.0, 0.0, 0.0, 0.0, 0.0, 0.0, 0.0, 0.0, 0.0], "gtDontCare": [0, 1, 3, 4, 5, 7, 8, 9, 10], "detDontCare": [], "evaluationParams": {"GT_PATH": "gt/gt_IC15.zip", "SUBMIT_PATH": "result/result_paddleOCR_IC15.zip", "OUTPUT_PATH": "output/", "PORT": 8080, "BOX_TYPE": "QUAD", "TRANSCRIPTION": true, "CONFIDENCES": false, "CRLF": false, "E2E": true, "CASE_SENSITIVE": true, "RS": true, "AREA_PRECISION_CONSTRAINT": 0.5, "GRANULARITY_PENALTY_WEIGHT": 1.0, "VERTICAL_ASPECT_RATIO_THRES": 2.0, "NUM_WORKERS": 2, "GT_SAMPLE_NAME_2_ID": "([0-9]+)", "DET_SAMPLE_NAME_2_ID": "([0-9]+)", "PER_SAMPLE_RESULTS": true}, "evaluationLog": "GT polygons: 12 (9 don't care) \nDET polygons: 0\n\nFind one-to-one matches\nFind one-to-many matches\nFind many-to-one matches\n<b>Detection | PRECISION\n</b><b>Detection | RECALL\n</b><b># of false positive chars\n</b>0\n=================================\n<b>End-to-End | Recall\n</b><b>End-to-End | Precision\n</b>", "EndtoEnd": {"precision": 0.0, "recall": 0.0, "hmean": 0, "recognition_score": 0.0}, "end2endMat": [[0.0, 0.0], [0.0, 0.0], [0.0, 0.0], [0.0, 0.0], [0.0, 0.0], [0.0, 0.0], [0.0, 0.0], [0.0, 0.0], [0.0, 0.0], [0.0, 0.0], [0.0, 0.0], [0.0, 0.0], [0.0, 0.0], [0.0, 0.0]], "gtTrans": ["##", "##", "ART", "##", "####", "##", "ODE", "##", "##", "##", "##", "NOT"], "detTrans": [], "gtQuery": ["##", "##", "ART", "##", "####", "##", "ODE", "##", "##", "##", "##", "NOT"], "detQuery": []}