{"Rawdata": {"det_correct_num_recall": 0.0, "det_correct_num_precision": 0.0, "chars_gt": 15, "chars_det": 5.0, "num_splitted": 0, "num_merged": 0, "num_false_positive": 1, "char_missed": 15, "char_overlapped": 0, "char_false_positive": 5, "e2e_correct_num_recall": 0.0, "e2e_correct_num_precision": 0.0, "chars_recog": 17, "e2e_char_missed": 15.0, "e2e_char_false_positive": 17.0, "e2e_recog_score_chars": 0, "e2e_recog_score_correct_num": 0.0}, "Detection": {"precision": 0.0, "recall": 0.0, "hmean": 0}, "pairs": [], "detectionMat": [[0.0, 0.0, 0.0], [0.0, 0.0, 0.0], [0.0, 0.0, 0.0], [0.0, 0.0, 0.0], [0.0, 0.0, 0.0], [0.0, 0.0, 0.0], [0.0, 0.0, 0.0], [0.0, 0.0, 0.0], [0.0, 0.0, 0.0], [0.0, 0.0, 0.0], [0.0, 0.0, 0.0]], "precisionMat": [[0.2085687382297552], [0.13224523958987236], [0.0], [0.0], [0.0], [0.0], [0.0], [0.0], [0.0]], "gtPolPoints": [[340.0, 1.0, 479.0, 2.0, 481.0, 40.0, 336.0, 19.0], [509.0, 1.0, 565.0, 2.0, 565.0, 49.0, 504.0, 40.0], [70.0, 120.0, 159.0, 106.0, 162.0, 131.0, 74.0, 146.0], [75.0, 150.0, 160.0, 132.0, 162.0, 161.0, 77.0, 179.0], [77.0, 183.0, 162.0, 161.0, 164.0, 189.0, 79.0, 210.0], [521.0, 193.0, 564.0, 170.0, 565.0, 194.0, 522.0, 217.0], [686.0, 299.0, 759.0, 258.0, 772.0, 293.0, 699.0, 334.0], [0.0, 170.0, 28.0, 166.0, 29.0, 231.0, 0.0, 239.0], [771.0, 362.0, 811.0, 356.0, 810.0, 370.0, 770.0, 377.0]], "detPolPoints": [[316.0, 0.0, 610.0, 0.0, 608.0, 68.0, 314.0, 62.0]], "gtCharPoints": [[[349.8333333333333, 10.916666666666666], [373.5, 12.75], [397.16666666666663, 14.583333333333332], [420.8333333333333, 16.416666666666664], [444.5, 18.25], [468.16666666666663, 20.083333333333332]], [[521.125, 21.75], [550.375, 24.25]], [[86.75, 130.58333333333334], [116.25, 125.75000000000001], [145.75, 120.91666666666667]], [[86.625, 162.25], [107.875, 157.75], [129.125, 153.25], [150.375, 148.75]], [[88.625, 193.8125], [109.875, 188.4375], [131.125, 183.0625], [152.375, 177.6875]], [[528.6666666666666, 201.16666666666666], [543.0, 193.5], [557.3333333333333, 185.83333333333331]], [[701.625, 311.375], [719.875, 301.125], [738.125, 290.875], [756.375, 280.625]], [[14.416666666666666, 223.83333333333334], [14.25, 201.5], [14.083333333333332, 179.16666666666669]], [[777.1666666666666, 368.4166666666667], [790.5, 366.25], [803.8333333333333, 364.08333333333337]]], "gtCharCounts": [[0.0, 0.0, 0.0, 0.0, 0.0, 0.0], [0.0, 0.0], [0.0, 0.0, 0.0], [0.0, 0.0, 0.0, 0.0], [0.0, 0.0, 0.0, 0.0], [0.0, 0.0, 0.0], [0.0, 0.0, 0.0, 0.0], [0.0, 0.0, 0.0], [0.0, 0.0, 0.0]], "gtDontCare": [0, 1, 5, 7, 8], "detDontCare": [], "evaluationParams": {"GT_PATH": "gt/gt_IC15.zip", "SUBMIT_PATH": "result/result_paddleOCR_IC15.zip", "OUTPUT_PATH": "output/", "PORT": 8080, "BOX_TYPE": "QUAD", "TRANSCRIPTION": true, "CONFIDENCES": false, "CRLF": false, "E2E": true, "CASE_SENSITIVE": true, "RS": true, "AREA_PRECISION_CONSTRAINT": 0.5, "GRANULARITY_PENALTY_WEIGHT": 1.0, "VERTICAL_ASPECT_RATIO_THRES": 2.0, "NUM_WORKERS": 2, "GT_SAMPLE_NAME_2_ID": "([0-9]+)", "DET_SAMPLE_NAME_2_ID": "([0-9]+)", "PER_SAMPLE_RESULTS": true}, "evaluationLog": "GT polygons: 9 (5 don't care) \nDET polygons: 1\n\nFind one-to-one matches\nFind one-to-many matches\nFind many-to-one matches\n<b>Detection | PRECISION\n</b><b>Detection | RECALL\n</b><b># of false positive chars\n</b>5\n=================================\n<b>End-to-End | Recall\n</b><b>End-to-End | Precision\n</b>", "EndtoEnd": {"precision": 0.0, "recall": 0.0, "hmean": 0, "recognition_score": 0.0}, "end2endMat": [[0.0, 0.0, 0.0], [0.0, 0.0, 0.0], [0.0, 0.0, 0.0], [0.0, 0.0, 0.0], [0.0, 0.0, 0.0], [0.0, 0.0, 0.0], [0.0, 0.0, 0.0], [0.0, 0.0, 0.0], [0.0, 0.0, 0.0], [0.0, 0.0, 0.0], [0.0, 0.0, 0.0]], "gtTrans": ["######", "##", "SLE", "SALE", "SALE", "###", "SALE", "###", "###"], "detTrans": ["HLKZIe,0.52857727"], "gtQuery": ["######", "##", "SLE", "SALE", "SALE", "###", "SALE", "###", "###"], "detQuery": ["HLKZIe,0.52857727"]}