{"Rawdata": {"det_correct_num_recall": 0.0, "det_correct_num_precision": 0.0, "chars_gt": 32, "chars_det": 0, "num_splitted": 0, "num_merged": 0, "num_false_positive": 0, "char_missed": 32, "char_overlapped": 0, "char_false_positive": 0, "e2e_correct_num_recall": 0.0, "e2e_correct_num_precision": 0.0, "chars_recog": 0, "e2e_char_missed": 32.0, "e2e_char_false_positive": 0.0, "e2e_recog_score_chars": 0, "e2e_recog_score_correct_num": 0.0}, "Detection": {"precision": 0.0, "recall": 0.0, "hmean": 0}, "pairs": [], "detectionMat": [[0.0, 0.0], [0.0, 0.0], [0.0, 0.0], [0.0, 0.0], [0.0, 0.0], [0.0, 0.0], [0.0, 0.0], [0.0, 0.0], [0.0, 0.0], [0.0, 0.0]], "precisionMat": [[], [], [], [], [], [], [], []], "gtPolPoints": [[667.0, 87.0, 787.0, 82.0, 788.0, 99.0, 668.0, 104.0], [791.0, 80.0, 866.0, 77.0, 865.0, 95.0, 790.0, 98.0], [802.0, 248.0, 849.0, 247.0, 849.0, 262.0, 802.0, 263.0], [858.0, 248.0, 940.0, 245.0, 941.0, 257.0, 859.0, 260.0], [941.0, 239.0, 968.0, 239.0, 968.0, 258.0, 941.0, 258.0], [386.0, 333.0, 431.0, 327.0, 433.0, 336.0, 388.0, 342.0], [200.0, 266.0, 223.0, 268.0, 222.0, 283.0, 212.0, 283.0], [1016.0, 240.0, 1037.0, 241.0, 1038.0, 254.0, 1020.0, 255.0]], "detPolPoints": [], "gtCharPoints": [[[674.1666666666666, 95.22222222222223], [687.5, 94.66666666666667], [700.8333333333333, 94.11111111111111], [714.1666666666666, 93.55555555555556], [727.5, 93.0], [740.8333333333333, 92.44444444444446], [754.1666666666666, 91.8888888888889], [767.5, 91.33333333333334], [780.8333333333333, 90.77777777777779]], [[796.75, 88.75], [809.25, 88.25], [821.75, 87.75], [834.25, 87.25], [846.75, 86.75], [859.25, 86.25]], [[806.7, 255.4], [816.1, 255.20000000000002], [825.5, 255.0], [834.9000000000001, 254.8], [844.3000000000001, 254.6]], [[863.625, 253.8125], [873.875, 253.4375], [884.125, 253.0625], [894.375, 252.6875], [904.625, 252.3125], [914.875, 251.9375], [925.125, 251.5625], [935.375, 251.1875]], [[944.375, 248.5], [951.125, 248.5], [957.875, 248.5], [964.625, 248.5]], [[391.5, 336.9], [400.5, 335.7], [409.5, 334.5], [418.5, 333.29999999999995], [427.5, 332.09999999999997]], [[210.125, 274.75], [218.375, 275.25]], [[1022.875, 247.5], [1032.625, 247.5]]], "gtCharCounts": [0.0, 0.0, 0.0, 0.0, 0.0, 0.0, 0.0, 0.0], "gtDontCare": [5, 6, 7], "detDontCare": [], "evaluationParams": {"GT_PATH": "gt/gt_IC15.zip", "SUBMIT_PATH": "result/result_paddleOCR_IC15.zip", "OUTPUT_PATH": "output/", "PORT": 8080, "BOX_TYPE": "QUAD", "TRANSCRIPTION": true, "CONFIDENCES": false, "CRLF": false, "E2E": true, "CASE_SENSITIVE": true, "RS": true, "AREA_PRECISION_CONSTRAINT": 0.5, "GRANULARITY_PENALTY_WEIGHT": 1.0, "VERTICAL_ASPECT_RATIO_THRES": 2.0, "NUM_WORKERS": 2, "GT_SAMPLE_NAME_2_ID": "([0-9]+)", "DET_SAMPLE_NAME_2_ID": "([0-9]+)", "PER_SAMPLE_RESULTS": true}, "evaluationLog": "GT polygons: 8 (3 don't care) \nDET polygons: 0\n\nFind one-to-one matches\nFind one-to-many matches\nFind many-to-one matches\n<b>Detection | PRECISION\n</b><b>Detection | RECALL\n</b><b># of false positive chars\n</b>0\n=================================\n<b>End-to-End | Recall\n</b><b>End-to-End | Precision\n</b>", "EndtoEnd": {"precision": 0.0, "recall": 0.0, "hmean": 0, "recognition_score": 0.0}, "end2endMat": [[0.0, 0.0], [0.0, 0.0], [0.0, 0.0], [0.0, 0.0], [0.0, 0.0], [0.0, 0.0], [0.0, 0.0], [0.0, 0.0], [0.0, 0.0], [0.0, 0.0]], "gtTrans": ["STARBUCKS", "COFFEE", "PARIS", "BAGUETTE", "Cafe", "#####", "##", "##"], "detTrans": [], "gtQuery": ["STARBUCKS", "COFFEE", "PARIS", "BAGUETTE", "Cafe", "#####", "##", "##"], "detQuery": []}