{"Rawdata": {"det_correct_num_recall": 10.0, "det_correct_num_precision": 10.0, "chars_gt": 10, "chars_det": 10.0, "num_splitted": 0, "num_merged": 0, "num_false_positive": 0, "char_missed": 0, "char_overlapped": 0, "char_false_positive": 0, "e2e_correct_num_recall": 7.0, "e2e_correct_num_precision": 7.0, "chars_recog": 22, "e2e_char_missed": 3.0, "e2e_char_false_positive": 15.0, "e2e_recog_score_chars": 22, "e2e_recog_score_correct_num": 7.0}, "Detection": {"precision": 1.0, "recall": 1.0, "hmean": 1.0}, "pairs": [{"gt": [0], "det": [0], "type": "OO"}], "detectionMat": [[10.0, 10.0, 0.0], [10.0, 0.0, 0.0], [0.0, 0.0, 0.0]], "precisionMat": [[0.9123889303682617]], "gtPolPoints": [[0.0, 6.0, 352.0, 94.0, 357.0, 172.0, 1.0, 77.0]], "detPolPoints": [[22.0, 1.0, 353.0, 91.0, 333.0, 164.0, 2.0, 75.0]], "gtCharPoints": [[[18.2, 46.075], [53.599999999999994, 55.225], [89.0, 64.375], [124.39999999999999, 73.525], [159.79999999999998, 82.67500000000001], [195.2, 91.825], [230.59999999999997, 100.97500000000001], [266.0, 110.125], [301.4, 119.275], [336.79999999999995, 128.425]]], "gtCharCounts": [[1.0, 1.0, 1.0, 1.0, 1.0, 1.0, 1.0, 1.0, 1.0, 1.0]], "gtDontCare": [], "detDontCare": [], "evaluationParams": {"GT_PATH": "gt/gt_IC15.zip", "SUBMIT_PATH": "result/result_paddleOCR_IC15.zip", "OUTPUT_PATH": "output/", "PORT": 8080, "BOX_TYPE": "QUAD", "TRANSCRIPTION": true, "CONFIDENCES": false, "CRLF": false, "E2E": true, "CASE_SENSITIVE": true, "RS": true, "AREA_PRECISION_CONSTRAINT": 0.5, "GRANULARITY_PENALTY_WEIGHT": 1.0, "VERTICAL_ASPECT_RATIO_THRES": 2.0, "NUM_WORKERS": 2, "GT_SAMPLE_NAME_2_ID": "([0-9]+)", "DET_SAMPLE_NAME_2_ID": "([0-9]+)", "PER_SAMPLE_RESULTS": true}, "evaluationLog": "GT polygons: 1 (0 don't care) \nDET polygons: 1\n\nFind one-to-one matches\nMatch GT #0 with Det #0\nFind one-to-many matches\nFind many-to-one matches\n<b>Detection | PRECISION\n</b><b>Detection | RECALL\n</b><b># of false positive chars\n</b>0\n=================================\n<b>End-to-End | Recall\n</b><b>End-to-End | Precision\n</b>", "EndtoEnd": {"precision": 0.3181818181818182, "recall": 0.7, "hmean": 0.4375, "recognition_score": 0.3181818181818182}, "end2endMat": [[0.0, 7.0, 0.0], [7.0, 0.0, 0.0], [0.0, 0.0, 0.0]], "gtTrans": ["aigonLotus"], "detTrans": ["ditgonLatul,0.74626374"], "gtQuery": ["aigonLotus"], "detQuery": ["ditgonLatul,0.74626374"]}