{"Rawdata": {"det_correct_num_recall": 0.0, "det_correct_num_precision": 0.0, "chars_gt": 9, "chars_det": 0, "num_splitted": 0, "num_merged": 0, "num_false_positive": 0, "char_missed": 9, "char_overlapped": 0, "char_false_positive": 0, "e2e_correct_num_recall": 0.0, "e2e_correct_num_precision": 0.0, "chars_recog": 0, "e2e_char_missed": 9.0, "e2e_char_false_positive": 0.0, "e2e_recog_score_chars": 0, "e2e_recog_score_correct_num": 0.0}, "Detection": {"precision": 0.0, "recall": 0.0, "hmean": 0}, "pairs": [], "detectionMat": [[0.0, 0.0], [0.0, 0.0], [0.0, 0.0], [0.0, 0.0], [0.0, 0.0], [0.0, 0.0], [0.0, 0.0], [0.0, 0.0], [0.0, 0.0]], "precisionMat": [[], [], [], [], [], [], []], "gtPolPoints": [[1040.0, 5.0, 1182.0, 0.0, 1190.0, 32.0, 1048.0, 106.0], [1061.0, 108.0, 1091.0, 91.0, 1095.0, 114.0, 1065.0, 132.0], [1092.0, 85.0, 1167.0, 50.0, 1173.0, 78.0, 1099.0, 114.0], [311.0, 548.0, 395.0, 527.0, 396.0, 540.0, 312.0, 561.0], [1145.0, 614.0, 1170.0, 613.0, 1171.0, 625.0, 1146.0, 626.0], [1212.0, 304.0, 1247.0, 303.0, 1248.0, 320.0, 1213.0, 321.0], [858.0, 319.0, 884.0, 317.0, 892.0, 425.0, 866.0, 427.0]], "detPolPoints": [], "gtCharPoints": [[[1061.75, 50.5625], [1097.25, 40.6875], [1132.75, 30.8125], [1168.25, 20.9375]], [[1070.5, 115.625], [1085.5, 106.875]], [[1102.95, 95.95], [1117.8500000000001, 88.85000000000001], [1132.75, 81.75], [1147.65, 74.65], [1162.55, 67.55000000000001]], [[317.5, 553.0], [329.5, 550.0], [341.5, 547.0], [353.5, 544.0], [365.5, 541.0], [377.5, 538.0], [389.5, 535.0]], [[1149.6666666666667, 619.8333333333334], [1158.0, 619.5], [1166.3333333333335, 619.1666666666667]], [[1218.3333333333333, 312.3333333333333], [1230.0, 312.0], [1241.6666666666665, 311.66666666666663]], [[878.2, 415.2], [876.6, 393.59999999999997], [875.0, 372.0], [873.4000000000001, 350.4], [871.8000000000001, 328.79999999999995]]], "gtCharCounts": [0.0, 0.0, 0.0, 0.0, 0.0, 0.0, 0.0], "gtDontCare": [1, 3, 4, 5, 6], "detDontCare": [], "evaluationParams": {"GT_PATH": "gt/gt_IC15.zip", "SUBMIT_PATH": "result/result_paddleOCR_IC15.zip", "OUTPUT_PATH": "output/", "PORT": 8080, "BOX_TYPE": "QUAD", "TRANSCRIPTION": true, "CONFIDENCES": false, "CRLF": false, "E2E": true, "CASE_SENSITIVE": true, "RS": true, "AREA_PRECISION_CONSTRAINT": 0.5, "GRANULARITY_PENALTY_WEIGHT": 1.0, "VERTICAL_ASPECT_RATIO_THRES": 2.0, "NUM_WORKERS": 2, "GT_SAMPLE_NAME_2_ID": "([0-9]+)", "DET_SAMPLE_NAME_2_ID": "([0-9]+)", "PER_SAMPLE_RESULTS": true}, "evaluationLog": "GT polygons: 7 (5 don't care) \nDET polygons: 0\n\nFind one-to-one matches\nFind one-to-many matches\nFind many-to-one matches\n<b>Detection | PRECISION\n</b><b>Detection | RECALL\n</b><b># of false positive chars\n</b>0\n=================================\n<b>End-to-End | Recall\n</b><b>End-to-End | Precision\n</b>", "EndtoEnd": {"precision": 0.0, "recall": 0.0, "hmean": 0, "recognition_score": 0.0}, "end2endMat": [[0.0, 0.0], [0.0, 0.0], [0.0, 0.0], [0.0, 0.0], [0.0, 0.0], [0.0, 0.0], [0.0, 0.0], [0.0, 0.0], [0.0, 0.0]], "gtTrans": ["Dior", "##", "STAGE", "#######", "###", "###", "#####"], "detTrans": [], "gtQuery": ["Dior", "##", "STAGE", "#######", "###", "###", "#####"], "detQuery": []}