{"Rawdata": {"det_correct_num_recall": 6.0, "det_correct_num_precision": 6.0, "chars_gt": 6, "chars_det": 6.0, "num_splitted": 0, "num_merged": 0, "num_false_positive": 0, "char_missed": 0, "char_overlapped": 0, "char_false_positive": 0, "e2e_correct_num_recall": 6.0, "e2e_correct_num_precision": 6.0, "chars_recog": 18, "e2e_char_missed": 0.0, "e2e_char_false_positive": 12.0, "e2e_recog_score_chars": 18, "e2e_recog_score_correct_num": 6.0}, "Detection": {"precision": 1.0, "recall": 1.0, "hmean": 1.0}, "pairs": [{"gt": [0], "det": [0], "type": "OO"}], "detectionMat": [[6.0, 6.0, 0.0], [0.0, 0.0, 0.0], [0.0, 0.0, 0.0], [0.0, 0.0, 0.0], [0.0, 0.0, 0.0], [0.0, 0.0, 0.0], [0.0, 0.0, 0.0], [6.0, 0.0, 0.0], [0.0, 0.0, 0.0]], "precisionMat": [[0.8777360732255367], [0.0], [0.0], [0.0], [0.0], [0.0], [0.0]], "gtPolPoints": [[269.0, 164.0, 381.0, 179.0, 384.0, 217.0, 271.0, 202.0], [1157.0, 186.0, 1270.0, 162.0, 1278.0, 330.0, 1192.0, 331.0], [706.0, 258.0, 765.0, 242.0, 775.0, 267.0, 715.0, 290.0], [304.0, 373.0, 364.0, 354.0, 363.0, 374.0, 303.0, 393.0], [316.0, 387.0, 373.0, 373.0, 372.0, 391.0, 315.0, 405.0], [1210.0, 343.0, 1279.0, 348.0, 1279.0, 365.0, 1210.0, 360.0], [1192.0, 357.0, 1279.0, 364.0, 1279.0, 383.0, 1192.0, 376.0]], "detPolPoints": [[274.0, 167.0, 400.0, 185.0, 395.0, 219.0, 269.0, 200.0]], "gtCharPoints": [[[279.375, 184.25], [298.125, 186.75], [316.875, 189.25], [335.625, 191.75], [354.375, 194.25], [373.125, 196.75]], [[1199.375, 255.375], [1249.125, 249.125]], [[720.4166666666666, 270.75], [740.25, 264.25], [760.0833333333333, 257.75]], [[311.0, 380.625], [326.0, 375.875], [341.0, 371.125], [356.0, 366.375]], [[322.625, 394.25], [336.875, 390.75], [351.125, 387.25], [365.375, 383.75]], [[1216.9, 352.0], [1230.7, 353.0], [1244.5, 354.0], [1258.3000000000002, 355.0], [1272.1000000000001, 356.0]], [[1200.7, 367.2], [1218.1000000000001, 368.59999999999997], [1235.5, 370.0], [1252.9, 371.4], [1270.3, 372.8]]], "gtCharCounts": [[1.0, 1.0, 1.0, 1.0, 1.0, 1.0], [0.0, 0.0], [0.0, 0.0, 0.0], [0.0, 0.0, 0.0, 0.0], [0.0, 0.0, 0.0, 0.0], [0.0, 0.0, 0.0, 0.0, 0.0], [0.0, 0.0, 0.0, 0.0, 0.0]], "gtDontCare": [1, 2, 3, 4, 5, 6], "detDontCare": [], "evaluationParams": {"GT_PATH": "gt/gt_IC15.zip", "SUBMIT_PATH": "result/result_paddleOCR_IC15.zip", "OUTPUT_PATH": "output/", "PORT": 8080, "BOX_TYPE": "QUAD", "TRANSCRIPTION": true, "CONFIDENCES": false, "CRLF": false, "E2E": true, "CASE_SENSITIVE": true, "RS": true, "AREA_PRECISION_CONSTRAINT": 0.5, "GRANULARITY_PENALTY_WEIGHT": 1.0, "VERTICAL_ASPECT_RATIO_THRES": 2.0, "NUM_WORKERS": 2, "GT_SAMPLE_NAME_2_ID": "([0-9]+)", "DET_SAMPLE_NAME_2_ID": "([0-9]+)", "PER_SAMPLE_RESULTS": true}, "evaluationLog": "GT polygons: 7 (6 don't care) \nDET polygons: 1\n\nFind one-to-one matches\nMatch GT #0 with Det #0\nFind one-to-many matches\nFind many-to-one matches\n<b>Detection | PRECISION\n</b><b>Detection | RECALL\n</b><b># of false positive chars\n</b>0\n=================================\n<b>End-to-End | Recall\n</b><b>End-to-End | Precision\n</b>", "EndtoEnd": {"precision": 0.3333333333333333, "recall": 1.0, "hmean": 0.5, "recognition_score": 0.3333333333333333}, "end2endMat": [[0.0, 6.0, 0.0], [0.0, 0.0, 0.0], [0.0, 0.0, 0.0], [0.0, 0.0, 0.0], [0.0, 0.0, 0.0], [0.0, 0.0, 0.0], [0.0, 0.0, 0.0], [6.0, 0.0, 0.0], [0.0, 0.0, 0.0]], "gtTrans": ["Swatch", "##", "###", "####", "####", "#####", "#####"], "detTrans": ["Swatche,0.87963676"], "gtQuery": ["Swatch", "##", "###", "####", "####", "#####", "#####"], "detQuery": ["Swatche,0.87963676"]}