{"Rawdata": {"det_correct_num_recall": 5.0, "det_correct_num_precision": 5.0, "chars_gt": 9, "chars_det": 5.0, "num_splitted": 0, "num_merged": 0, "num_false_positive": 0, "char_missed": 4, "char_overlapped": 0, "char_false_positive": 0, "e2e_correct_num_recall": 4.0, "e2e_correct_num_precision": 4.0, "chars_recog": 14, "e2e_char_missed": 5.0, "e2e_char_false_positive": 10.0, "e2e_recog_score_chars": 14, "e2e_recog_score_correct_num": 4.0}, "Detection": {"precision": 1.0, "recall": 0.5555555555555556, "hmean": 0.7142857142857143}, "pairs": [{"gt": [0], "det": [0], "type": "OO"}], "detectionMat": [[5.0, 5.0, 0.0], [0.0, 0.0, 0.0], [0.0, 0.0, 0.0], [5.0, 0.0, 0.0], [0.0, 0.0, 0.0]], "precisionMat": [[0.9149136577708014], [0.0], [0.0]], "gtPolPoints": [[1113.0, 45.0, 1252.0, 44.0, 1251.0, 109.0, 1112.0, 110.0], [778.0, 164.0, 842.0, 139.0, 846.0, 183.0, 782.0, 208.0], [595.0, 264.0, 624.0, 263.0, 624.0, 272.0, 595.0, 273.0]], "detPolPoints": [[1117.0, 45.0, 1264.0, 45.0, 1264.0, 109.0, 1117.0, 109.0]], "gtCharPoints": [[[1126.4, 77.4], [1154.2, 77.2], [1182.0, 77.0], [1209.8000000000002, 76.80000000000001], [1237.6000000000001, 76.60000000000001]], [[796.0, 179.75], [828.0, 167.25]], [[598.625, 268.375], [605.875, 268.125], [613.125, 267.875], [620.375, 267.625]]], "gtCharCounts": [[1.0, 1.0, 1.0, 1.0, 1.0], [0.0, 0.0], [0.0, 0.0, 0.0, 0.0]], "gtDontCare": [1], "detDontCare": [], "evaluationParams": {"GT_PATH": "gt/gt_IC15.zip", "SUBMIT_PATH": "result/result_paddleOCR_IC15.zip", "OUTPUT_PATH": "output/", "PORT": 8080, "BOX_TYPE": "QUAD", "TRANSCRIPTION": true, "CONFIDENCES": false, "CRLF": false, "E2E": true, "CASE_SENSITIVE": true, "RS": true, "AREA_PRECISION_CONSTRAINT": 0.5, "GRANULARITY_PENALTY_WEIGHT": 1.0, "VERTICAL_ASPECT_RATIO_THRES": 2.0, "NUM_WORKERS": 2, "GT_SAMPLE_NAME_2_ID": "([0-9]+)", "DET_SAMPLE_NAME_2_ID": "([0-9]+)", "PER_SAMPLE_RESULTS": true}, "evaluationLog": "GT polygons: 3 (1 don't care) \nDET polygons: 1\n\nFind one-to-one matches\nMatch GT #0 with Det #0\nFind one-to-many matches\nFind many-to-one matches\n<b>Detection | PRECISION\n</b><b>Detection | RECALL\n</b><b># of false positive chars\n</b>0\n=================================\n<b>End-to-End | Recall\n</b><b>End-to-End | Precision\n</b>", "EndtoEnd": {"precision": 0.2857142857142857, "recall": 0.4444444444444444, "hmean": 0.34782608695652173, "recognition_score": 0.2857142857142857}, "end2endMat": [[0.0, 4.0, 0.0], [0.0, 0.0, 0.0], [0.0, 0.0, 0.0], [4.0, 0.0, 0.0], [0.0, 0.0, 0.0]], "gtTrans": ["Ben's", "##", "SALE"], "detTrans": ["Bens,0.9914659"], "gtQuery": ["Ben's", "##", "SALE"], "detQuery": ["Bens,0.9914659"]}