{"Rawdata": {"det_correct_num_recall": 4.0, "det_correct_num_precision": 4.0, "chars_gt": 13, "chars_det": 4.0, "num_splitted": 0, "num_merged": 0, "num_false_positive": 0, "char_missed": 9, "char_overlapped": 0, "char_false_positive": 0, "e2e_correct_num_recall": 4.0, "e2e_correct_num_precision": 4.0, "chars_recog": 15, "e2e_char_missed": 9.0, "e2e_char_false_positive": 11.0, "e2e_recog_score_chars": 15, "e2e_recog_score_correct_num": 4.0}, "Detection": {"precision": 1.0, "recall": 0.3076923076923077, "hmean": 0.47058823529411764}, "pairs": [{"gt": [0], "det": [0], "type": "OO"}], "detectionMat": [[4.0, 4.0, 0.0], [0.0, 0.0, 0.0], [0.0, 0.0, 0.0], [0.0, 0.0, 0.0], [0.0, 0.0, 0.0], [0.0, 0.0, 0.0], [0.0, 0.0, 0.0], [0.0, 0.0, 0.0], [0.0, 0.0, 0.0], [0.0, 0.0, 0.0], [0.0, 0.0, 0.0], [0.0, 0.0, 0.0], [4.0, 0.0, 0.0], [0.0, 0.0, 0.0]], "precisionMat": [[0.9875470139842981], [0.0], [0.0], [0.0], [0.0], [0.0], [0.0], [0.0], [0.0], [0.0], [0.0], [0.0]], "gtPolPoints": [[5.0, 98.0, 122.0, 119.0, 119.0, 171.0, 1.0, 150.0], [17.0, 579.0, 112.0, 583.0, 110.0, 620.0, 13.0, 615.0], [147.0, 581.0, 238.0, 547.0, 239.0, 578.0, 148.0, 612.0], [395.0, 223.0, 461.0, 228.0, 460.0, 252.0, 394.0, 248.0], [459.0, 238.0, 499.0, 238.0, 498.0, 253.0, 459.0, 253.0], [642.0, 222.0, 680.0, 228.0, 680.0, 250.0, 643.0, 245.0], [1003.0, 243.0, 1099.0, 236.0, 1102.0, 288.0, 1007.0, 295.0], [1028.0, 316.0, 1068.0, 316.0, 1068.0, 359.0, 1028.0, 359.0], [1061.0, 316.0, 1087.0, 313.0, 1087.0, 341.0, 1061.0, 344.0], [1065.0, 341.0, 1095.0, 340.0, 1096.0, 362.0, 1066.0, 363.0], [1034.0, 300.0, 1073.0, 296.0, 1077.0, 315.0, 1038.0, 320.0], [1006.0, 235.0, 1090.0, 224.0, 1092.0, 238.0, 1008.0, 249.0]], "detPolPoints": [[8.0, 99.0, 124.0, 120.0, 115.0, 171.0, 0.0, 150.0]], "gtCharPoints": [[[17.6875, 126.625], [47.0625, 131.875], [76.4375, 137.125], [105.8125, 142.375]], [[31.0, 597.75], [63.0, 599.25], [95.0, 600.75]], [[158.875, 592.25], [181.625, 583.75], [204.375, 575.25], [227.125, 566.75]], [[401.1, 235.95], [414.3, 236.85], [427.5, 237.75], [440.70000000000005, 238.64999999999998], [453.90000000000003, 239.54999999999998]], [[465.5833333333333, 245.5], [478.75, 245.5], [491.91666666666663, 245.5]], [[651.875, 234.875], [670.625, 237.625]], [[1016.9375, 268.125], [1040.8125, 266.375], [1064.6875, 264.625], [1088.5625, 262.875]], [[1038.0, 337.5], [1058.0, 337.5]], [[1067.5, 329.25], [1080.5, 327.75]], [[1073.0, 351.75], [1088.0, 351.25]], [[1045.75, 308.875], [1065.25, 306.625]], [[1014.0, 241.08333333333334], [1028.0, 239.25], [1042.0, 237.41666666666669], [1056.0, 235.58333333333334], [1070.0, 233.75], [1084.0, 231.91666666666669]]], "gtCharCounts": [[1.0, 1.0, 1.0, 1.0], [0.0, 0.0, 0.0], [0.0, 0.0, 0.0, 0.0], [0.0, 0.0, 0.0, 0.0, 0.0], [0.0, 0.0, 0.0], [0.0, 0.0], [0.0, 0.0, 0.0, 0.0], [0.0, 0.0], [0.0, 0.0], [0.0, 0.0], [0.0, 0.0], [0.0, 0.0, 0.0, 0.0, 0.0, 0.0]], "gtDontCare": [1, 2, 4, 5, 7, 8, 9, 10, 11], "detDontCare": [], "evaluationParams": {"GT_PATH": "gt/gt_IC15.zip", "SUBMIT_PATH": "result/result_paddleOCR_IC15.zip", "OUTPUT_PATH": "output/", "PORT": 8080, "BOX_TYPE": "QUAD", "TRANSCRIPTION": true, "CONFIDENCES": false, "CRLF": false, "E2E": true, "CASE_SENSITIVE": true, "RS": true, "AREA_PRECISION_CONSTRAINT": 0.5, "GRANULARITY_PENALTY_WEIGHT": 1.0, "VERTICAL_ASPECT_RATIO_THRES": 2.0, "NUM_WORKERS": 2, "GT_SAMPLE_NAME_2_ID": "([0-9]+)", "DET_SAMPLE_NAME_2_ID": "([0-9]+)", "PER_SAMPLE_RESULTS": true}, "evaluationLog": "GT polygons: 12 (9 don't care) \nDET polygons: 1\n\nFind one-to-one matches\nMatch GT #0 with Det #0\nFind one-to-many matches\nFind many-to-one matches\n<b>Detection | PRECISION\n</b><b>Detection | RECALL\n</b><b># of false positive chars\n</b>0\n=================================\n<b>End-to-End | Recall\n</b><b>End-to-End | Precision\n</b>", "EndtoEnd": {"precision": 0.26666666666666666, "recall": 0.3076923076923077, "hmean": 0.28571428571428575, "recognition_score": 0.26666666666666666}, "end2endMat": [[0.0, 4.0, 0.0], [0.0, 0.0, 0.0], [0.0, 0.0, 0.0], [0.0, 0.0, 0.0], [0.0, 0.0, 0.0], [0.0, 0.0, 0.0], [0.0, 0.0, 0.0], [0.0, 0.0, 0.0], [0.0, 0.0, 0.0], [0.0, 0.0, 0.0], [0.0, 0.0, 0.0], [0.0, 0.0, 0.0], [4.0, 0.0, 0.0], [0.0, 0.0, 0.0]], "gtTrans": ["ntre", "###", "####", "LEVIS", "###", "##", "SALE", "##", "##", "##", "##", "######"], "detTrans": ["ntre,0.99745935"], "gtQuery": ["ntre", "###", "####", "LEVIS", "###", "##", "SALE", "##", "##", "##", "##", "######"], "detQuery": ["ntre,0.99745935"]}