{"Rawdata": {"det_correct_num_recall": 13.0, "det_correct_num_precision": 12.0, "chars_gt": 13, "chars_det": 15.0, "num_splitted": 0, "num_merged": 1, "num_false_positive": 1, "char_missed": 0, "char_overlapped": 0, "char_false_positive": 2, "e2e_correct_num_recall": 13.0, "e2e_correct_num_precision": 12.0, "chars_recog": 34, "e2e_char_missed": 0.0, "e2e_char_false_positive": 21.0, "e2e_recog_score_chars": 23, "e2e_recog_score_correct_num": 13.0}, "Detection": {"precision": 0.8, "recall": 1.0, "hmean": 0.888888888888889}, "pairs": [{"gt": [0, 1], "det": [1], "type": "MO"}], "detectionMat": [[0.0, 5.0, 0.0, 5.0, 0.0], [0.0, 8.0, 0.0, 8.0, 0.0], [0.0, 0.0, 0.0, 0.0, 0.0], [0.0, 13.0, 0.0, 0.0, 0.0], [0.0, 1.0, 0.0, 0.0, 0.0]], "precisionMat": [[0.0, 0.4282527834154911, 0.0], [0.0, 0.49951268749908434, 0.0021508215610259356], [0.0, 0.0, 0.7294117647058823]], "gtPolPoints": [[622.0, 327.0, 691.0, 332.0, 693.0, 356.0, 625.0, 352.0], [691.0, 335.0, 775.0, 337.0, 775.0, 361.0, 691.0, 358.0], [679.0, 360.0, 731.0, 361.0, 731.0, 376.0, 679.0, 376.0]], "detPolPoints": [[471.0, 204.0, 489.0, 204.0, 489.0, 213.0, 471.0, 213.0], [630.0, 328.0, 774.0, 335.0, 772.0, 359.0, 629.0, 352.0], [677.0, 357.0, 735.0, 360.0, 734.0, 379.0, 676.0, 376.0]], "gtCharPoints": [[[630.35, 339.95], [644.0500000000001, 340.84999999999997], [657.75, 341.75], [671.45, 342.65], [685.15, 343.55]], [[696.25, 346.65625], [706.75, 346.96875], [717.25, 347.28125], [727.75, 347.59375], [738.25, 347.90625], [748.75, 348.21875], [759.25, 348.53125], [769.75, 348.84375]], [[685.5, 368.0625], [698.5, 368.1875], [711.5, 368.3125], [724.5, 368.4375]]], "gtCharCounts": [[1.0, 1.0, 1.0, 1.0, 1.0], [1.0, 1.0, 1.0, 1.0, 1.0, 1.0, 1.0, 1.0], [0.0, 0.0, 0.0, 0.0]], "gtDontCare": [2], "detDontCare": [2], "evaluationParams": {"GT_PATH": "gt/gt_IC15.zip", "SUBMIT_PATH": "result/result_paddleOCR_IC15.zip", "OUTPUT_PATH": "output/", "PORT": 8080, "BOX_TYPE": "QUAD", "TRANSCRIPTION": true, "CONFIDENCES": false, "CRLF": false, "E2E": true, "CASE_SENSITIVE": true, "RS": true, "AREA_PRECISION_CONSTRAINT": 0.5, "GRANULARITY_PENALTY_WEIGHT": 1.0, "VERTICAL_ASPECT_RATIO_THRES": 2.0, "NUM_WORKERS": 2, "GT_SAMPLE_NAME_2_ID": "([0-9]+)", "DET_SAMPLE_NAME_2_ID": "([0-9]+)", "PER_SAMPLE_RESULTS": true}, "evaluationLog": "GT polygons: 3 (1 don't care) \nDET polygons: 3\n (1 don't care)\nFind one-to-one matches\nFind one-to-many matches\nFind many-to-one matches\nMatch GT #[0, 1] with Det #1\n<b>Detection | PRECISION\n</b><b>Detection | RECALL\n</b><b># of false positive chars\n</b>2\n=================================\n<b>End-to-End | Recall\n</b><b>End-to-End | Precision\n</b>", "EndtoEnd": {"precision": 0.35294117647058826, "recall": 1.0, "hmean": 0.5217391304347826, "recognition_score": 0.5652173913043478}, "end2endMat": [[0.0, 0.0, 0.0, 5.0, 0.0], [0.0, 0.0, 0.0, 8.0, 0.0], [0.0, 0.0, 0.0, 0.0, 0.0], [0.0, 13.0, 0.0, 0.0, 0.0], [0.0, 1.0, 0.0, 0.0, 0.0]], "gtTrans": ["PATEK", "PHILIPPE", "####"], "detTrans": ["L,0.5574249", "PATEKPHILIPPE,0.9719322", "GBNEVE,0.8357494"], "gtQuery": ["PATEK", "PHILIPPE", "####"], "detQuery": ["L,0.5574249", "PATEKPHILIPPE,0.9719322", "GBNEVE,0.8357494"]}