{"Rawdata": {"det_correct_num_recall": 8.0, "det_correct_num_precision": 8.0, "chars_gt": 20, "chars_det": 8.0, "num_splitted": 0, "num_merged": 0, "num_false_positive": 0, "char_missed": 12, "char_overlapped": 0, "char_false_positive": 0, "e2e_correct_num_recall": 5.0, "e2e_correct_num_precision": 5.0, "chars_recog": 26, "e2e_char_missed": 15.0, "e2e_char_false_positive": 21.0, "e2e_recog_score_chars": 26, "e2e_recog_score_correct_num": 5.0}, "Detection": {"precision": 1.0, "recall": 0.4, "hmean": 0.5714285714285715}, "pairs": [{"gt": [6], "det": [0], "type": "OO"}, {"gt": [10], "det": [1], "type": "OO"}], "detectionMat": [[0.0, 0.0, 0.0, 0.0], [0.0, 0.0, 0.0, 0.0], [0.0, 0.0, 0.0, 0.0], [0.0, 0.0, 0.0, 0.0], [0.0, 0.0, 0.0, 0.0], [0.0, 0.0, 0.0, 0.0], [4.0, 0.0, 4.0, 0.0], [0.0, 0.0, 0.0, 0.0], [0.0, 0.0, 0.0, 0.0], [0.0, 0.0, 0.0, 0.0], [0.0, 4.0, 4.0, 0.0], [4.0, 4.0, 0.0, 0.0], [0.0, 0.0, 0.0, 0.0]], "precisionMat": [[0.0, 0.0], [0.0, 0.0], [0.0, 0.0], [0.0, 0.0], [0.0, 0.0], [0.0, 0.0], [0.8859004300395136, 0.0], [0.0, 0.0], [0.0, 0.08612926346745638], [0.0, 0.09522989956721904], [0.0, 0.6655422370814068]], "gtPolPoints": [[1198.0, 245.0, 1275.0, 249.0, 1277.0, 272.0, 1201.0, 270.0], [256.0, 171.0, 304.0, 172.0, 302.0, 190.0, 258.0, 189.0], [1117.0, 277.0, 1175.0, 279.0, 1168.0, 313.0, 1120.0, 307.0], [1179.0, 278.0, 1239.0, 280.0, 1236.0, 313.0, 1190.0, 311.0], [1126.0, 309.0, 1278.0, 317.0, 1279.0, 404.0, 1120.0, 397.0], [883.0, 294.0, 910.0, 294.0, 907.0, 318.0, 879.0, 312.0], [531.0, 56.0, 723.0, 39.0, 696.0, 120.0, 521.0, 130.0], [213.0, 170.0, 256.0, 166.0, 256.0, 194.0, 209.0, 194.0], [211.0, 222.0, 246.0, 221.0, 242.0, 241.0, 214.0, 241.0], [244.0, 222.0, 277.0, 221.0, 278.0, 244.0, 244.0, 239.0], [197.0, 238.0, 300.0, 241.0, 294.0, 292.0, 207.0, 288.0]], "detPolPoints": [[514.0, 53.0, 717.0, 48.0, 719.0, 120.0, 516.0, 125.0], [201.0, 217.0, 288.0, 217.0, 288.0, 291.0, 201.0, 291.0]], "gtCharPoints": [[[1207.15, 257.8], [1222.45, 258.40000000000003], [1237.75, 259.0], [1253.0500000000002, 259.6], [1268.3500000000001, 260.2]], [[262.75, 180.125], [274.25, 180.375], [285.75, 180.625], [297.25, 180.875]], [[1131.75, 293.0], [1158.25, 295.0]], [[1197.75, 295.0], [1224.25, 296.0]], [[1148.9166666666667, 354.25], [1200.75, 356.75], [1252.5833333333335, 359.25]], [[887.875, 303.75], [901.625, 305.25]], [[548.9375, 91.3125], [594.8125, 87.9375], [640.6875, 84.5625], [686.5625, 81.1875]], [[222.25, 181.5], [244.75, 180.5]], [[220.375, 231.375], [236.125, 231.125]], [[252.375, 231.0], [269.125, 232.0]], [[213.875, 263.4375], [237.625, 264.3125], [261.375, 265.1875], [285.125, 266.0625]]], "gtCharCounts": [[0.0, 0.0, 0.0, 0.0, 0.0], [0.0, 0.0, 0.0, 0.0], [0.0, 0.0], [0.0, 0.0], [0.0, 0.0, 0.0], [0.0, 0.0], [1.0, 1.0, 1.0, 1.0], [0.0, 0.0], [0.0, 0.0], [0.0, 0.0], [1.0, 1.0, 1.0, 1.0]], "gtDontCare": [2, 3, 5, 7, 8, 9], "detDontCare": [], "evaluationParams": {"GT_PATH": "gt/gt_IC15.zip", "SUBMIT_PATH": "result/result_paddleOCR_IC15.zip", "OUTPUT_PATH": "output/", "PORT": 8080, "BOX_TYPE": "QUAD", "TRANSCRIPTION": true, "CONFIDENCES": false, "CRLF": false, "E2E": true, "CASE_SENSITIVE": true, "RS": true, "AREA_PRECISION_CONSTRAINT": 0.5, "GRANULARITY_PENALTY_WEIGHT": 1.0, "VERTICAL_ASPECT_RATIO_THRES": 2.0, "NUM_WORKERS": 2, "GT_SAMPLE_NAME_2_ID": "([0-9]+)", "DET_SAMPLE_NAME_2_ID": "([0-9]+)", "PER_SAMPLE_RESULTS": true}, "evaluationLog": "GT polygons: 11 (6 don't care) \nDET polygons: 2\n\nFind one-to-one matches\nMatch GT #6 with Det #0\nMatch GT #10 with Det #1\nFind one-to-many matches\nFind many-to-one matches\n<b>Detection | PRECISION\n</b><b>Detection | RECALL\n</b><b># of false positive chars\n</b>0\n=================================\n<b>End-to-End | Recall\n</b><b>End-to-End | Precision\n</b>", "EndtoEnd": {"precision": 0.19230769230769232, "recall": 0.25, "hmean": 0.2173913043478261, "recognition_score": 0.19230769230769232}, "end2endMat": [[0.0, 0.0, 0.0, 0.0], [0.0, 0.0, 0.0, 0.0], [0.0, 0.0, 0.0, 0.0], [0.0, 0.0, 0.0, 0.0], [0.0, 0.0, 0.0, 0.0], [0.0, 0.0, 0.0, 0.0], [0.0, 0.0, 3.0, 0.0], [0.0, 0.0, 0.0, 0.0], [0.0, 0.0, 0.0, 0.0], [0.0, 0.0, 0.0, 0.0], [0.0, 0.0, 2.0, 0.0], [3.0, 2.0, 0.0, 0.0], [0.0, 0.0, 0.0, 0.0]], "gtTrans": ["sales", "sale", "##", "##", "70%", "##", "Etam", "##", "##", "##", "-70%"], "detTrans": ["ctam,0.9043206", "76,0.8465688"], "gtQuery": ["sales", "sale", "##", "##", "70%", "##", "Etam", "##", "##", "##", "-70%"], "detQuery": ["ctam,0.9043206", "76,0.8465688"]}