{"Rawdata": {"det_correct_num_recall": 0.0, "det_correct_num_precision": 0.0, "chars_gt": 6, "chars_det": 0, "num_splitted": 0, "num_merged": 0, "num_false_positive": 0, "char_missed": 6, "char_overlapped": 0, "char_false_positive": 0, "e2e_correct_num_recall": 0.0, "e2e_correct_num_precision": 0.0, "chars_recog": 0, "e2e_char_missed": 6.0, "e2e_char_false_positive": 0.0, "e2e_recog_score_chars": 0, "e2e_recog_score_correct_num": 0.0}, "Detection": {"precision": 0.0, "recall": 0.0, "hmean": 0}, "pairs": [], "detectionMat": [[0.0, 0.0], [0.0, 0.0], [0.0, 0.0], [0.0, 0.0], [0.0, 0.0], [0.0, 0.0], [0.0, 0.0], [0.0, 0.0]], "precisionMat": [[], [], [], [], [], []], "gtPolPoints": [[228.0, 81.0, 293.0, 84.0, 287.0, 258.0, 222.0, 255.0], [171.0, 203.0, 212.0, 204.0, 212.0, 221.0, 171.0, 220.0], [502.0, 551.0, 537.0, 545.0, 536.0, 561.0, 501.0, 568.0], [507.0, 210.0, 547.0, 209.0, 546.0, 229.0, 506.0, 230.0], [783.0, 266.0, 833.0, 270.0, 832.0, 285.0, 782.0, 281.0], [943.0, 148.0, 1000.0, 128.0, 1001.0, 159.0, 945.0, 179.0]], "detPolPoints": [], "gtCharPoints": [[[255.0, 242.0], [256.0, 213.0], [257.0, 184.0], [258.0, 155.0], [259.0, 126.0], [260.0, 97.0]], [[177.83333333333334, 211.66666666666666], [191.5, 212.0], [205.16666666666669, 212.33333333333331]], [[507.3333333333333, 558.4166666666666], [519.0, 556.25], [530.6666666666666, 554.0833333333333]], [[516.5, 219.75], [536.5, 219.25]], [[788.75, 274.0], [801.25, 275.0], [813.75, 276.0], [826.25, 277.0]], [[958.125, 158.5], [986.375, 148.5]]], "gtCharCounts": [0.0, 0.0, 0.0, 0.0, 0.0, 0.0], "gtDontCare": [1, 2, 3, 4, 5], "detDontCare": [], "evaluationParams": {"GT_PATH": "gt/gt_IC15.zip", "SUBMIT_PATH": "result/result_paddleOCR_IC15.zip", "OUTPUT_PATH": "output/", "PORT": 8080, "BOX_TYPE": "QUAD", "TRANSCRIPTION": true, "CONFIDENCES": false, "CRLF": false, "E2E": true, "CASE_SENSITIVE": true, "RS": true, "AREA_PRECISION_CONSTRAINT": 0.5, "GRANULARITY_PENALTY_WEIGHT": 1.0, "VERTICAL_ASPECT_RATIO_THRES": 2.0, "NUM_WORKERS": 2, "GT_SAMPLE_NAME_2_ID": "([0-9]+)", "DET_SAMPLE_NAME_2_ID": "([0-9]+)", "PER_SAMPLE_RESULTS": true}, "evaluationLog": "GT polygons: 6 (5 don't care) \nDET polygons: 0\n\nFind one-to-one matches\nFind one-to-many matches\nFind many-to-one matches\n<b>Detection | PRECISION\n</b><b>Detection | RECALL\n</b><b># of false positive chars\n</b>0\n=================================\n<b>End-to-End | Recall\n</b><b>End-to-End | Precision\n</b>", "EndtoEnd": {"precision": 0.0, "recall": 0.0, "hmean": 0, "recognition_score": 0.0}, "end2endMat": [[0.0, 0.0], [0.0, 0.0], [0.0, 0.0], [0.0, 0.0], [0.0, 0.0], [0.0, 0.0], [0.0, 0.0], [0.0, 0.0]], "gtTrans": ["Blush!", "###", "###", "##", "####", "##"], "detTrans": [], "gtQuery": ["Blush!", "###", "###", "##", "####", "##"], "detQuery": []}