{"Rawdata": {"det_correct_num_recall": 5.0, "det_correct_num_precision": 5.0, "chars_gt": 5, "chars_det": 5.0, "num_splitted": 0, "num_merged": 0, "num_false_positive": 0, "char_missed": 0, "char_overlapped": 0, "char_false_positive": 0, "e2e_correct_num_recall": 5.0, "e2e_correct_num_precision": 5.0, "chars_recog": 15, "e2e_char_missed": 0.0, "e2e_char_false_positive": 10.0, "e2e_recog_score_chars": 15, "e2e_recog_score_correct_num": 5.0}, "Detection": {"precision": 1.0, "recall": 1.0, "hmean": 1.0}, "pairs": [{"gt": [0], "det": [0], "type": "OO"}], "detectionMat": [[5.0, 0.0, 5.0, 0.0], [0.0, 0.0, 0.0, 0.0], [0.0, 0.0, 0.0, 0.0], [0.0, 0.0, 0.0, 0.0], [0.0, 0.0, 0.0, 0.0], [0.0, 0.0, 0.0, 0.0], [0.0, 0.0, 0.0, 0.0], [0.0, 0.0, 0.0, 0.0], [0.0, 0.0, 0.0, 0.0], [0.0, 0.0, 0.0, 0.0], [5.0, 0.0, 0.0, 0.0], [0.0, 0.0, 0.0, 0.0]], "precisionMat": [[0.9878584624368986, 0.0], [0.0, 0.0], [0.0, 1.0], [0.0, 0.0], [0.0, 0.0], [0.0, 0.0], [0.0, 0.0], [0.0, 0.0], [0.0, 0.0], [0.0, 0.0]], "gtPolPoints": [[340.0, 292.0, 443.0, 290.0, 443.0, 313.0, 340.0, 316.0], [551.0, 370.0, 567.0, 368.0, 567.0, 382.0, 551.0, 385.0], [841.0, 338.0, 887.0, 333.0, 889.0, 361.0, 843.0, 364.0], [846.0, 285.0, 871.0, 271.0, 875.0, 318.0, 853.0, 328.0], [855.0, 377.0, 877.0, 372.0, 880.0, 398.0, 861.0, 402.0], [565.0, 390.0, 578.0, 388.0, 579.0, 408.0, 564.0, 409.0], [546.0, 608.0, 586.0, 606.0, 585.0, 655.0, 545.0, 657.0], [1073.0, 350.0, 1111.0, 349.0, 1123.0, 422.0, 1085.0, 423.0], [733.0, 333.0, 794.0, 329.0, 798.0, 344.0, 737.0, 348.0], [1261.0, 315.0, 1279.0, 315.0, 1279.0, 335.0, 1260.0, 335.0]], "detPolPoints": [[345.0, 291.0, 436.0, 291.0, 436.0, 310.0, 345.0, 310.0], [855.0, 338.0, 883.0, 338.0, 883.0, 360.0, 855.0, 360.0]], "gtCharPoints": [[[350.3, 303.75], [370.90000000000003, 303.25], [391.5, 302.75], [412.1, 302.25], [432.70000000000005, 301.75]], [[555.0, 376.875], [563.0, 375.625]], [[853.5, 350.0], [876.5, 348.0]], [[855.375, 303.5], [867.125, 297.5]], [[863.125, 388.375], [873.375, 386.125]], [[568.0, 399.125], [575.0, 398.375]], [[555.5, 632.0], [575.5, 631.0]], [[1088.5, 386.25], [1107.5, 385.75]], [[742.625, 340.0], [757.875, 339.0], [773.125, 338.0], [788.375, 337.0]], [[1265.125, 325.0], [1274.375, 325.0]]], "gtCharCounts": [[1.0, 1.0, 1.0, 1.0, 1.0], [0.0, 0.0], [0.0, 0.0], [0.0, 0.0], [0.0, 0.0], [0.0, 0.0], [0.0, 0.0], [0.0, 0.0], [0.0, 0.0, 0.0, 0.0], [0.0, 0.0]], "gtDontCare": [1, 2, 3, 4, 5, 6, 7, 8, 9], "detDontCare": [1], "evaluationParams": {"GT_PATH": "gt/gt_IC15.zip", "SUBMIT_PATH": "result/result_paddleOCR_IC15.zip", "OUTPUT_PATH": "output/", "PORT": 8080, "BOX_TYPE": "QUAD", "TRANSCRIPTION": true, "CONFIDENCES": false, "CRLF": false, "E2E": true, "CASE_SENSITIVE": true, "RS": true, "AREA_PRECISION_CONSTRAINT": 0.5, "GRANULARITY_PENALTY_WEIGHT": 1.0, "VERTICAL_ASPECT_RATIO_THRES": 2.0, "NUM_WORKERS": 2, "GT_SAMPLE_NAME_2_ID": "([0-9]+)", "DET_SAMPLE_NAME_2_ID": "([0-9]+)", "PER_SAMPLE_RESULTS": true}, "evaluationLog": "GT polygons: 10 (9 don't care) \nDET polygons: 2\n (1 don't care)\nFind one-to-one matches\nMatch GT #0 with Det #0\nFind one-to-many matches\nFind many-to-one matches\n<b>Detection | PRECISION\n</b><b>Detection | RECALL\n</b><b># of false positive chars\n</b>0\n=================================\n<b>End-to-End | Recall\n</b><b>End-to-End | Precision\n</b>", "EndtoEnd": {"precision": 0.3333333333333333, "recall": 1.0, "hmean": 0.5, "recognition_score": 0.3333333333333333}, "end2endMat": [[0.0, 0.0, 5.0, 0.0], [0.0, 0.0, 0.0, 0.0], [0.0, 0.0, 0.0, 0.0], [0.0, 0.0, 0.0, 0.0], [0.0, 0.0, 0.0, 0.0], [0.0, 0.0, 0.0, 0.0], [0.0, 0.0, 0.0, 0.0], [0.0, 0.0, 0.0, 0.0], [0.0, 0.0, 0.0, 0.0], [0.0, 0.0, 0.0, 0.0], [5.0, 0.0, 0.0, 0.0], [0.0, 0.0, 0.0, 0.0]], "gtTrans": ["STORE", "##", "##", "##", "##", "##", "##", "##", "####", "##"], "detTrans": ["STORE,0.9986083", "ENO,0.63574225"], "gtQuery": ["STORE", "##", "##", "##", "##", "##", "##", "##", "####", "##"], "detQuery": ["STORE,0.9986083", "ENO,0.63574225"]}