{"Rawdata": {"det_correct_num_recall": 5.0, "det_correct_num_precision": 5.0, "chars_gt": 5, "chars_det": 5.0, "num_splitted": 0, "num_merged": 0, "num_false_positive": 0, "char_missed": 0, "char_overlapped": 0, "char_false_positive": 0, "e2e_correct_num_recall": 4.0, "e2e_correct_num_precision": 4.0, "chars_recog": 15, "e2e_char_missed": 1.0, "e2e_char_false_positive": 11.0, "e2e_recog_score_chars": 15, "e2e_recog_score_correct_num": 4.0}, "Detection": {"precision": 1.0, "recall": 1.0, "hmean": 1.0}, "pairs": [{"gt": [0], "det": [0], "type": "OO"}], "detectionMat": [[5.0, 5.0, 0.0], [0.0, 0.0, 0.0], [0.0, 0.0, 0.0], [5.0, 0.0, 0.0], [0.0, 0.0, 0.0]], "precisionMat": [[0.921114284611904], [0.0], [0.0]], "gtPolPoints": [[1027.0, 241.0, 1182.0, 241.0, 1191.0, 311.0, 1033.0, 312.0], [1158.0, 313.0, 1194.0, 306.0, 1195.0, 343.0, 1161.0, 344.0], [1070.0, 338.0, 1277.0, 349.0, 1279.0, 395.0, 1065.0, 375.0]], "detPolPoints": [[1027.0, 240.0, 1187.0, 234.0, 1190.0, 307.0, 1030.0, 313.0]], "gtCharPoints": [[[1045.65, 276.45], [1076.95, 276.34999999999997], [1108.25, 276.25], [1139.5500000000002, 276.15], [1170.8500000000001, 276.05]], [[1168.25, 327.5], [1185.75, 325.5]], [[1085.0416666666667, 357.7916666666667], [1120.125, 360.375], [1155.2083333333335, 362.95833333333337], [1190.2916666666667, 365.5416666666667], [1225.375, 368.125], [1260.4583333333335, 370.70833333333337]]], "gtCharCounts": [[1.0, 1.0, 1.0, 1.0, 1.0], [0.0, 0.0], [0.0, 0.0, 0.0, 0.0, 0.0, 0.0]], "gtDontCare": [1, 2], "detDontCare": [], "evaluationParams": {"GT_PATH": "gt/gt_IC15.zip", "SUBMIT_PATH": "result/result_paddleOCR_IC15.zip", "OUTPUT_PATH": "output/", "PORT": 8080, "BOX_TYPE": "QUAD", "TRANSCRIPTION": true, "CONFIDENCES": false, "CRLF": false, "E2E": true, "CASE_SENSITIVE": true, "RS": true, "AREA_PRECISION_CONSTRAINT": 0.5, "GRANULARITY_PENALTY_WEIGHT": 1.0, "VERTICAL_ASPECT_RATIO_THRES": 2.0, "NUM_WORKERS": 2, "GT_SAMPLE_NAME_2_ID": "([0-9]+)", "DET_SAMPLE_NAME_2_ID": "([0-9]+)", "PER_SAMPLE_RESULTS": true}, "evaluationLog": "GT polygons: 3 (2 don't care) \nDET polygons: 1\n\nFind one-to-one matches\nMatch GT #0 with Det #0\nFind one-to-many matches\nFind many-to-one matches\n<b>Detection | PRECISION\n</b><b>Detection | RECALL\n</b><b># of false positive chars\n</b>0\n=================================\n<b>End-to-End | Recall\n</b><b>End-to-End | Precision\n</b>", "EndtoEnd": {"precision": 0.26666666666666666, "recall": 0.8, "hmean": 0.4, "recognition_score": 0.26666666666666666}, "end2endMat": [[0.0, 4.0, 0.0], [0.0, 0.0, 0.0], [0.0, 0.0, 0.0], [4.0, 0.0, 0.0], [0.0, 0.0, 0.0]], "gtTrans": ["House", "##", "######"], "detTrans": ["Rouse,0.8617325"], "gtQuery": ["House", "##", "######"], "detQuery": ["Rouse,0.8617325"]}