{"Rawdata": {"det_correct_num_recall": 25.0, "det_correct_num_precision": 23.0, "chars_gt": 25, "chars_det": 25.0, "num_splitted": 0, "num_merged": 2, "num_false_positive": 0, "char_missed": 0, "char_overlapped": 0, "char_false_positive": 0, "e2e_correct_num_recall": 15.0, "e2e_correct_num_precision": 13.0, "chars_recog": 55, "e2e_char_missed": 10.0, "e2e_char_false_positive": 40.0, "e2e_recog_score_chars": 55, "e2e_recog_score_correct_num": 15.0}, "Detection": {"precision": 0.92, "recall": 1.0, "hmean": 0.9583333333333334}, "pairs": [{"gt": [0], "det": [0], "type": "OO"}, {"gt": [1], "det": [1], "type": "OO"}, {"gt": [1, 2], "det": [1], "type": "MO"}, {"gt": [3, 4], "det": [2], "type": "MO"}], "detectionMat": [[6.0, 0.0, 0.0, 6.0, 0.0], [0.0, 7.0, 0.0, 7.0, 0.0], [0.0, 4.0, 0.0, 4.0, 0.0], [0.0, 0.0, 4.0, 4.0, 0.0], [0.0, 0.0, 4.0, 4.0, 0.0], [6.0, 11.0, 8.0, 0.0, 0.0], [0.0, 1.0, 1.0, 0.0, 0.0]], "precisionMat": [[0.9818710110050692, 0.009903452357342447, 0.0], [0.0, 0.5313035312645388, 0.0], [0.0, 0.3084505358483198, 0.0], [0.0, 0.0, 0.4723227031063911], [0.0, 0.0, 0.451739415360789]], "gtPolPoints": [[46.0, 563.0, 364.0, 483.0, 374.0, 545.0, 58.0, 643.0], [152.0, 623.0, 252.0, 591.0, 252.0, 631.0, 154.0, 663.0], [246.0, 585.0, 306.0, 573.0, 308.0, 607.0, 256.0, 623.0], [134.0, 678.0, 186.0, 662.0, 196.0, 693.0, 140.0, 712.0], [194.0, 653.0, 242.0, 643.0, 241.0, 677.0, 196.0, 693.0]], "detPolPoints": [[53.0, 565.0, 350.0, 482.0, 368.0, 545.0, 72.0, 629.0], [149.0, 617.0, 294.0, 568.0, 307.0, 605.0, 162.0, 654.0], [137.0, 678.0, 238.0, 643.0, 249.0, 672.0, 147.0, 707.0]], "gtCharPoints": [[[78.41666666666667, 595.5833333333334], [131.25, 580.75], [184.08333333333334, 565.9166666666667], [236.91666666666669, 551.0833333333334], [289.75, 536.25], [342.58333333333337, 521.4166666666667]], [[160.07142857142858, 640.7142857142857], [174.21428571428572, 636.1428571428571], [188.35714285714286, 631.5714285714286], [202.5, 627.0], [216.64285714285717, 622.4285714285713], [230.78571428571428, 617.8571428571428], [244.92857142857144, 613.2857142857142]], [[258.0, 602.25], [272.0, 598.75], [286.0, 595.25], [300.0, 591.75]], [[143.75, 692.8125], [157.25, 688.4375], [170.75, 684.0625], [184.25, 679.6875]], [[200.8125, 671.375], [212.4375, 668.125], [224.0625, 664.875], [235.6875, 661.625]]], "gtCharCounts": [[1.0, 1.0, 1.0, 1.0, 1.0, 1.0], [1.0, 1.0, 1.0, 1.0, 1.0, 1.0, 1.0], [1.0, 1.0, 1.0, 1.0], [1.0, 1.0, 1.0, 1.0], [1.0, 1.0, 1.0, 1.0]], "gtDontCare": [], "detDontCare": [], "evaluationParams": {"GT_PATH": "gt/gt_IC15.zip", "SUBMIT_PATH": "result/result_paddleOCR_IC15.zip", "OUTPUT_PATH": "output/", "PORT": 8080, "BOX_TYPE": "QUAD", "TRANSCRIPTION": true, "CONFIDENCES": false, "CRLF": false, "E2E": true, "CASE_SENSITIVE": true, "RS": true, "AREA_PRECISION_CONSTRAINT": 0.5, "GRANULARITY_PENALTY_WEIGHT": 1.0, "VERTICAL_ASPECT_RATIO_THRES": 2.0, "NUM_WORKERS": 2, "GT_SAMPLE_NAME_2_ID": "([0-9]+)", "DET_SAMPLE_NAME_2_ID": "([0-9]+)", "PER_SAMPLE_RESULTS": true}, "evaluationLog": "GT polygons: 5 (0 don't care) \nDET polygons: 3\n\nFind one-to-one matches\nMatch GT #0 with Det #0\nMatch GT #1 with Det #1\nFind one-to-many matches\nFind many-to-one matches\nMatch GT #[1, 2] with Det #1\nMatch GT #[3, 4] with Det #2\n<b>Detection | PRECISION\n</b><b>Detection | RECALL\n</b><b># of false positive chars\n</b>0\n=================================\n<b>End-to-End | Recall\n</b><b>End-to-End | Precision\n</b>", "EndtoEnd": {"precision": 0.23636363636363636, "recall": 0.6, "hmean": 0.33913043478260874, "recognition_score": 0.2727272727272727}, "end2endMat": [[0.0, 0.0, 0.0, 6.0, 0.0], [0.0, 0.0, 0.0, 2.0, 0.0], [0.0, 0.0, 0.0, 2.0, 0.0], [0.0, 0.0, 0.0, 1.0, 0.0], [0.0, 0.0, 0.0, 4.0, 0.0], [6.0, 4.0, 5.0, 0.0, 0.0], [0.0, 1.0, 1.0, 0.0, 0.0]], "gtTrans": ["GODIVA", "Belgium", "1926", "Goat", "2015"], "detTrans": ["GODIVA,0.98540455", "Litpim1950,0.5448077", "co912015,0.7939591"], "gtQuery": ["GODIVA", "Belgium", "1926", "Goat", "2015"], "detQuery": ["GODIVA,0.98540455", "Litpim1950,0.5448077", "co912015,0.7939591"]}