{"Rawdata": {"det_correct_num_recall": 0.0, "det_correct_num_precision": 0.0, "chars_gt": 31, "chars_det": 0, "num_splitted": 0, "num_merged": 0, "num_false_positive": 0, "char_missed": 31, "char_overlapped": 0, "char_false_positive": 0, "e2e_correct_num_recall": 0.0, "e2e_correct_num_precision": 0.0, "chars_recog": 0, "e2e_char_missed": 31.0, "e2e_char_false_positive": 0.0, "e2e_recog_score_chars": 0, "e2e_recog_score_correct_num": 0.0}, "Detection": {"precision": 0.0, "recall": 0.0, "hmean": 0}, "pairs": [], "detectionMat": [[0.0, 0.0], [0.0, 0.0], [0.0, 0.0], [0.0, 0.0], [0.0, 0.0], [0.0, 0.0], [0.0, 0.0]], "precisionMat": [[], [], [], [], []], "gtPolPoints": [[66.0, 401.0, 152.0, 376.0, 153.0, 403.0, 67.0, 427.0], [68.0, 447.0, 97.0, 434.0, 101.0, 456.0, 72.0, 470.0], [100.0, 434.0, 155.0, 412.0, 156.0, 435.0, 101.0, 457.0], [79.0, 487.0, 180.0, 438.0, 182.0, 474.0, 81.0, 523.0], [81.0, 548.0, 180.0, 487.0, 183.0, 513.0, 85.0, 574.0]], "detPolPoints": [], "gtCharPoints": [[[71.875, 412.46875], [82.625, 409.40625], [93.375, 406.34375], [104.125, 403.28125], [114.875, 400.21875], [125.625, 397.15625], [136.375, 394.09375], [147.125, 391.03125]], [[77.25, 455.125], [91.75, 448.375]], [[103.9375, 444.125], [110.8125, 441.375], [117.6875, 438.625], [124.5625, 435.875], [131.4375, 433.125], [138.3125, 430.375], [145.1875, 427.625], [152.0625, 424.875]], [[86.3125, 501.9375], [98.9375, 495.8125], [111.5625, 489.6875], [124.1875, 483.5625], [136.8125, 477.4375], [149.4375, 471.3125], [162.0625, 465.1875], [174.6875, 459.0625]], [[90.03571428571429, 556.6428571428571], [104.10714285714286, 547.9285714285714], [118.17857142857143, 539.2142857142857], [132.25, 530.5], [146.32142857142858, 521.7857142857142], [160.39285714285717, 513.0714285714286], [174.46428571428572, 504.35714285714283]]], "gtCharCounts": [0.0, 0.0, 0.0, 0.0, 0.0], "gtDontCare": [1], "detDontCare": [], "evaluationParams": {"GT_PATH": "gt/gt_IC15.zip", "SUBMIT_PATH": "result/result_paddleOCR_IC15.zip", "OUTPUT_PATH": "output/", "PORT": 8080, "BOX_TYPE": "QUAD", "TRANSCRIPTION": true, "CONFIDENCES": false, "CRLF": false, "E2E": true, "CASE_SENSITIVE": true, "RS": true, "AREA_PRECISION_CONSTRAINT": 0.5, "GRANULARITY_PENALTY_WEIGHT": 1.0, "VERTICAL_ASPECT_RATIO_THRES": 2.0, "NUM_WORKERS": 2, "GT_SAMPLE_NAME_2_ID": "([0-9]+)", "DET_SAMPLE_NAME_2_ID": "([0-9]+)", "PER_SAMPLE_RESULTS": true}, "evaluationLog": "GT polygons: 5 (1 don't care) \nDET polygons: 0\n\nFind one-to-one matches\nFind one-to-many matches\nFind many-to-one matches\n<b>Detection | PRECISION\n</b><b>Detection | RECALL\n</b><b># of false positive chars\n</b>0\n=================================\n<b>End-to-End | Recall\n</b><b>End-to-End | Precision\n</b>", "EndtoEnd": {"precision": 0.0, "recall": 0.0, "hmean": 0, "recognition_score": 0.0}, "end2endMat": [[0.0, 0.0], [0.0, 0.0], [0.0, 0.0], [0.0, 0.0], [0.0, 0.0], [0.0, 0.0], [0.0, 0.0]], "gtTrans": ["Fashi  g", "##", "Exciting", "Shopping", "Boerien"], "detTrans": [], "gtQuery": ["Fashi  g", "##", "Exciting", "Shopping", "Boerien"], "detQuery": []}