{"Rawdata": {"det_correct_num_recall": 0.0, "det_correct_num_precision": 0.0, "chars_gt": 45, "chars_det": 0, "num_splitted": 0, "num_merged": 0, "num_false_positive": 0, "char_missed": 45, "char_overlapped": 0, "char_false_positive": 0, "e2e_correct_num_recall": 0.0, "e2e_correct_num_precision": 0.0, "chars_recog": 0, "e2e_char_missed": 45.0, "e2e_char_false_positive": 0.0, "e2e_recog_score_chars": 0, "e2e_recog_score_correct_num": 0.0}, "Detection": {"precision": 0.0, "recall": 0.0, "hmean": 0}, "pairs": [], "detectionMat": [[0.0, 0.0], [0.0, 0.0], [0.0, 0.0], [0.0, 0.0], [0.0, 0.0], [0.0, 0.0], [0.0, 0.0], [0.0, 0.0], [0.0, 0.0], [0.0, 0.0], [0.0, 0.0], [0.0, 0.0], [0.0, 0.0], [0.0, 0.0], [0.0, 0.0], [0.0, 0.0]], "precisionMat": [[], [], [], [], [], [], [], [], [], [], [], [], [], []], "gtPolPoints": [[585.0, 211.0, 615.0, 212.0, 613.0, 226.0, 583.0, 225.0], [543.0, 76.0, 571.0, 72.0, 575.0, 88.0, 547.0, 93.0], [620.0, 61.0, 660.0, 55.0, 660.0, 73.0, 620.0, 78.0], [573.0, 88.0, 619.0, 80.0, 620.0, 97.0, 575.0, 106.0], [621.0, 80.0, 706.0, 63.0, 708.0, 82.0, 623.0, 98.0], [575.0, 73.0, 618.0, 64.0, 619.0, 78.0, 576.0, 87.0], [708.0, 64.0, 763.0, 55.0, 766.0, 72.0, 710.0, 81.0], [230.0, 185.0, 319.0, 183.0, 319.0, 201.0, 230.0, 203.0], [18.0, 234.0, 55.0, 236.0, 55.0, 255.0, 18.0, 253.0], [1.0, 240.0, 20.0, 241.0, 18.0, 253.0, 0.0, 252.0], [211.0, 237.0, 245.0, 237.0, 248.0, 250.0, 213.0, 250.0], [304.0, 14.0, 366.0, 0.0, 372.0, 12.0, 310.0, 26.0], [521.0, 70.0, 566.0, 62.0, 562.0, 71.0, 517.0, 80.0], [651.0, 154.0, 704.0, 144.0, 704.0, 175.0, 651.0, 185.0]], "detPolPoints": [], "gtCharPoints": [[[589.0, 218.16666666666666], [599.0, 218.5], [609.0, 218.83333333333331]], [[549.6666666666666, 83.75], [559.0, 82.25], [568.3333333333333, 80.75]], [[624.0, 68.95], [632.0, 67.85000000000001], [640.0, 66.75], [648.0, 65.65], [656.0, 64.55]], [[577.7916666666666, 96.29166666666667], [585.375, 94.875], [592.9583333333333, 93.45833333333334], [600.5416666666666, 92.04166666666667], [608.125, 90.625], [615.7083333333333, 89.20833333333334]], [[626.25, 88.175], [634.75, 86.52499999999999], [643.25, 84.875], [651.75, 83.225], [660.25, 81.575], [668.75, 79.925], [677.25, 78.275], [685.75, 76.625], [694.25, 74.975], [702.75, 73.325]], [[578.5714285714286, 79.35714285714286], [584.7142857142857, 78.07142857142857], [590.8571428571429, 76.78571428571429], [597.0, 75.5], [603.1428571428571, 74.21428571428572], [609.2857142857142, 72.92857142857143], [615.4285714285714, 71.64285714285714]], [[713.625, 71.75], [722.875, 70.25], [732.125, 68.75], [741.375, 67.25], [750.625, 65.75], [759.875, 64.25]], [[235.5625, 193.875], [246.6875, 193.625], [257.8125, 193.375], [268.9375, 193.125], [280.0625, 192.875], [291.1875, 192.625], [302.3125, 192.375], [313.4375, 192.125]], [[27.25, 244.0], [45.75, 245.0]], [[5.125, 246.25], [14.375, 246.75]], [[217.75, 243.5], [229.25, 243.5], [240.75, 243.5]], [[313.2, 18.6], [325.59999999999997, 15.8], [338.0, 13.000000000000002], [350.4, 10.200000000000003], [362.8, 7.400000000000002]], [[523.5, 74.15], [532.5, 72.45], [541.5, 70.75], [550.5, 69.05000000000001], [559.5, 67.35000000000001]], [[664.25, 167.0], [690.75, 162.0]]], "gtCharCounts": [0.0, 0.0, 0.0, 0.0, 0.0, 0.0, 0.0, 0.0, 0.0, 0.0, 0.0, 0.0, 0.0, 0.0], "gtDontCare": [0, 8, 9, 10, 11, 12, 13], "detDontCare": [], "evaluationParams": {"GT_PATH": "gt/gt_IC15.zip", "SUBMIT_PATH": "result/result_paddleOCR_IC15.zip", "OUTPUT_PATH": "output/", "PORT": 8080, "BOX_TYPE": "QUAD", "TRANSCRIPTION": true, "CONFIDENCES": false, "CRLF": false, "E2E": true, "CASE_SENSITIVE": true, "RS": true, "AREA_PRECISION_CONSTRAINT": 0.5, "GRANULARITY_PENALTY_WEIGHT": 1.0, "VERTICAL_ASPECT_RATIO_THRES": 2.0, "NUM_WORKERS": 2, "GT_SAMPLE_NAME_2_ID": "([0-9]+)", "DET_SAMPLE_NAME_2_ID": "([0-9]+)", "PER_SAMPLE_RESULTS": true}, "evaluationLog": "GT polygons: 14 (7 don't care) \nDET polygons: 0\n\nFind one-to-one matches\nFind one-to-many matches\nFind many-to-one matches\n<b>Detection | PRECISION\n</b><b>Detection | RECALL\n</b><b># of false positive chars\n</b>0\n=================================\n<b>End-to-End | Recall\n</b><b>End-to-End | Precision\n</b>", "EndtoEnd": {"precision": 0.0, "recall": 0.0, "hmean": 0, "recognition_score": 0.0}, "end2endMat": [[0.0, 0.0], [0.0, 0.0], [0.0, 0.0], [0.0, 0.0], [0.0, 0.0], [0.0, 0.0], [0.0, 0.0], [0.0, 0.0], [0.0, 0.0], [0.0, 0.0], [0.0, 0.0], [0.0, 0.0], [0.0, 0.0], [0.0, 0.0], [0.0, 0.0], [0.0, 0.0]], "gtTrans": ["###", "Pan", "Hotel", "Suntec", "Convention", "Pacific", "Centre", "LONGINES", "##", "##", "###", "#####", "#####", "##"], "detTrans": [], "gtQuery": ["###", "Pan", "Hotel", "Suntec", "Convention", "Pacific", "Centre", "LONGINES", "##", "##", "###", "#####", "#####", "##"], "detQuery": []}