{"Rawdata": {"det_correct_num_recall": 0.0, "det_correct_num_precision": 0.0, "chars_gt": 20, "chars_det": 0, "num_splitted": 0, "num_merged": 0, "num_false_positive": 0, "char_missed": 20, "char_overlapped": 0, "char_false_positive": 0, "e2e_correct_num_recall": 0.0, "e2e_correct_num_precision": 0.0, "chars_recog": 0, "e2e_char_missed": 20.0, "e2e_char_false_positive": 0.0, "e2e_recog_score_chars": 0, "e2e_recog_score_correct_num": 0.0}, "Detection": {"precision": 0.0, "recall": 0.0, "hmean": 0}, "pairs": [], "detectionMat": [[0.0, 0.0], [0.0, 0.0], [0.0, 0.0], [0.0, 0.0], [0.0, 0.0], [0.0, 0.0], [0.0, 0.0], [0.0, 0.0], [0.0, 0.0]], "precisionMat": [[], [], [], [], [], [], []], "gtPolPoints": [[257.0, 475.0, 318.0, 438.0, 322.0, 481.0, 261.0, 517.0], [432.0, 298.0, 487.0, 277.0, 487.0, 301.0, 432.0, 322.0], [329.0, 426.0, 376.0, 400.0, 376.0, 416.0, 329.0, 443.0], [146.0, 480.0, 203.0, 453.0, 205.0, 476.0, 147.0, 503.0], [262.0, 560.0, 339.0, 503.0, 341.0, 523.0, 265.0, 580.0], [259.0, 588.0, 349.0, 516.0, 350.0, 540.0, 260.0, 612.0], [215.0, 464.0, 241.0, 448.0, 241.0, 467.0, 215.0, 482.0]], "detPolPoints": [], "gtCharPoints": [[[266.625, 491.4375], [281.875, 482.3125], [297.125, 473.1875], [312.375, 464.0625]], [[441.1666666666667, 306.5], [459.5, 299.5], [477.83333333333337, 292.5]], [[334.875, 431.1875], [346.625, 424.5625], [358.375, 417.9375], [370.125, 411.3125]], [[156.08333333333334, 487.0], [175.25, 478.0], [194.41666666666669, 469.0]], [[268.9642857142857, 565.9285714285714], [279.89285714285717, 557.7857142857143], [290.82142857142856, 549.6428571428571], [301.75, 541.5], [312.67857142857144, 533.3571428571429], [323.6071428571429, 525.2142857142858], [334.5357142857143, 517.0714285714286]], [[264.5, 596.0], [274.5, 588.0], [284.5, 580.0], [294.5, 572.0], [304.5, 564.0], [314.5, 556.0], [324.5, 548.0], [334.5, 540.0], [344.5, 532.0]], [[221.5, 469.125], [234.5, 461.375]]], "gtCharCounts": [0.0, 0.0, 0.0, 0.0, 0.0, 0.0, 0.0], "gtDontCare": [1, 2, 3, 6], "detDontCare": [], "evaluationParams": {"GT_PATH": "gt/gt_IC15.zip", "SUBMIT_PATH": "result/result_paddleOCR_IC15.zip", "OUTPUT_PATH": "output/", "PORT": 8080, "BOX_TYPE": "QUAD", "TRANSCRIPTION": true, "CONFIDENCES": false, "CRLF": false, "E2E": true, "CASE_SENSITIVE": true, "RS": true, "AREA_PRECISION_CONSTRAINT": 0.5, "GRANULARITY_PENALTY_WEIGHT": 1.0, "VERTICAL_ASPECT_RATIO_THRES": 2.0, "NUM_WORKERS": 2, "GT_SAMPLE_NAME_2_ID": "([0-9]+)", "DET_SAMPLE_NAME_2_ID": "([0-9]+)", "PER_SAMPLE_RESULTS": true}, "evaluationLog": "GT polygons: 7 (4 don't care) \nDET polygons: 0\n\nFind one-to-one matches\nFind one-to-many matches\nFind many-to-one matches\n<b>Detection | PRECISION\n</b><b>Detection | RECALL\n</b><b># of false positive chars\n</b>0\n=================================\n<b>End-to-End | Recall\n</b><b>End-to-End | Precision\n</b>", "EndtoEnd": {"precision": 0.0, "recall": 0.0, "hmean": 0, "recognition_score": 0.0}, "end2endMat": [[0.0, 0.0], [0.0, 0.0], [0.0, 0.0], [0.0, 0.0], [0.0, 0.0], [0.0, 0.0], [0.0, 0.0], [0.0, 0.0], [0.0, 0.0]], "gtTrans": ["SALE", "###", "####", "###", "FURTHER", "DISCOUNTS", "##"], "detTrans": [], "gtQuery": ["SALE", "###", "####", "###", "FURTHER", "DISCOUNTS", "##"], "detQuery": []}