{"Rawdata": {"det_correct_num_recall": 6.0, "det_correct_num_precision": 5.0, "chars_gt": 11, "chars_det": 6.0, "num_splitted": 0, "num_merged": 1, "num_false_positive": 0, "char_missed": 5, "char_overlapped": 0, "char_false_positive": 0, "e2e_correct_num_recall": 4.0, "e2e_correct_num_precision": 3.0, "chars_recog": 15, "e2e_char_missed": 7.0, "e2e_char_false_positive": 11.0, "e2e_recog_score_chars": 15, "e2e_recog_score_correct_num": 4.0}, "Detection": {"precision": 0.8333333333333334, "recall": 0.5454545454545454, "hmean": 0.6593406593406592}, "pairs": [{"gt": [3], "det": [0], "type": "OO"}, {"gt": [2, 3], "det": [0], "type": "MO"}], "detectionMat": [[0.0, 0.0, 0.0], [0.0, 0.0, 0.0], [2.0, 2.0, 0.0], [4.0, 4.0, 0.0], [0.0, 0.0, 0.0], [0.0, 0.0, 0.0], [0.0, 0.0, 0.0], [0.0, 0.0, 0.0], [6.0, 0.0, 0.0], [1.0, 0.0, 0.0]], "precisionMat": [[0.0], [0.0], [0.30019331481171013], [0.718124083660059], [0.0], [0.0], [0.0], [0.0]], "gtPolPoints": [[276.0, 76.0, 348.0, 62.0, 348.0, 93.0, 277.0, 106.0], [794.0, 133.0, 920.0, 113.0, 907.0, 228.0, 792.0, 197.0], [794.0, 203.0, 841.0, 211.0, 831.0, 250.0, 783.0, 242.0], [845.0, 206.0, 907.0, 221.0, 892.0, 272.0, 826.0, 249.0], [817.0, 308.0, 898.0, 315.0, 891.0, 352.0, 811.0, 341.0], [792.0, 290.0, 821.0, 329.0, 800.0, 361.0, 777.0, 320.0], [629.0, 2.0, 751.0, 0.0, 750.0, 39.0, 633.0, 47.0], [756.0, 1.0, 853.0, 1.0, 858.0, 6.0, 758.0, 19.0]], "detPolPoints": [[812.0, 213.0, 895.0, 222.0, 891.0, 256.0, 808.0, 248.0]], "gtCharPoints": [[[288.4166666666667, 88.75], [312.25, 84.25], [336.08333333333337, 79.75]], [[823.125, 166.375], [883.375, 169.125]], [[796.4166666666666, 223.83333333333334], [812.25, 226.5], [828.0833333333333, 229.16666666666669]], [[843.5, 229.875], [859.5, 234.625], [875.5, 239.375], [891.5, 244.125]], [[824.0625, 325.625], [844.1875, 327.875], [864.3125, 330.125], [884.4375, 332.375]], [[791.0, 315.0], [804.0, 335.0]], [[650.9166666666666, 23.666666666666668], [690.75, 22.0], [730.5833333333333, 20.333333333333336]], [[763.15625, 9.59375], [775.46875, 8.78125], [787.78125, 7.96875], [800.09375, 7.15625], [812.40625, 6.34375], [824.71875, 5.53125], [837.03125, 4.71875], [849.34375, 3.90625]]], "gtCharCounts": [[0.0, 0.0, 0.0], [0.0, 0.0], [0.0, 1.0, 1.0], [1.0, 1.0, 1.0, 1.0], [0.0, 0.0, 0.0, 0.0], [0.0, 0.0], [0.0, 0.0, 0.0], [0.0, 0.0, 0.0, 0.0, 0.0, 0.0, 0.0, 0.0]], "gtDontCare": [0, 1, 5, 6, 7], "detDontCare": [], "evaluationParams": {"GT_PATH": "gt/gt_IC15.zip", "SUBMIT_PATH": "result/result_paddleOCR_IC15.zip", "OUTPUT_PATH": "output/", "PORT": 8080, "BOX_TYPE": "QUAD", "TRANSCRIPTION": true, "CONFIDENCES": false, "CRLF": false, "E2E": true, "CASE_SENSITIVE": true, "RS": true, "AREA_PRECISION_CONSTRAINT": 0.5, "GRANULARITY_PENALTY_WEIGHT": 1.0, "VERTICAL_ASPECT_RATIO_THRES": 2.0, "NUM_WORKERS": 2, "GT_SAMPLE_NAME_2_ID": "([0-9]+)", "DET_SAMPLE_NAME_2_ID": "([0-9]+)", "PER_SAMPLE_RESULTS": true}, "evaluationLog": "GT polygons: 8 (5 don't care) \nDET polygons: 1\n\nFind one-to-one matches\nMatch GT #3 with Det #0\nFind one-to-many matches\nFind many-to-one matches\nMatch GT #[2, 3] with Det #0\n<b>Detection | PRECISION\n</b><b>Detection | RECALL\n</b><b># of false positive chars\n</b>0\n=================================\n<b>End-to-End | Recall\n</b><b>End-to-End | Precision\n</b>", "EndtoEnd": {"precision": 0.2, "recall": 0.36363636363636365, "hmean": 0.25806451612903225, "recognition_score": 0.26666666666666666}, "end2endMat": [[0.0, 0.0, 0.0], [0.0, 0.0, 0.0], [0.0, 1.0, 0.0], [0.0, 3.0, 0.0], [0.0, 0.0, 0.0], [0.0, 0.0, 0.0], [0.0, 0.0, 0.0], [0.0, 0.0, 0.0], [4.0, 0.0, 0.0], [1.0, 0.0, 0.0]], "gtTrans": ["###", "##", "50%", "off!", "SALE", "##", "###", "########"], "detTrans": ["coff,0.82272774"], "gtQuery": ["###", "##", "50%", "off!", "SALE", "##", "###", "########"], "detQuery": ["coff,0.82272774"]}