{"Rawdata": {"det_correct_num_recall": 0.0, "det_correct_num_precision": 0.0, "chars_gt": 9, "chars_det": 0, "num_splitted": 0, "num_merged": 0, "num_false_positive": 0, "char_missed": 9, "char_overlapped": 0, "char_false_positive": 0, "e2e_correct_num_recall": 0.0, "e2e_correct_num_precision": 0.0, "chars_recog": 0, "e2e_char_missed": 9.0, "e2e_char_false_positive": 0.0, "e2e_recog_score_chars": 0, "e2e_recog_score_correct_num": 0.0}, "Detection": {"precision": 0.0, "recall": 0.0, "hmean": 0}, "pairs": [], "detectionMat": [[0.0, 0.0], [0.0, 0.0], [0.0, 0.0], [0.0, 0.0], [0.0, 0.0], [0.0, 0.0], [0.0, 0.0], [0.0, 0.0]], "precisionMat": [[], [], [], [], [], []], "gtPolPoints": [[733.0, 103.0, 810.0, 112.0, 808.0, 132.0, 735.0, 123.0], [537.0, 250.0, 581.0, 253.0, 578.0, 268.0, 540.0, 265.0], [278.0, 93.0, 320.0, 96.0, 317.0, 110.0, 273.0, 106.0], [531.0, 521.0, 575.0, 517.0, 573.0, 538.0, 528.0, 538.0], [971.0, 107.0, 1027.0, 82.0, 1027.0, 105.0, 976.0, 123.0], [1192.0, 38.0, 1211.0, 31.0, 1212.0, 45.0, 1195.0, 50.0]], "detPolPoints": [], "gtCharPoints": [[[741.5, 113.9], [756.5, 115.7], [771.5, 117.5], [786.5, 119.30000000000001], [801.5, 121.10000000000001]], [[543.625, 257.875], [553.875, 258.625], [564.125, 259.375], [574.375, 260.125]], [[280.875, 99.9375], [291.625, 100.8125], [302.375, 101.6875], [313.125, 102.5625]], [[536.9166666666666, 529.1666666666666], [551.75, 528.5], [566.5833333333333, 527.8333333333333]], [[982.4166666666666, 111.41666666666667], [1000.25, 104.25], [1018.0833333333333, 97.08333333333334]], [[1198.0, 42.5], [1207.0, 39.5]]], "gtCharCounts": [0.0, 0.0, 0.0, 0.0, 0.0, 0.0], "gtDontCare": [2, 3, 4, 5], "detDontCare": [], "evaluationParams": {"GT_PATH": "gt/gt_IC15.zip", "SUBMIT_PATH": "result/result_paddleOCR_IC15.zip", "OUTPUT_PATH": "output/", "PORT": 8080, "BOX_TYPE": "QUAD", "TRANSCRIPTION": true, "CONFIDENCES": false, "CRLF": false, "E2E": true, "CASE_SENSITIVE": true, "RS": true, "AREA_PRECISION_CONSTRAINT": 0.5, "GRANULARITY_PENALTY_WEIGHT": 1.0, "VERTICAL_ASPECT_RATIO_THRES": 2.0, "NUM_WORKERS": 2, "GT_SAMPLE_NAME_2_ID": "([0-9]+)", "DET_SAMPLE_NAME_2_ID": "([0-9]+)", "PER_SAMPLE_RESULTS": true}, "evaluationLog": "GT polygons: 6 (4 don't care) \nDET polygons: 0\n\nFind one-to-one matches\nFind one-to-many matches\nFind many-to-one matches\n<b>Detection | PRECISION\n</b><b>Detection | RECALL\n</b><b># of false positive chars\n</b>0\n=================================\n<b>End-to-End | Recall\n</b><b>End-to-End | Precision\n</b>", "EndtoEnd": {"precision": 0.0, "recall": 0.0, "hmean": 0, "recognition_score": 0.0}, "end2endMat": [[0.0, 0.0], [0.0, 0.0], [0.0, 0.0], [0.0, 0.0], [0.0, 0.0], [0.0, 0.0], [0.0, 0.0], [0.0, 0.0]], "gtTrans": ["GUESS", "TODS", "####", "###", "###", "##"], "detTrans": [], "gtQuery": ["GUESS", "TODS", "####", "###", "###", "##"], "detQuery": []}