{"Rawdata": {"det_correct_num_recall": 5.0, "det_correct_num_precision": 5.0, "chars_gt": 9, "chars_det": 5.0, "num_splitted": 0, "num_merged": 0, "num_false_positive": 0, "char_missed": 4, "char_overlapped": 0, "char_false_positive": 0, "e2e_correct_num_recall": 5.0, "e2e_correct_num_precision": 5.0, "chars_recog": 15, "e2e_char_missed": 4.0, "e2e_char_false_positive": 10.0, "e2e_recog_score_chars": 15, "e2e_recog_score_correct_num": 5.0}, "Detection": {"precision": 1.0, "recall": 0.5555555555555556, "hmean": 0.7142857142857143}, "pairs": [{"gt": [0], "det": [0], "type": "OO"}], "detectionMat": [[5.0, 5.0, 0.0], [0.0, 0.0, 0.0], [0.0, 0.0, 0.0], [0.0, 0.0, 0.0], [0.0, 0.0, 0.0], [0.0, 0.0, 0.0], [0.0, 0.0, 0.0], [5.0, 0.0, 0.0], [0.0, 0.0, 0.0]], "precisionMat": [[0.9351851851851863], [0.002034175030251294], [0.0], [0.0], [0.0], [0.0], [0.0]], "gtPolPoints": [[499.0, 291.0, 547.0, 288.0, 550.0, 315.0, 502.0, 318.0], [502.0, 316.0, 551.0, 311.0, 554.0, 329.0, 505.0, 339.0], [1138.0, 57.0, 1175.0, 50.0, 1180.0, 88.0, 1144.0, 94.0], [107.0, 304.0, 128.0, 302.0, 128.0, 313.0, 107.0, 316.0], [781.0, 243.0, 840.0, 241.0, 838.0, 260.0, 780.0, 262.0], [372.0, 251.0, 404.0, 240.0, 412.0, 286.0, 381.0, 297.0], [1041.0, 379.0, 1118.0, 378.0, 1120.0, 400.0, 1042.0, 401.0]], "detPolPoints": [[504.0, 298.0, 552.0, 298.0, 552.0, 312.0, 504.0, 312.0]], "gtCharPoints": [[[505.3, 304.2], [514.9, 303.59999999999997], [524.5, 303.0], [534.1, 302.4], [543.7, 301.8]], [[511.6666666666667, 326.25], [528.0, 323.75], [544.3333333333334, 321.25]], [[1150.125, 73.875], [1168.375, 70.625]], [[109.625, 309.6875], [114.875, 309.0625], [120.125, 308.4375], [125.375, 307.8125]], [[787.8125, 252.25], [802.4375, 251.75], [817.0625, 251.25], [831.6875, 250.75]], [[384.375, 271.25], [400.125, 265.75]], [[1051.1875, 389.875], [1070.5625, 389.625], [1089.9375, 389.375], [1109.3125, 389.125]]], "gtCharCounts": [[1.0, 1.0, 1.0, 1.0, 1.0], [0.0, 0.0, 0.0], [0.0, 0.0], [0.0, 0.0, 0.0, 0.0], [0.0, 0.0, 0.0, 0.0], [0.0, 0.0], [0.0, 0.0, 0.0, 0.0]], "gtDontCare": [1, 2, 4, 5, 6], "detDontCare": [], "evaluationParams": {"GT_PATH": "gt/gt_IC15.zip", "SUBMIT_PATH": "result/result_paddleOCR_IC15.zip", "OUTPUT_PATH": "output/", "PORT": 8080, "BOX_TYPE": "QUAD", "TRANSCRIPTION": true, "CONFIDENCES": false, "CRLF": false, "E2E": true, "CASE_SENSITIVE": true, "RS": true, "AREA_PRECISION_CONSTRAINT": 0.5, "GRANULARITY_PENALTY_WEIGHT": 1.0, "VERTICAL_ASPECT_RATIO_THRES": 2.0, "NUM_WORKERS": 2, "GT_SAMPLE_NAME_2_ID": "([0-9]+)", "DET_SAMPLE_NAME_2_ID": "([0-9]+)", "PER_SAMPLE_RESULTS": true}, "evaluationLog": "GT polygons: 7 (5 don't care) \nDET polygons: 1\n\nFind one-to-one matches\nMatch GT #0 with Det #0\nFind one-to-many matches\nFind many-to-one matches\n<b>Detection | PRECISION\n</b><b>Detection | RECALL\n</b><b># of false positive chars\n</b>0\n=================================\n<b>End-to-End | Recall\n</b><b>End-to-End | Precision\n</b>", "EndtoEnd": {"precision": 0.3333333333333333, "recall": 0.5555555555555556, "hmean": 0.4166666666666667, "recognition_score": 0.3333333333333333}, "end2endMat": [[0.0, 5.0, 0.0], [0.0, 0.0, 0.0], [0.0, 0.0, 0.0], [0.0, 0.0, 0.0], [0.0, 0.0, 0.0], [0.0, 0.0, 0.0], [0.0, 0.0, 0.0], [5.0, 0.0, 0.0], [0.0, 0.0, 0.0]], "gtTrans": ["aster", "###", "##", "EXIT", "####", "##", "####"], "detTrans": ["aster,0.9649111"], "gtQuery": ["aster", "###", "##", "EXIT", "####", "##", "####"], "detQuery": ["aster,0.9649111"]}