{"Rawdata": {"det_correct_num_recall": 6.0, "det_correct_num_precision": 6.0, "chars_gt": 8, "chars_det": 6.0, "num_splitted": 0, "num_merged": 0, "num_false_positive": 0, "char_missed": 2, "char_overlapped": 0, "char_false_positive": 0, "e2e_correct_num_recall": 3.0, "e2e_correct_num_precision": 3.0, "chars_recog": 17, "e2e_char_missed": 5.0, "e2e_char_false_positive": 14.0, "e2e_recog_score_chars": 17, "e2e_recog_score_correct_num": 3.0}, "Detection": {"precision": 1.0, "recall": 0.75, "hmean": 0.8571428571428571}, "pairs": [{"gt": [0], "det": [0], "type": "OO"}], "detectionMat": [[6.0, 6.0, 0.0], [6.0, 0.0, 0.0], [0.0, 0.0, 0.0]], "precisionMat": [[1.0]], "gtPolPoints": [[402.0, 466.0, 539.0, 432.0, 543.0, 468.0, 406.0, 502.0]], "detPolPoints": [[404.0, 469.0, 511.0, 453.0, 514.0, 472.0, 407.0, 488.0]], "gtCharPoints": [[[412.5625, 481.875], [429.6875, 477.625], [446.8125, 473.375], [463.9375, 469.125], [481.0625, 464.875], [498.1875, 460.625], [515.3125, 456.375], [532.4375, 452.125]]], "gtCharCounts": [[1.0, 1.0, 1.0, 1.0, 1.0, 1.0, 0.0, 0.0]], "gtDontCare": [], "detDontCare": [], "evaluationParams": {"GT_PATH": "gt/gt_IC15.zip", "SUBMIT_PATH": "result/result_paddleOCR_IC15.zip", "OUTPUT_PATH": "output/", "PORT": 8080, "BOX_TYPE": "QUAD", "TRANSCRIPTION": true, "CONFIDENCES": false, "CRLF": false, "E2E": true, "CASE_SENSITIVE": true, "RS": true, "AREA_PRECISION_CONSTRAINT": 0.5, "GRANULARITY_PENALTY_WEIGHT": 1.0, "VERTICAL_ASPECT_RATIO_THRES": 2.0, "NUM_WORKERS": 2, "GT_SAMPLE_NAME_2_ID": "([0-9]+)", "DET_SAMPLE_NAME_2_ID": "([0-9]+)", "PER_SAMPLE_RESULTS": true}, "evaluationLog": "GT polygons: 1 (0 don't care) \nDET polygons: 1\n\nFind one-to-one matches\nMatch GT #0 with Det #0\nFind one-to-many matches\nFind many-to-one matches\n<b>Detection | PRECISION\n</b><b>Detection | RECALL\n</b><b># of false positive chars\n</b>0\n=================================\n<b>End-to-End | Recall\n</b><b>End-to-End | Precision\n</b>", "EndtoEnd": {"precision": 0.17647058823529413, "recall": 0.375, "hmean": 0.24, "recognition_score": 0.17647058823529413}, "end2endMat": [[0.0, 3.0, 0.0], [3.0, 0.0, 0.0], [0.0, 0.0, 0.0]], "gtTrans": ["CONVERSE"], "detTrans": ["CODvEl,0.66974574"], "gtQuery": ["CONVERSE"], "detQuery": ["CODvEl,0.66974574"]}