{"Rawdata": {"det_correct_num_recall": 7.0, "det_correct_num_precision": 7.0, "chars_gt": 19, "chars_det": 7.0, "num_splitted": 0, "num_merged": 0, "num_false_positive": 0, "char_missed": 12, "char_overlapped": 0, "char_false_positive": 0, "e2e_correct_num_recall": 6.0, "e2e_correct_num_precision": 6.0, "chars_recog": 19, "e2e_char_missed": 13.0, "e2e_char_false_positive": 13.0, "e2e_recog_score_chars": 19, "e2e_recog_score_correct_num": 6.0}, "Detection": {"precision": 1.0, "recall": 0.3684210526315789, "hmean": 0.5384615384615384}, "pairs": [{"gt": [1], "det": [0], "type": "OO"}], "detectionMat": [[0.0, 0.0, 0.0], [7.0, 7.0, 0.0], [0.0, 0.0, 0.0], [0.0, 0.0, 0.0], [0.0, 0.0, 0.0], [0.0, 0.0, 0.0], [7.0, 0.0, 0.0], [0.0, 0.0, 0.0]], "precisionMat": [[0.18460255697609784], [0.6951570293349525], [0.0], [0.0], [0.0], [0.0]], "gtPolPoints": [[58.0, 27.0, 169.0, 48.0, 171.0, 110.0, 64.0, 90.0], [192.0, 56.0, 401.0, 105.0, 405.0, 151.0, 191.0, 108.0], [412.0, 118.0, 526.0, 147.0, 527.0, 170.0, 411.0, 149.0], [525.0, 146.0, 559.0, 153.0, 557.0, 172.0, 525.0, 171.0], [652.0, 177.0, 705.0, 186.0, 714.0, 214.0, 661.0, 205.0], [329.0, 468.0, 373.0, 451.0, 379.0, 462.0, 336.0, 479.0]], "detPolPoints": [[120.0, 45.0, 412.0, 102.0, 404.0, 143.0, 112.0, 86.0]], "gtCharPoints": [[[88.25, 63.625], [142.75, 73.875]], [[206.60714285714286, 85.28571428571429], [236.82142857142858, 91.85714285714286], [267.0357142857143, 98.42857142857143], [297.25, 105.0], [327.4642857142857, 111.57142857142858], [357.67857142857144, 118.14285714285714], [387.8928571428571, 124.71428571428572]], [[417.8888888888889, 134.88888888888889], [430.6666666666667, 137.66666666666666], [443.44444444444446, 140.44444444444443], [456.22222222222223, 143.22222222222223], [469.0, 146.0], [481.7777777777778, 148.77777777777777], [494.5555555555556, 151.55555555555554], [507.33333333333337, 154.33333333333331], [520.1111111111111, 157.11111111111111]], [[530.5, 159.16666666666666], [541.5, 160.5], [552.5, 161.83333333333331]], [[669.75, 193.25], [696.25, 197.75]], [[337.9375, 471.375], [348.8125, 467.125], [359.6875, 462.875], [370.5625, 458.625]]], "gtCharCounts": [[0.0, 0.0], [1.0, 1.0, 1.0, 1.0, 1.0, 1.0, 1.0], [0.0, 0.0, 0.0, 0.0, 0.0, 0.0, 0.0, 0.0, 0.0], [0.0, 0.0, 0.0], [0.0, 0.0], [0.0, 0.0, 0.0, 0.0]], "gtDontCare": [0, 4, 5], "detDontCare": [], "evaluationParams": {"GT_PATH": "gt/gt_IC15.zip", "SUBMIT_PATH": "result/result_paddleOCR_IC15.zip", "OUTPUT_PATH": "output/", "PORT": 8080, "BOX_TYPE": "QUAD", "TRANSCRIPTION": true, "CONFIDENCES": false, "CRLF": false, "E2E": true, "CASE_SENSITIVE": true, "RS": true, "AREA_PRECISION_CONSTRAINT": 0.5, "GRANULARITY_PENALTY_WEIGHT": 1.0, "VERTICAL_ASPECT_RATIO_THRES": 2.0, "NUM_WORKERS": 2, "GT_SAMPLE_NAME_2_ID": "([0-9]+)", "DET_SAMPLE_NAME_2_ID": "([0-9]+)", "PER_SAMPLE_RESULTS": true}, "evaluationLog": "GT polygons: 6 (3 don't care) \nDET polygons: 1\n\nFind one-to-one matches\nMatch GT #1 with Det #0\nFind one-to-many matches\nFind many-to-one matches\n<b>Detection | PRECISION\n</b><b>Detection | RECALL\n</b><b># of false positive chars\n</b>0\n=================================\n<b>End-to-End | Recall\n</b><b>End-to-End | Precision\n</b>", "EndtoEnd": {"precision": 0.3157894736842105, "recall": 0.3157894736842105, "hmean": 0.3157894736842105, "recognition_score": 0.3157894736842105}, "end2endMat": [[0.0, 0.0, 0.0], [0.0, 6.0, 0.0], [0.0, 0.0, 0.0], [0.0, 0.0, 0.0], [0.0, 0.0, 0.0], [0.0, 0.0, 0.0], [6.0, 0.0, 0.0], [0.0, 0.0, 0.0]], "gtTrans": ["##", "BRENNER", "CHOCOLATE", "BAR", "##", "####"], "detTrans": ["XERENNER,0.93553996"], "gtQuery": ["##", "BRENNER", "CHOCOLATE", "BAR", "##", "####"], "detQuery": ["XERENNER,0.93553996"]}