{"Rawdata": {"det_correct_num_recall": 4.0, "det_correct_num_precision": 4.0, "chars_gt": 26, "chars_det": 4.0, "num_splitted": 0, "num_merged": 0, "num_false_positive": 0, "char_missed": 22, "char_overlapped": 0, "char_false_positive": 0, "e2e_correct_num_recall": 4.0, "e2e_correct_num_precision": 4.0, "chars_recog": 14, "e2e_char_missed": 22.0, "e2e_char_false_positive": 10.0, "e2e_recog_score_chars": 14, "e2e_recog_score_correct_num": 4.0}, "Detection": {"precision": 1.0, "recall": 0.15384615384615385, "hmean": 0.2666666666666667}, "pairs": [{"gt": [0], "det": [0], "type": "OO"}], "detectionMat": [[4.0, 4.0, 0.0], [0.0, 0.0, 0.0], [0.0, 0.0, 0.0], [0.0, 0.0, 0.0], [0.0, 0.0, 0.0], [0.0, 0.0, 0.0], [4.0, 0.0, 0.0], [0.0, 0.0, 0.0]], "precisionMat": [[0.9190608340933174], [0.0], [0.0], [0.0], [0.0], [0.0]], "gtPolPoints": [[51.0, 95.0, 247.0, 158.0, 240.0, 208.0, 43.0, 155.0], [298.0, 178.0, 338.0, 193.0, 336.0, 207.0, 293.0, 195.0], [338.0, 192.0, 356.0, 197.0, 352.0, 217.0, 333.0, 208.0], [356.0, 197.0, 381.0, 205.0, 380.0, 223.0, 357.0, 215.0], [293.0, 198.0, 377.0, 221.0, 376.0, 237.0, 296.0, 215.0], [611.0, 297.0, 652.0, 310.0, 648.0, 333.0, 606.0, 321.0]], "detPolPoints": [[58.0, 98.0, 246.0, 147.0, 230.0, 204.0, 42.0, 155.0]], "gtCharPoints": [[[71.5625, 132.25], [120.6875, 146.75], [169.8125, 161.25], [218.9375, 175.75]], [[299.65, 187.85], [307.95, 190.54999999999998], [316.25, 193.25], [324.54999999999995, 195.95], [332.84999999999997, 198.65]], [[340.125, 201.75], [349.375, 205.25]], [[360.5, 207.33333333333334], [368.5, 210.0], [376.5, 212.66666666666669]], [[298.6, 207.625], [306.8, 209.875], [315.0, 212.125], [323.20000000000005, 214.375], [331.40000000000003, 216.625], [339.6, 218.875], [347.8, 221.125], [356.0, 223.375], [364.20000000000005, 225.625], [372.40000000000003, 227.875]], [[613.6875, 310.5625], [624.0625, 313.6875], [634.4375, 316.8125], [644.8125, 319.9375]]], "gtCharCounts": [[1.0, 1.0, 1.0, 1.0], [0.0, 0.0, 0.0, 0.0, 0.0], [0.0, 0.0], [0.0, 0.0, 0.0], [0.0, 0.0, 0.0, 0.0, 0.0, 0.0, 0.0, 0.0, 0.0, 0.0], [0.0, 0.0, 0.0, 0.0]], "gtDontCare": [2], "detDontCare": [], "evaluationParams": {"GT_PATH": "gt/gt_IC15.zip", "SUBMIT_PATH": "result/result_paddleOCR_IC15.zip", "OUTPUT_PATH": "output/", "PORT": 8080, "BOX_TYPE": "QUAD", "TRANSCRIPTION": true, "CONFIDENCES": false, "CRLF": false, "E2E": true, "CASE_SENSITIVE": true, "RS": true, "AREA_PRECISION_CONSTRAINT": 0.5, "GRANULARITY_PENALTY_WEIGHT": 1.0, "VERTICAL_ASPECT_RATIO_THRES": 2.0, "NUM_WORKERS": 2, "GT_SAMPLE_NAME_2_ID": "([0-9]+)", "DET_SAMPLE_NAME_2_ID": "([0-9]+)", "PER_SAMPLE_RESULTS": true}, "evaluationLog": "GT polygons: 6 (1 don't care) \nDET polygons: 1\n\nFind one-to-one matches\nMatch GT #0 with Det #0\nFind one-to-many matches\nFind many-to-one matches\n<b>Detection | PRECISION\n</b><b>Detection | RECALL\n</b><b># of false positive chars\n</b>0\n=================================\n<b>End-to-End | Recall\n</b><b>End-to-End | Precision\n</b>", "EndtoEnd": {"precision": 0.2857142857142857, "recall": 0.15384615384615385, "hmean": 0.2, "recognition_score": 0.2857142857142857}, "end2endMat": [[0.0, 4.0, 0.0], [0.0, 0.0, 0.0], [0.0, 0.0, 0.0], [0.0, 0.0, 0.0], [0.0, 0.0, 0.0], [0.0, 0.0, 0.0], [4.0, 0.0, 0.0], [0.0, 0.0, 0.0]], "gtTrans": ["PAUL", "SALON", "##", "THE", "RESTAURANT", "PAUL"], "detTrans": ["PAUL,0.9789693"], "gtQuery": ["PAUL", "SALON", "##", "THE", "RESTAURANT", "PAUL"], "detQuery": ["PAUL,0.9789693"]}