{"Rawdata": {"det_correct_num_recall": 7.0, "det_correct_num_precision": 7.0, "chars_gt": 7, "chars_det": 7.0, "num_splitted": 0, "num_merged": 0, "num_false_positive": 0, "char_missed": 0, "char_overlapped": 0, "char_false_positive": 0, "e2e_correct_num_recall": 7.0, "e2e_correct_num_precision": 7.0, "chars_recog": 17, "e2e_char_missed": 0.0, "e2e_char_false_positive": 10.0, "e2e_recog_score_chars": 17, "e2e_recog_score_correct_num": 7.0}, "Detection": {"precision": 1.0, "recall": 1.0, "hmean": 1.0}, "pairs": [{"gt": [0], "det": [0], "type": "OO"}], "detectionMat": [[7.0, 7.0, 0.0], [0.0, 0.0, 0.0], [7.0, 0.0, 0.0], [0.0, 0.0, 0.0]], "precisionMat": [[0.9267598144041025], [0.0]], "gtPolPoints": [[15.0, 196.0, 183.0, 172.0, 187.0, 204.0, 20.0, 229.0], [914.0, 4.0, 946.0, 1.0, 949.0, 18.0, 917.0, 21.0]], "detPolPoints": [[15.0, 193.0, 177.0, 171.0, 181.0, 204.0, 19.0, 226.0]], "gtCharPoints": [[[29.464285714285715, 210.75], [53.39285714285714, 207.25], [77.32142857142857, 203.75], [101.25, 200.25], [125.17857142857142, 196.75], [149.10714285714286, 193.25], [173.03571428571428, 189.75]], [[923.5, 11.75], [939.5, 10.25]]], "gtCharCounts": [[1.0, 1.0, 1.0, 1.0, 1.0, 1.0, 1.0], [0.0, 0.0]], "gtDontCare": [1], "detDontCare": [], "evaluationParams": {"GT_PATH": "gt/gt_IC15.zip", "SUBMIT_PATH": "result/result_paddleOCR_IC15.zip", "OUTPUT_PATH": "output/", "PORT": 8080, "BOX_TYPE": "QUAD", "TRANSCRIPTION": true, "CONFIDENCES": false, "CRLF": false, "E2E": true, "CASE_SENSITIVE": true, "RS": true, "AREA_PRECISION_CONSTRAINT": 0.5, "GRANULARITY_PENALTY_WEIGHT": 1.0, "VERTICAL_ASPECT_RATIO_THRES": 2.0, "NUM_WORKERS": 2, "GT_SAMPLE_NAME_2_ID": "([0-9]+)", "DET_SAMPLE_NAME_2_ID": "([0-9]+)", "PER_SAMPLE_RESULTS": true}, "evaluationLog": "GT polygons: 2 (1 don't care) \nDET polygons: 1\n\nFind one-to-one matches\nMatch GT #0 with Det #0\nFind one-to-many matches\nFind many-to-one matches\n<b>Detection | PRECISION\n</b><b>Detection | RECALL\n</b><b># of false positive chars\n</b>0\n=================================\n<b>End-to-End | Recall\n</b><b>End-to-End | Precision\n</b>", "EndtoEnd": {"precision": 0.4117647058823529, "recall": 1.0, "hmean": 0.5833333333333334, "recognition_score": 0.4117647058823529}, "end2endMat": [[0.0, 7.0, 0.0], [0.0, 0.0, 0.0], [7.0, 0.0, 0.0], [0.0, 0.0, 0.0]], "gtTrans": ["SAMSUNG", "##"], "detTrans": ["SAMSUNG,0.8796393"], "gtQuery": ["SAMSUNG", "##"], "detQuery": ["SAMSUNG,0.8796393"]}