{"Rawdata": {"det_correct_num_recall": 11.0, "det_correct_num_precision": 9.0, "chars_gt": 12, "chars_det": 11.0, "num_splitted": 0, "num_merged": 1, "num_false_positive": 0, "char_missed": 1, "char_overlapped": 0, "char_false_positive": 0, "e2e_correct_num_recall": 11.0, "e2e_correct_num_precision": 9.0, "chars_recog": 22, "e2e_char_missed": 1.0, "e2e_char_false_positive": 11.0, "e2e_recog_score_chars": 22, "e2e_recog_score_correct_num": 11.0}, "Detection": {"precision": 0.8181818181818182, "recall": 0.9166666666666666, "hmean": 0.8646288209606987}, "pairs": [{"gt": [2], "det": [0], "type": "OO"}, {"gt": [0, 1, 2], "det": [0], "type": "MO"}], "detectionMat": [[2.0, 2.0, 0.0], [4.0, 4.0, 0.0], [5.0, 5.0, 0.0], [0.0, 0.0, 0.0], [11.0, 0.0, 0.0], [2.0, 0.0, 0.0]], "precisionMat": [[0.07132361116575789], [0.2981430446144635], [0.5232452661923143], [0.0]], "gtPolPoints": [[671.0, 205.0, 692.0, 195.0, 693.0, 215.0, 672.0, 223.0], [690.0, 191.0, 733.0, 181.0, 736.0, 212.0, 688.0, 226.0], [735.0, 180.0, 811.0, 162.0, 813.0, 193.0, 736.0, 213.0], [236.0, 175.0, 328.0, 197.0, 330.0, 227.0, 236.0, 211.0]], "detPolPoints": [[671.0, 192.0, 811.0, 162.0, 818.0, 194.0, 678.0, 224.0]], "gtCharPoints": [[[675.0, 212.5], [682.0, 209.5], [689.0, 206.5]], [[694.6875, 207.0], [706.0625, 204.0], [717.4375, 201.0], [728.8125, 198.0]], [[743.15, 194.6], [758.4499999999999, 190.79999999999998], [773.75, 187.0], [789.05, 183.2], [804.35, 179.4]], [[251.5, 196.16666666666666], [282.5, 202.5], [313.5, 208.83333333333331]]], "gtCharCounts": [[0.0, 1.0, 1.0], [1.0, 1.0, 1.0, 1.0], [1.0, 1.0, 1.0, 1.0, 1.0], [0.0, 0.0, 0.0]], "gtDontCare": [3], "detDontCare": [], "evaluationParams": {"GT_PATH": "gt/gt_IC15.zip", "SUBMIT_PATH": "result/result_paddleOCR_IC15.zip", "OUTPUT_PATH": "output/", "PORT": 8080, "BOX_TYPE": "QUAD", "TRANSCRIPTION": true, "CONFIDENCES": false, "CRLF": false, "E2E": true, "CASE_SENSITIVE": true, "RS": true, "AREA_PRECISION_CONSTRAINT": 0.5, "GRANULARITY_PENALTY_WEIGHT": 1.0, "VERTICAL_ASPECT_RATIO_THRES": 2.0, "NUM_WORKERS": 2, "GT_SAMPLE_NAME_2_ID": "([0-9]+)", "DET_SAMPLE_NAME_2_ID": "([0-9]+)", "PER_SAMPLE_RESULTS": true}, "evaluationLog": "GT polygons: 4 (1 don't care) \nDET polygons: 1\n\nFind one-to-one matches\nMatch GT #2 with Det #0\nFind one-to-many matches\nFind many-to-one matches\nMatch GT #[0, 1, 2] with Det #0\n<b>Detection | PRECISION\n</b><b>Detection | RECALL\n</b><b># of false positive chars\n</b>0\n=================================\n<b>End-to-End | Recall\n</b><b>End-to-End | Precision\n</b>", "EndtoEnd": {"precision": 0.4090909090909091, "recall": 0.9166666666666666, "hmean": 0.5657142857142857, "recognition_score": 0.5}, "end2endMat": [[0.0, 2.0, 0.0], [0.0, 4.0, 0.0], [0.0, 5.0, 0.0], [0.0, 0.0, 0.0], [11.0, 0.0, 0.0], [2.0, 0.0, 0.0]], "gtTrans": ["The", "Soup", "Spoon", "###"], "detTrans": ["TeSoupSpoon,0.86509174"], "gtQuery": ["The", "Soup", "Spoon", "###"], "detQuery": ["TeSoupSpoon,0.86509174"]}