{"Rawdata": {"det_correct_num_recall": 8.0, "det_correct_num_precision": 7.0, "chars_gt": 8, "chars_det": 8.0, "num_splitted": 0, "num_merged": 1, "num_false_positive": 0, "char_missed": 0, "char_overlapped": 0, "char_false_positive": 0, "e2e_correct_num_recall": 8.0, "e2e_correct_num_precision": 7.0, "chars_recog": 20, "e2e_char_missed": 0.0, "e2e_char_false_positive": 12.0, "e2e_recog_score_chars": 20, "e2e_recog_score_correct_num": 8.0}, "Detection": {"precision": 0.875, "recall": 1.0, "hmean": 0.9333333333333333}, "pairs": [{"gt": [0, 3], "det": [0], "type": "MO"}], "detectionMat": [[5.0, 5.0, 0.0], [0.0, 0.0, 0.0], [0.0, 0.0, 0.0], [3.0, 3.0, 0.0], [0.0, 0.0, 0.0], [0.0, 0.0, 0.0], [8.0, 0.0, 0.0], [1.0, 0.0, 0.0]], "precisionMat": [[0.37818997856994924], [0.11687506783703971], [0.0], [0.3850988269559215], [0.0], [0.0]], "gtPolPoints": [[957.0, 13.0, 1075.0, 4.0, 1074.0, 70.0, 957.0, 77.0], [1207.0, 2.0, 1276.0, 0.0, 1278.0, 62.0, 1205.0, 75.0], [297.0, 36.0, 352.0, 33.0, 352.0, 60.0, 293.0, 58.0], [1083.0, 11.0, 1195.0, 2.0, 1195.0, 70.0, 1081.0, 84.0], [627.0, 26.0, 656.0, 14.0, 659.0, 35.0, 629.0, 48.0], [475.0, 61.0, 501.0, 62.0, 501.0, 79.0, 475.0, 78.0]], "detPolPoints": [[958.0, 8.0, 1239.0, 2.0, 1240.0, 72.0, 960.0, 79.0]], "gtCharPoints": [[[968.75, 44.2], [992.25, 42.6], [1015.75, 41.0], [1039.25, 39.400000000000006], [1062.75, 37.800000000000004]], [[1223.75, 36.625], [1259.25, 32.875]], [[304.5, 46.916666666666664], [323.5, 46.75], [342.5, 46.58333333333333]], [[1100.8333333333333, 45.583333333333336], [1138.5, 41.75], [1176.1666666666665, 37.91666666666667]], [[635.375, 33.875], [650.125, 27.625]], [[481.5, 69.75], [494.5, 70.25]]], "gtCharCounts": [[1.0, 1.0, 1.0, 1.0, 1.0], [0.0, 0.0], [0.0, 0.0, 0.0], [1.0, 1.0, 1.0], [0.0, 0.0], [0.0, 0.0]], "gtDontCare": [1, 2, 4, 5], "detDontCare": [], "evaluationParams": {"GT_PATH": "gt/gt_IC15.zip", "SUBMIT_PATH": "result/result_paddleOCR_IC15.zip", "OUTPUT_PATH": "output/", "PORT": 8080, "BOX_TYPE": "QUAD", "TRANSCRIPTION": true, "CONFIDENCES": false, "CRLF": false, "E2E": true, "CASE_SENSITIVE": true, "RS": true, "AREA_PRECISION_CONSTRAINT": 0.5, "GRANULARITY_PENALTY_WEIGHT": 1.0, "VERTICAL_ASPECT_RATIO_THRES": 2.0, "NUM_WORKERS": 2, "GT_SAMPLE_NAME_2_ID": "([0-9]+)", "DET_SAMPLE_NAME_2_ID": "([0-9]+)", "PER_SAMPLE_RESULTS": true}, "evaluationLog": "GT polygons: 6 (4 don't care) \nDET polygons: 1\n\nFind one-to-one matches\nFind one-to-many matches\nFind many-to-one matches\nMatch GT #[0, 3] with Det #0\n<b>Detection | PRECISION\n</b><b>Detection | RECALL\n</b><b># of false positive chars\n</b>0\n=================================\n<b>End-to-End | Recall\n</b><b>End-to-End | Precision\n</b>", "EndtoEnd": {"precision": 0.35, "recall": 1.0, "hmean": 0.5185185185185185, "recognition_score": 0.4}, "end2endMat": [[0.0, 5.0, 0.0], [0.0, 0.0, 0.0], [0.0, 0.0, 0.0], [0.0, 3.0, 0.0], [0.0, 0.0, 0.0], [0.0, 0.0, 0.0], [8.0, 0.0, 0.0], [1.0, 0.0, 0.0]], "gtTrans": ["Thank", "##", "###", "you", "##", "##"], "detTrans": ["ThankyouT,0.87600935"], "gtQuery": ["Thank", "##", "###", "you", "##", "##"], "detQuery": ["ThankyouT,0.87600935"]}