{"Rawdata": {"det_correct_num_recall": 0.0, "det_correct_num_precision": 0.0, "chars_gt": 14, "chars_det": 0, "num_splitted": 0, "num_merged": 0, "num_false_positive": 0, "char_missed": 14, "char_overlapped": 0, "char_false_positive": 0, "e2e_correct_num_recall": 0.0, "e2e_correct_num_precision": 0.0, "chars_recog": 0, "e2e_char_missed": 14.0, "e2e_char_false_positive": 0.0, "e2e_recog_score_chars": 0, "e2e_recog_score_correct_num": 0.0}, "Detection": {"precision": 0.0, "recall": 0.0, "hmean": 0}, "pairs": [], "detectionMat": [[0.0, 0.0], [0.0, 0.0], [0.0, 0.0], [0.0, 0.0], [0.0, 0.0], [0.0, 0.0], [0.0, 0.0], [0.0, 0.0]], "precisionMat": [[], [], [], [], [], []], "gtPolPoints": [[247.0, 93.0, 402.0, 108.0, 407.0, 155.0, 251.0, 142.0], [412.0, 106.0, 705.0, 135.0, 707.0, 173.0, 411.0, 153.0], [956.0, 215.0, 1086.0, 198.0, 1087.0, 222.0, 962.0, 236.0], [77.0, 363.0, 157.0, 356.0, 165.0, 436.0, 85.0, 448.0], [1175.0, 131.0, 1233.0, 138.0, 1235.0, 176.0, 1183.0, 176.0], [1236.0, 142.0, 1276.0, 142.0, 1277.0, 180.0, 1238.0, 180.0]], "detPolPoints": [], "gtCharPoints": [[[268.4375, 119.25], [307.3125, 122.75], [346.1875, 126.25], [385.0625, 129.75]], [[426.225, 130.725], [455.675, 133.17499999999998], [485.125, 135.625], [514.575, 138.075], [544.025, 140.525], [573.475, 142.975], [602.925, 145.42499999999998], [632.375, 147.875], [661.825, 150.325], [691.2750000000001, 152.775]], [[969.625, 224.20833333333334], [990.875, 221.625], [1012.125, 219.04166666666669], [1033.375, 216.45833333333334], [1054.625, 213.875], [1075.875, 211.29166666666669]], [[101.0, 403.125], [141.0, 398.375]], [[1192.75, 154.375], [1220.25, 156.125]], [[1246.875, 161.0], [1266.625, 161.0]]], "gtCharCounts": [0.0, 0.0, 0.0, 0.0, 0.0, 0.0], "gtDontCare": [2, 3, 4, 5], "detDontCare": [], "evaluationParams": {"GT_PATH": "gt/gt_IC15.zip", "SUBMIT_PATH": "result/result_paddleOCR_IC15.zip", "OUTPUT_PATH": "output/", "PORT": 8080, "BOX_TYPE": "QUAD", "TRANSCRIPTION": true, "CONFIDENCES": false, "CRLF": false, "E2E": true, "CASE_SENSITIVE": true, "RS": true, "AREA_PRECISION_CONSTRAINT": 0.5, "GRANULARITY_PENALTY_WEIGHT": 1.0, "VERTICAL_ASPECT_RATIO_THRES": 2.0, "NUM_WORKERS": 2, "GT_SAMPLE_NAME_2_ID": "([0-9]+)", "DET_SAMPLE_NAME_2_ID": "([0-9]+)", "PER_SAMPLE_RESULTS": true}, "evaluationLog": "GT polygons: 6 (4 don't care) \nDET polygons: 0\n\nFind one-to-one matches\nFind one-to-many matches\nFind many-to-one matches\n<b>Detection | PRECISION\n</b><b>Detection | RECALL\n</b><b># of false positive chars\n</b>0\n=================================\n<b>End-to-End | Recall\n</b><b>End-to-End | Precision\n</b>", "EndtoEnd": {"precision": 0.0, "recall": 0.0, "hmean": 0, "recognition_score": 0.0}, "end2endMat": [[0.0, 0.0], [0.0, 0.0], [0.0, 0.0], [0.0, 0.0], [0.0, 0.0], [0.0, 0.0], [0.0, 0.0], [0.0, 0.0]], "gtTrans": ["STAR", "THREESIXTY", "######", "##", "##", "##"], "detTrans": [], "gtQuery": ["STAR", "THREESIXTY", "######", "##", "##", "##"], "detQuery": []}