{"Rawdata": {"det_correct_num_recall": 0.0, "det_correct_num_precision": 0.0, "chars_gt": 12, "chars_det": 0, "num_splitted": 0, "num_merged": 0, "num_false_positive": 0, "char_missed": 12, "char_overlapped": 0, "char_false_positive": 0, "e2e_correct_num_recall": 0.0, "e2e_correct_num_precision": 0.0, "chars_recog": 0, "e2e_char_missed": 12.0, "e2e_char_false_positive": 0.0, "e2e_recog_score_chars": 0, "e2e_recog_score_correct_num": 0.0}, "Detection": {"precision": 0.0, "recall": 0.0, "hmean": 0}, "pairs": [], "detectionMat": [[0.0, 0.0], [0.0, 0.0], [0.0, 0.0], [0.0, 0.0], [0.0, 0.0], [0.0, 0.0], [0.0, 0.0], [0.0, 0.0]], "precisionMat": [[], [], [], [], [], []], "gtPolPoints": [[830.0, 220.0, 906.0, 218.0, 907.0, 242.0, 830.0, 243.0], [533.0, 199.0, 578.0, 192.0, 578.0, 206.0, 533.0, 211.0], [578.0, 193.0, 592.0, 191.0, 591.0, 203.0, 578.0, 205.0], [217.0, 222.0, 257.0, 219.0, 259.0, 229.0, 216.0, 230.0], [1023.0, 149.0, 1140.0, 142.0, 1140.0, 152.0, 1028.0, 159.0], [1084.0, 344.0, 1106.0, 337.0, 1106.0, 349.0, 1084.0, 357.0]], "detPolPoints": [], "gtCharPoints": [[[837.65, 231.35], [852.9499999999999, 231.04999999999998], [868.25, 230.75], [883.55, 230.45], [898.85, 230.15]], [[536.2142857142857, 204.57142857142858], [542.6428571428571, 203.71428571428572], [549.0714285714286, 202.85714285714286], [555.5, 202.0], [561.9285714285713, 201.14285714285717], [568.3571428571428, 200.2857142857143], [574.7857142857142, 199.42857142857144]], [[581.375, 198.5], [588.125, 197.5]], [[220.65, 225.8], [228.95000000000002, 225.4], [237.25, 225.0], [245.55, 224.60000000000002], [253.85000000000002, 224.20000000000002]], [[1031.225, 153.65], [1042.675, 152.95000000000002], [1054.125, 152.25], [1065.5749999999998, 151.55], [1077.0249999999999, 150.85], [1088.475, 150.15], [1099.925, 149.45000000000002], [1111.375, 148.75], [1122.8249999999998, 148.05], [1134.2749999999999, 147.35]], [[1089.5, 348.625], [1100.5, 344.875]]], "gtCharCounts": [0.0, 0.0, 0.0, 0.0, 0.0, 0.0], "gtDontCare": [2, 3, 4, 5], "detDontCare": [], "evaluationParams": {"GT_PATH": "gt/gt_IC15.zip", "SUBMIT_PATH": "result/result_paddleOCR_IC15.zip", "OUTPUT_PATH": "output/", "PORT": 8080, "BOX_TYPE": "QUAD", "TRANSCRIPTION": true, "CONFIDENCES": false, "CRLF": false, "E2E": true, "CASE_SENSITIVE": true, "RS": true, "AREA_PRECISION_CONSTRAINT": 0.5, "GRANULARITY_PENALTY_WEIGHT": 1.0, "VERTICAL_ASPECT_RATIO_THRES": 2.0, "NUM_WORKERS": 2, "GT_SAMPLE_NAME_2_ID": "([0-9]+)", "DET_SAMPLE_NAME_2_ID": "([0-9]+)", "PER_SAMPLE_RESULTS": true}, "evaluationLog": "GT polygons: 6 (4 don't care) \nDET polygons: 0\n\nFind one-to-one matches\nFind one-to-many matches\nFind many-to-one matches\n<b>Detection | PRECISION\n</b><b>Detection | RECALL\n</b><b># of false positive chars\n</b>0\n=================================\n<b>End-to-End | Recall\n</b><b>End-to-End | Precision\n</b>", "EndtoEnd": {"precision": 0.0, "recall": 0.0, "hmean": 0, "recognition_score": 0.0}, "end2endMat": [[0.0, 0.0], [0.0, 0.0], [0.0, 0.0], [0.0, 0.0], [0.0, 0.0], [0.0, 0.0], [0.0, 0.0], [0.0, 0.0]], "gtTrans": ["FedEx", "ORCHARD", "##", "#####", "##########", "##"], "detTrans": [], "gtQuery": ["FedEx", "ORCHARD", "##", "#####", "##########", "##"], "detQuery": []}