{"Rawdata": {"det_correct_num_recall": 12.0, "det_correct_num_precision": 10.0, "chars_gt": 12, "chars_det": 12.0, "num_splitted": 0, "num_merged": 1, "num_false_positive": 0, "char_missed": 0, "char_overlapped": 0, "char_false_positive": 0, "e2e_correct_num_recall": 9.0, "e2e_correct_num_precision": 7.0, "chars_recog": 22, "e2e_char_missed": 3.0, "e2e_char_false_positive": 13.0, "e2e_recog_score_chars": 22, "e2e_recog_score_correct_num": 9.0}, "Detection": {"precision": 0.8333333333333334, "recall": 1.0, "hmean": 0.9090909090909091}, "pairs": [{"gt": [2], "det": [0], "type": "OO"}, {"gt": [0, 1, 2], "det": [0], "type": "MO"}], "detectionMat": [[3.0, 3.0, 0.0], [4.0, 4.0, 0.0], [5.0, 5.0, 0.0], [0.0, 0.0, 0.0], [12.0, 0.0, 0.0], [2.0, 0.0, 0.0]], "precisionMat": [[0.049861783455942756], [0.2683369232026443], [0.6229969866794337], [0.0]], "gtPolPoints": [[710.0, 185.0, 747.0, 156.0, 751.0, 195.0, 716.0, 216.0], [752.0, 150.0, 870.0, 100.0, 877.0, 172.0, 750.0, 211.0], [871.0, 95.0, 1148.0, 3.0, 1160.0, 97.0, 873.0, 176.0], [27.0, 183.0, 153.0, 221.0, 147.0, 243.0, 18.0, 208.0]], "detPolPoints": [[699.0, 158.0, 1134.0, 21.0, 1152.0, 79.0, 717.0, 216.0]], "gtCharPoints": [[[719.0, 196.33333333333334], [731.0, 188.0], [743.0, 179.66666666666669]], [[766.3125, 174.9375], [796.9375, 163.8125], [827.5625, 152.6875], [858.1875, 141.5625]], [[900.2, 126.95], [956.6, 109.85], [1013.0, 92.75], [1069.4, 75.65], [1125.8, 58.55]], [[33.125, 198.54166666666666], [54.375, 204.625], [75.625, 210.70833333333331], [96.875, 216.79166666666666], [118.125, 222.875], [139.375, 228.95833333333331]]], "gtCharCounts": [[1.0, 1.0, 1.0], [1.0, 1.0, 1.0, 1.0], [1.0, 1.0, 1.0, 1.0, 1.0], [0.0, 0.0, 0.0, 0.0, 0.0, 0.0]], "gtDontCare": [3], "detDontCare": [], "evaluationParams": {"GT_PATH": "gt/gt_IC15.zip", "SUBMIT_PATH": "result/result_paddleOCR_IC15.zip", "OUTPUT_PATH": "output/", "PORT": 8080, "BOX_TYPE": "QUAD", "TRANSCRIPTION": true, "CONFIDENCES": false, "CRLF": false, "E2E": true, "CASE_SENSITIVE": true, "RS": true, "AREA_PRECISION_CONSTRAINT": 0.5, "GRANULARITY_PENALTY_WEIGHT": 1.0, "VERTICAL_ASPECT_RATIO_THRES": 2.0, "NUM_WORKERS": 2, "GT_SAMPLE_NAME_2_ID": "([0-9]+)", "DET_SAMPLE_NAME_2_ID": "([0-9]+)", "PER_SAMPLE_RESULTS": true}, "evaluationLog": "GT polygons: 4 (1 don't care) \nDET polygons: 1\n\nFind one-to-one matches\nMatch GT #2 with Det #0\nFind one-to-many matches\nFind many-to-one matches\nMatch GT #[0, 1, 2] with Det #0\n<b>Detection | PRECISION\n</b><b>Detection | RECALL\n</b><b># of false positive chars\n</b>0\n=================================\n<b>End-to-End | Recall\n</b><b>End-to-End | Precision\n</b>", "EndtoEnd": {"precision": 0.3181818181818182, "recall": 0.75, "hmean": 0.4468085106382979, "recognition_score": 0.4090909090909091}, "end2endMat": [[0.0, 1.0, 0.0], [0.0, 3.0, 0.0], [0.0, 5.0, 0.0], [0.0, 0.0, 0.0], [9.0, 0.0, 0.0], [2.0, 0.0, 0.0]], "gtTrans": ["The", "Soup", "Spoon", "######"], "detTrans": ["Me soupSpoon,0.7628746"], "gtQuery": ["The", "Soup", "Spoon", "######"], "detQuery": ["Me soupSpoon,0.7628746"]}