{"Rawdata": {"det_correct_num_recall": 3.0, "det_correct_num_precision": 3.0, "chars_gt": 3, "chars_det": 3.0, "num_splitted": 0, "num_merged": 0, "num_false_positive": 0, "char_missed": 0, "char_overlapped": 0, "char_false_positive": 0, "e2e_correct_num_recall": 2.0, "e2e_correct_num_precision": 2.0, "chars_recog": 12, "e2e_char_missed": 1.0, "e2e_char_false_positive": 10.0, "e2e_recog_score_chars": 12, "e2e_recog_score_correct_num": 2.0}, "Detection": {"precision": 1.0, "recall": 1.0, "hmean": 1.0}, "pairs": [{"gt": [0], "det": [0], "type": "OO"}], "detectionMat": [[3.0, 3.0, 0.0], [0.0, 0.0, 0.0], [0.0, 0.0, 0.0], [3.0, 0.0, 0.0], [0.0, 0.0, 0.0]], "precisionMat": [[0.827985241237136], [0.0], [0.0]], "gtPolPoints": [[74.0, 7.0, 192.0, 83.0, 180.0, 155.0, 48.0, 97.0], [230.0, 354.0, 281.0, 350.0, 280.0, 375.0, 232.0, 377.0], [572.0, 173.0, 680.0, 172.0, 683.0, 200.0, 576.0, 203.0]], "detPolPoints": [[76.0, 14.0, 206.0, 65.0, 171.0, 154.0, 41.0, 103.0]], "gtCharPoints": [[[81.83333333333333, 63.166666666666664], [123.5, 85.5], [165.16666666666666, 107.83333333333333]], [[239.25, 365.0], [255.75, 364.0], [272.25, 363.0]], [[587.4375, 187.75], [614.3125, 187.25], [641.1875, 186.75], [668.0625, 186.25]]], "gtCharCounts": [[1.0, 1.0, 1.0], [0.0, 0.0, 0.0], [0.0, 0.0, 0.0, 0.0]], "gtDontCare": [1, 2], "detDontCare": [], "evaluationParams": {"GT_PATH": "gt/gt_IC15.zip", "SUBMIT_PATH": "result/result_paddleOCR_IC15.zip", "OUTPUT_PATH": "output/", "PORT": 8080, "BOX_TYPE": "QUAD", "TRANSCRIPTION": true, "CONFIDENCES": false, "CRLF": false, "E2E": true, "CASE_SENSITIVE": true, "RS": true, "AREA_PRECISION_CONSTRAINT": 0.5, "GRANULARITY_PENALTY_WEIGHT": 1.0, "VERTICAL_ASPECT_RATIO_THRES": 2.0, "NUM_WORKERS": 2, "GT_SAMPLE_NAME_2_ID": "([0-9]+)", "DET_SAMPLE_NAME_2_ID": "([0-9]+)", "PER_SAMPLE_RESULTS": true}, "evaluationLog": "GT polygons: 3 (2 don't care) \nDET polygons: 1\n\nFind one-to-one matches\nMatch GT #0 with Det #0\nFind one-to-many matches\nFind many-to-one matches\n<b>Detection | PRECISION\n</b><b>Detection | RECALL\n</b><b># of false positive chars\n</b>0\n=================================\n<b>End-to-End | Recall\n</b><b>End-to-End | Precision\n</b>", "EndtoEnd": {"precision": 0.16666666666666666, "recall": 0.6666666666666666, "hmean": 0.26666666666666666, "recognition_score": 0.16666666666666666}, "end2endMat": [[0.0, 2.0, 0.0], [0.0, 0.0, 0.0], [0.0, 0.0, 0.0], [2.0, 0.0, 0.0], [0.0, 0.0, 0.0]], "gtTrans": ["KFC", "###", "####"], "detTrans": ["KF,0.8405714"], "gtQuery": ["KFC", "###", "####"], "detQuery": ["KF,0.8405714"]}