{"Rawdata": {"det_correct_num_recall": 0.0, "det_correct_num_precision": 0.0, "chars_gt": 25, "chars_det": 0, "num_splitted": 0, "num_merged": 0, "num_false_positive": 0, "char_missed": 25, "char_overlapped": 0, "char_false_positive": 0, "e2e_correct_num_recall": 0.0, "e2e_correct_num_precision": 0.0, "chars_recog": 0, "e2e_char_missed": 25.0, "e2e_char_false_positive": 0.0, "e2e_recog_score_chars": 0, "e2e_recog_score_correct_num": 0.0}, "Detection": {"precision": 0.0, "recall": 0.0, "hmean": 0}, "pairs": [], "detectionMat": [[0.0, 0.0], [0.0, 0.0], [0.0, 0.0], [0.0, 0.0], [0.0, 0.0], [0.0, 0.0], [0.0, 0.0], [0.0, 0.0], [0.0, 0.0], [0.0, 0.0], [0.0, 0.0]], "precisionMat": [[], [], [], [], [], [], [], [], []], "gtPolPoints": [[739.0, 45.0, 865.0, 38.0, 868.0, 80.0, 742.0, 87.0], [766.0, 9.0, 831.0, 5.0, 831.0, 24.0, 766.0, 28.0], [744.0, 29.0, 861.0, 21.0, 860.0, 40.0, 743.0, 48.0], [906.0, 57.0, 938.0, 53.0, 938.0, 64.0, 906.0, 68.0], [902.0, 153.0, 920.0, 145.0, 923.0, 209.0, 905.0, 217.0], [909.0, 239.0, 925.0, 241.0, 925.0, 310.0, 909.0, 308.0], [267.0, 92.0, 300.0, 87.0, 299.0, 99.0, 269.0, 101.0], [642.0, 99.0, 670.0, 124.0, 668.0, 144.0, 642.0, 121.0], [757.0, 194.0, 772.0, 195.0, 767.0, 213.0, 758.0, 213.0]], "detPolPoints": [], "gtCharPoints": [[[756.25, 65.125], [787.75, 63.375], [819.25, 61.625], [850.75, 59.875]], [[772.5, 18.1], [785.5, 17.3], [798.5, 16.5], [811.5, 15.700000000000001], [824.5, 14.900000000000002]], [[748.8181818181819, 38.13636363636363], [759.4545454545455, 37.40909090909091], [770.0909090909091, 36.68181818181818], [780.7272727272727, 35.95454545454545], [791.3636363636364, 35.22727272727273], [802.0, 34.5], [812.6363636363637, 33.772727272727266], [823.2727272727274, 33.04545454545454], [833.909090909091, 32.31818181818181], [844.5454545454546, 31.590909090909086], [855.1818181818182, 30.86363636363636]], [[909.2, 62.1], [915.6, 61.300000000000004], [922.0, 60.5], [928.4000000000001, 59.7], [934.8000000000001, 58.9]], [[913.625, 205.0], [912.875, 189.0], [912.125, 173.0], [911.375, 157.0]], [[917.0, 302.1], [917.0, 288.3], [917.0, 274.5], [917.0, 260.70000000000005], [917.0, 246.90000000000003]], [[273.25, 95.91666666666667], [283.75, 94.75], [294.25, 93.58333333333334]], [[648.75, 116.0], [662.25, 128.0]], [[760.5, 203.625], [766.5, 203.875]]], "gtCharCounts": [0.0, 0.0, 0.0, 0.0, 0.0, 0.0, 0.0, 0.0, 0.0], "gtDontCare": [4, 5, 6, 7, 8], "detDontCare": [], "evaluationParams": {"GT_PATH": "gt/gt_IC15.zip", "SUBMIT_PATH": "result/result_paddleOCR_IC15.zip", "OUTPUT_PATH": "output/", "PORT": 8080, "BOX_TYPE": "QUAD", "TRANSCRIPTION": true, "CONFIDENCES": false, "CRLF": false, "E2E": true, "CASE_SENSITIVE": true, "RS": true, "AREA_PRECISION_CONSTRAINT": 0.5, "GRANULARITY_PENALTY_WEIGHT": 1.0, "VERTICAL_ASPECT_RATIO_THRES": 2.0, "NUM_WORKERS": 2, "GT_SAMPLE_NAME_2_ID": "([0-9]+)", "DET_SAMPLE_NAME_2_ID": "([0-9]+)", "PER_SAMPLE_RESULTS": true}, "evaluationLog": "GT polygons: 9 (5 don't care) \nDET polygons: 0\n\nFind one-to-one matches\nFind one-to-many matches\nFind many-to-one matches\n<b>Detection | PRECISION\n</b><b>Detection | RECALL\n</b><b># of false positive chars\n</b>0\n=================================\n<b>End-to-End | Recall\n</b><b>End-to-End | Precision\n</b>", "EndtoEnd": {"precision": 0.0, "recall": 0.0, "hmean": 0, "recognition_score": 0.0}, "end2endMat": [[0.0, 0.0], [0.0, 0.0], [0.0, 0.0], [0.0, 0.0], [0.0, 0.0], [0.0, 0.0], [0.0, 0.0], [0.0, 0.0], [0.0, 0.0], [0.0, 0.0], [0.0, 0.0]], "gtTrans": ["SALE", "Grand", "Anniversary", "SETAN", "####", "#####", "###", "##", "##"], "detTrans": [], "gtQuery": ["SALE", "Grand", "Anniversary", "SETAN", "####", "#####", "###", "##", "##"], "detQuery": []}