{"Rawdata": {"det_correct_num_recall": 0.0, "det_correct_num_precision": 0.0, "chars_gt": 25, "chars_det": 0, "num_splitted": 0, "num_merged": 0, "num_false_positive": 0, "char_missed": 25, "char_overlapped": 0, "char_false_positive": 0, "e2e_correct_num_recall": 0.0, "e2e_correct_num_precision": 0.0, "chars_recog": 0, "e2e_char_missed": 25.0, "e2e_char_false_positive": 0.0, "e2e_recog_score_chars": 0, "e2e_recog_score_correct_num": 0.0}, "Detection": {"precision": 0.0, "recall": 0.0, "hmean": 0}, "pairs": [], "detectionMat": [[0.0, 0.0], [0.0, 0.0], [0.0, 0.0], [0.0, 0.0], [0.0, 0.0], [0.0, 0.0], [0.0, 0.0], [0.0, 0.0], [0.0, 0.0], [0.0, 0.0], [0.0, 0.0], [0.0, 0.0], [0.0, 0.0]], "precisionMat": [[], [], [], [], [], [], [], [], [], [], []], "gtPolPoints": [[494.0, 198.0, 580.0, 158.0, 592.0, 186.0, 508.0, 218.0], [6.0, 388.0, 20.0, 382.0, 41.0, 415.0, 6.0, 439.0], [306.0, 278.0, 378.0, 240.0, 390.0, 270.0, 314.0, 300.0], [382.0, 242.0, 418.0, 224.0, 434.0, 252.0, 400.0, 264.0], [424.0, 226.0, 486.0, 194.0, 498.0, 224.0, 440.0, 246.0], [59.0, 385.0, 169.0, 334.0, 180.0, 357.0, 71.0, 405.0], [866.0, 76.0, 934.0, 54.0, 944.0, 72.0, 886.0, 87.0], [732.0, 108.0, 758.0, 102.0, 765.0, 120.0, 734.0, 128.0], [800.0, 245.0, 872.0, 236.0, 875.0, 260.0, 808.0, 271.0], [804.0, 272.0, 874.0, 266.0, 876.0, 285.0, 808.0, 290.0], [816.0, 314.0, 868.0, 317.0, 868.0, 336.0, 822.0, 335.0]], "detPolPoints": [], "gtCharPoints": [[[508.0833333333333, 205.0], [522.25, 199.0], [536.4166666666666, 193.0], [550.5833333333333, 187.0], [564.75, 181.0], [578.9166666666666, 175.0]], [[12.125, 409.75], [24.375, 402.25]], [[319.25, 284.75], [337.75, 276.25], [356.25, 267.75], [374.75, 259.25]], [[399.75, 249.25], [417.25, 241.75]], [[439.5, 232.625], [454.5, 225.875], [469.5, 219.125], [484.5, 212.375]], [[71.84375, 391.90625], [85.53125, 385.71875], [99.21875, 379.53125], [112.90625, 373.34375], [126.59375, 367.15625], [140.28125, 360.96875], [153.96875, 354.78125], [167.65625, 348.59375]], [[886.5, 78.41666666666667], [907.5, 72.25], [928.5, 66.08333333333334]], [[740.125, 116.25], [754.375, 112.75]], [[815.5833333333334, 256.3333333333333], [838.75, 252.99999999999997], [861.9166666666667, 249.66666666666666]], [[814.625, 280.3125], [831.875, 278.9375], [849.125, 277.5625], [866.375, 276.1875]], [[827.1666666666666, 324.8333333333333], [843.5, 325.5], [859.8333333333333, 326.16666666666663]]], "gtCharCounts": [0.0, 0.0, 0.0, 0.0, 0.0, 0.0, 0.0, 0.0, 0.0, 0.0, 0.0], "gtDontCare": [1, 3, 7, 8, 9, 10], "detDontCare": [], "evaluationParams": {"GT_PATH": "gt/gt_IC15.zip", "SUBMIT_PATH": "result/result_paddleOCR_IC15.zip", "OUTPUT_PATH": "output/", "PORT": 8080, "BOX_TYPE": "QUAD", "TRANSCRIPTION": true, "CONFIDENCES": false, "CRLF": false, "E2E": true, "CASE_SENSITIVE": true, "RS": true, "AREA_PRECISION_CONSTRAINT": 0.5, "GRANULARITY_PENALTY_WEIGHT": 1.0, "VERTICAL_ASPECT_RATIO_THRES": 2.0, "NUM_WORKERS": 2, "GT_SAMPLE_NAME_2_ID": "([0-9]+)", "DET_SAMPLE_NAME_2_ID": "([0-9]+)", "PER_SAMPLE_RESULTS": true}, "evaluationLog": "GT polygons: 11 (6 don't care) \nDET polygons: 0\n\nFind one-to-one matches\nFind one-to-many matches\nFind many-to-one matches\n<b>Detection | PRECISION\n</b><b>Detection | RECALL\n</b><b># of false positive chars\n</b>0\n=================================\n<b>End-to-End | Recall\n</b><b>End-to-End | Precision\n</b>", "EndtoEnd": {"precision": 0.0, "recall": 0.0, "hmean": 0, "recognition_score": 0.0}, "end2endMat": [[0.0, 0.0], [0.0, 0.0], [0.0, 0.0], [0.0, 0.0], [0.0, 0.0], [0.0, 0.0], [0.0, 0.0], [0.0, 0.0], [0.0, 0.0], [0.0, 0.0], [0.0, 0.0], [0.0, 0.0], [0.0, 0.0]], "gtTrans": ["JACOBS", "##", "MARC", "##", "MARC", "brothers", "DIA", "##", "###", "####", "###"], "detTrans": [], "gtQuery": ["JACOBS", "##", "MARC", "##", "MARC", "brothers", "DIA", "##", "###", "####", "###"], "detQuery": []}