{"Rawdata": {"det_correct_num_recall": 4.0, "det_correct_num_precision": 4.0, "chars_gt": 19, "chars_det": 4.0, "num_splitted": 0, "num_merged": 0, "num_false_positive": 0, "char_missed": 15, "char_overlapped": 0, "char_false_positive": 0, "e2e_correct_num_recall": 2.0, "e2e_correct_num_precision": 2.0, "chars_recog": 13, "e2e_char_missed": 17.0, "e2e_char_false_positive": 11.0, "e2e_recog_score_chars": 13, "e2e_recog_score_correct_num": 2.0}, "Detection": {"precision": 1.0, "recall": 0.21052631578947367, "hmean": 0.34782608695652173}, "pairs": [{"gt": [2], "det": [0], "type": "OO"}], "detectionMat": [[0.0, 0.0, 0.0], [0.0, 0.0, 0.0], [4.0, 4.0, 0.0], [0.0, 0.0, 0.0], [0.0, 0.0, 0.0], [0.0, 0.0, 0.0], [0.0, 0.0, 0.0], [0.0, 0.0, 0.0], [0.0, 0.0, 0.0], [4.0, 0.0, 0.0], [0.0, 0.0, 0.0]], "precisionMat": [[0.0], [0.0], [0.9220183486238529], [0.12166717744407003], [0.0], [0.0], [0.0], [0.0], [0.0]], "gtPolPoints": [[157.0, 132.0, 221.0, 151.0, 220.0, 195.0, 158.0, 185.0], [222.0, 150.0, 288.0, 171.0, 286.0, 207.0, 222.0, 194.0], [171.0, 448.0, 237.0, 426.0, 240.0, 471.0, 176.0, 500.0], [234.0, 421.0, 303.0, 402.0, 308.0, 441.0, 237.0, 471.0], [361.0, 375.0, 416.0, 361.0, 424.0, 390.0, 365.0, 415.0], [177.0, 272.0, 220.0, 276.0, 218.0, 304.0, 181.0, 306.0], [175.0, 298.0, 224.0, 298.0, 230.0, 323.0, 178.0, 326.0], [1180.0, 15.0, 1262.0, 3.0, 1275.0, 66.0, 1193.0, 78.0], [349.0, 196.0, 400.0, 204.0, 405.0, 238.0, 355.0, 231.0]], "detPolPoints": [[175.0, 454.0, 239.0, 433.0, 248.0, 461.0, 184.0, 482.0]], "gtCharPoints": [[[165.375, 160.3125], [181.125, 163.9375], [196.875, 167.5625], [212.625, 171.1875]], [[227.41666666666666, 173.41666666666666], [238.25, 176.25], [249.08333333333331, 179.08333333333331], [259.91666666666663, 181.91666666666666], [270.75, 184.75], [281.5833333333333, 187.58333333333331]], [[181.625, 470.8125], [197.875, 464.4375], [214.125, 458.0625], [230.375, 451.6875]], [[242.5, 443.55], [256.5, 438.65000000000003], [270.5, 433.75], [284.5, 428.85], [298.5, 423.95]], [[377.25, 390.125], [405.75, 380.375]], [[189.0, 289.25], [209.0, 289.75]], [[189.125, 311.625], [214.375, 310.875]], [[1207.0, 43.5], [1248.0, 37.5]], [[364.625, 215.375], [389.875, 219.125]]], "gtCharCounts": [[0.0, 0.0, 0.0, 0.0], [0.0, 0.0, 0.0, 0.0, 0.0, 0.0], [1.0, 1.0, 1.0, 1.0], [0.0, 0.0, 0.0, 0.0, 0.0], [0.0, 0.0], [0.0, 0.0], [0.0, 0.0], [0.0, 0.0], [0.0, 0.0]], "gtDontCare": [4, 5, 6, 7, 8], "detDontCare": [], "evaluationParams": {"GT_PATH": "gt/gt_IC15.zip", "SUBMIT_PATH": "result/result_paddleOCR_IC15.zip", "OUTPUT_PATH": "output/", "PORT": 8080, "BOX_TYPE": "QUAD", "TRANSCRIPTION": true, "CONFIDENCES": false, "CRLF": false, "E2E": true, "CASE_SENSITIVE": true, "RS": true, "AREA_PRECISION_CONSTRAINT": 0.5, "GRANULARITY_PENALTY_WEIGHT": 1.0, "VERTICAL_ASPECT_RATIO_THRES": 2.0, "NUM_WORKERS": 2, "GT_SAMPLE_NAME_2_ID": "([0-9]+)", "DET_SAMPLE_NAME_2_ID": "([0-9]+)", "PER_SAMPLE_RESULTS": true}, "evaluationLog": "GT polygons: 9 (5 don't care) \nDET polygons: 1\n\nFind one-to-one matches\nMatch GT #2 with Det #0\nFind one-to-many matches\nFind many-to-one matches\n<b>Detection | PRECISION\n</b><b>Detection | RECALL\n</b><b># of false positive chars\n</b>0\n=================================\n<b>End-to-End | Recall\n</b><b>End-to-End | Precision\n</b>", "EndtoEnd": {"precision": 0.15384615384615385, "recall": 0.10526315789473684, "hmean": 0.125, "recognition_score": 0.15384615384615385}, "end2endMat": [[0.0, 0.0, 0.0], [0.0, 0.0, 0.0], [0.0, 2.0, 0.0], [0.0, 0.0, 0.0], [0.0, 0.0, 0.0], [0.0, 0.0, 0.0], [0.0, 0.0, 0.0], [0.0, 0.0, 0.0], [0.0, 0.0, 0.0], [2.0, 0.0, 0.0], [0.0, 0.0, 0.0]], "gtTrans": ["DEFY", "EMPIRE", "DEFY", "ENA E", "##", "##", "##", "##", "##"], "detTrans": ["DER,0.6019862"], "gtQuery": ["DEFY", "EMPIRE", "DEFY", "ENA E", "##", "##", "##", "##", "##"], "detQuery": ["DER,0.6019862"]}