{"Rawdata": {"det_correct_num_recall": 4.0, "det_correct_num_precision": 4.0, "chars_gt": 12, "chars_det": 4.0, "num_splitted": 0, "num_merged": 0, "num_false_positive": 0, "char_missed": 8, "char_overlapped": 0, "char_false_positive": 0, "e2e_correct_num_recall": 4.0, "e2e_correct_num_precision": 4.0, "chars_recog": 14, "e2e_char_missed": 8.0, "e2e_char_false_positive": 10.0, "e2e_recog_score_chars": 14, "e2e_recog_score_correct_num": 4.0}, "Detection": {"precision": 1.0, "recall": 0.3333333333333333, "hmean": 0.5}, "pairs": [{"gt": [0], "det": [0], "type": "OO"}], "detectionMat": [[4.0, 4.0, 0.0], [0.0, 0.0, 0.0], [0.0, 0.0, 0.0], [0.0, 0.0, 0.0], [4.0, 0.0, 0.0], [0.0, 0.0, 0.0]], "precisionMat": [[0.9477505503057503], [0.0], [0.0], [0.0]], "gtPolPoints": [[1120.0, 164.0, 1272.0, 128.0, 1276.0, 171.0, 1123.0, 195.0], [1020.0, 206.0, 1076.0, 193.0, 1080.0, 214.0, 1023.0, 227.0], [1131.0, 335.0, 1162.0, 336.0, 1158.0, 355.0, 1127.0, 354.0], [894.0, 255.0, 913.0, 253.0, 914.0, 264.0, 895.0, 266.0]], "detPolPoints": [[1118.0, 168.0, 1267.0, 131.0, 1276.0, 165.0, 1126.0, 201.0]], "gtCharPoints": [[[1140.5625, 175.75], [1178.6875, 168.25], [1216.8125, 160.75], [1254.9375, 153.25]], [[1028.5625, 214.875], [1042.6875, 211.625], [1056.8125, 208.375], [1070.9375, 205.125]], [[1132.875, 344.625], [1140.625, 344.875], [1148.375, 345.125], [1156.125, 345.375]], [[899.25, 260.0], [908.75, 259.0]]], "gtCharCounts": [[1.0, 1.0, 1.0, 1.0], [0.0, 0.0, 0.0, 0.0], [0.0, 0.0, 0.0, 0.0], [0.0, 0.0]], "gtDontCare": [3], "detDontCare": [], "evaluationParams": {"GT_PATH": "gt/gt_IC15.zip", "SUBMIT_PATH": "result/result_paddleOCR_IC15.zip", "OUTPUT_PATH": "output/", "PORT": 8080, "BOX_TYPE": "QUAD", "TRANSCRIPTION": true, "CONFIDENCES": false, "CRLF": false, "E2E": true, "CASE_SENSITIVE": true, "RS": true, "AREA_PRECISION_CONSTRAINT": 0.5, "GRANULARITY_PENALTY_WEIGHT": 1.0, "VERTICAL_ASPECT_RATIO_THRES": 2.0, "NUM_WORKERS": 2, "GT_SAMPLE_NAME_2_ID": "([0-9]+)", "DET_SAMPLE_NAME_2_ID": "([0-9]+)", "PER_SAMPLE_RESULTS": true}, "evaluationLog": "GT polygons: 4 (1 don't care) \nDET polygons: 1\n\nFind one-to-one matches\nMatch GT #0 with Det #0\nFind one-to-many matches\nFind many-to-one matches\n<b>Detection | PRECISION\n</b><b>Detection | RECALL\n</b><b># of false positive chars\n</b>0\n=================================\n<b>End-to-End | Recall\n</b><b>End-to-End | Precision\n</b>", "EndtoEnd": {"precision": 0.2857142857142857, "recall": 0.3333333333333333, "hmean": 0.30769230769230765, "recognition_score": 0.2857142857142857}, "end2endMat": [[0.0, 4.0, 0.0], [0.0, 0.0, 0.0], [0.0, 0.0, 0.0], [0.0, 0.0, 0.0], [4.0, 0.0, 0.0], [0.0, 0.0, 0.0]], "gtTrans": ["GEOX", "GEOX", "SALE", "##"], "detTrans": ["GEOX,0.9983003"], "gtQuery": ["GEOX", "GEOX", "SALE", "##"], "detQuery": ["GEOX,0.9983003"]}