{"Rawdata": {"det_correct_num_recall": 10.0, "det_correct_num_precision": 10.0, "chars_gt": 10, "chars_det": 10.0, "num_splitted": 0, "num_merged": 0, "num_false_positive": 0, "char_missed": 0, "char_overlapped": 0, "char_false_positive": 0, "e2e_correct_num_recall": 10.0, "e2e_correct_num_precision": 10.0, "chars_recog": 30, "e2e_char_missed": 0.0, "e2e_char_false_positive": 20.0, "e2e_recog_score_chars": 30, "e2e_recog_score_correct_num": 10.0}, "Detection": {"precision": 1.0, "recall": 1.0, "hmean": 1.0}, "pairs": [{"gt": [0], "det": [0], "type": "OO"}, {"gt": [1], "det": [1], "type": "OO"}], "detectionMat": [[6.0, 0.0, 6.0, 0.0], [0.0, 4.0, 4.0, 0.0], [0.0, 0.0, 0.0, 0.0], [0.0, 0.0, 0.0, 0.0], [0.0, 0.0, 0.0, 0.0], [0.0, 0.0, 0.0, 0.0], [6.0, 4.0, 0.0, 0.0], [0.0, 0.0, 0.0, 0.0]], "precisionMat": [[0.9784489019198652, 0.13268394511634177], [0.04330193370315726, 0.8431499560875885], [0.0, 0.0], [0.0, 0.0], [0.0, 0.0], [0.0, 0.0]], "gtPolPoints": [[96.0, 244.0, 208.0, 217.0, 209.0, 244.0, 98.0, 270.0], [100.0, 266.0, 210.0, 242.0, 212.0, 279.0, 99.0, 308.0], [588.0, 217.0, 638.0, 216.0, 638.0, 230.0, 588.0, 230.0], [636.0, 220.0, 680.0, 217.0, 681.0, 229.0, 637.0, 231.0], [605.0, 231.0, 673.0, 228.0, 675.0, 237.0, 608.0, 240.0], [174.0, 1.0, 284.0, 1.0, 279.0, 89.0, 172.0, 9.0]], "detPolPoints": [[97.0, 242.0, 204.0, 219.0, 209.0, 244.0, 102.0, 266.0], [95.0, 261.0, 211.0, 241.0, 218.0, 284.0, 103.0, 304.0]], "gtCharPoints": [[[106.29166666666667, 254.79166666666666], [124.875, 250.375], [143.45833333333334, 245.95833333333331], [162.04166666666669, 241.54166666666666], [180.625, 237.125], [199.20833333333331, 232.70833333333331]], [[113.4375, 283.6875], [141.3125, 277.0625], [169.1875, 270.4375], [197.0625, 263.8125]], [[594.25, 223.4375], [606.75, 223.3125], [619.25, 223.1875], [631.75, 223.0625]], [[642.0, 225.1875], [653.0, 224.5625], [664.0, 223.9375], [675.0, 223.3125]], [[610.71875, 235.3125], [619.15625, 234.9375], [627.59375, 234.5625], [636.03125, 234.1875], [644.46875, 233.8125], [652.90625, 233.4375], [661.34375, 233.0625], [669.78125, 232.6875]], [[191.08333333333334, 11.666666666666668], [227.25, 25.0], [263.4166666666667, 38.333333333333336]]], "gtCharCounts": [[1.0, 1.0, 1.0, 1.0, 1.0, 1.0], [1.0, 1.0, 1.0, 1.0], [0.0, 0.0, 0.0, 0.0], [0.0, 0.0, 0.0, 0.0], [0.0, 0.0, 0.0, 0.0, 0.0, 0.0, 0.0, 0.0], [0.0, 0.0, 0.0]], "gtDontCare": [2, 3, 4, 5], "detDontCare": [], "evaluationParams": {"GT_PATH": "gt/gt_IC15.zip", "SUBMIT_PATH": "result/result_paddleOCR_IC15.zip", "OUTPUT_PATH": "output/", "PORT": 8080, "BOX_TYPE": "QUAD", "TRANSCRIPTION": true, "CONFIDENCES": false, "CRLF": false, "E2E": true, "CASE_SENSITIVE": true, "RS": true, "AREA_PRECISION_CONSTRAINT": 0.5, "GRANULARITY_PENALTY_WEIGHT": 1.0, "VERTICAL_ASPECT_RATIO_THRES": 2.0, "NUM_WORKERS": 2, "GT_SAMPLE_NAME_2_ID": "([0-9]+)", "DET_SAMPLE_NAME_2_ID": "([0-9]+)", "PER_SAMPLE_RESULTS": true}, "evaluationLog": "GT polygons: 6 (4 don't care) \nDET polygons: 2\n\nFind one-to-one matches\nMatch GT #0 with Det #0\nMatch GT #1 with Det #1\nFind one-to-many matches\nFind many-to-one matches\n<b>Detection | PRECISION\n</b><b>Detection | RECALL\n</b><b># of false positive chars\n</b>0\n=================================\n<b>End-to-End | Recall\n</b><b>End-to-End | Precision\n</b>", "EndtoEnd": {"precision": 0.3333333333333333, "recall": 1.0, "hmean": 0.5, "recognition_score": 0.3333333333333333}, "end2endMat": [[0.0, 0.0, 6.0, 0.0], [0.0, 0.0, 4.0, 0.0], [0.0, 0.0, 0.0, 0.0], [0.0, 0.0, 0.0, 0.0], [0.0, 0.0, 0.0, 0.0], [0.0, 0.0, 0.0, 0.0], [6.0, 4.0, 0.0, 0.0], [0.0, 0.0, 0.0, 0.0]], "gtTrans": ["BURGER", "KING", "####", "####", "########", "###"], "detTrans": ["BURGER,0.9983135", "KING,0.9724171"], "gtQuery": ["BURGER", "KING", "####", "####", "########", "###"], "detQuery": ["BURGER,0.9983135", "KING,0.9724171"]}