{"Rawdata": {"det_correct_num_recall": 15.0, "det_correct_num_precision": 12.0, "chars_gt": 16, "chars_det": 15.0, "num_splitted": 0, "num_merged": 1, "num_false_positive": 0, "char_missed": 1, "char_overlapped": 0, "char_false_positive": 0, "e2e_correct_num_recall": 13.0, "e2e_correct_num_precision": 10.0, "chars_recog": 29, "e2e_char_missed": 3.0, "e2e_char_false_positive": 16.0, "e2e_recog_score_chars": 29, "e2e_recog_score_correct_num": 13.0}, "Detection": {"precision": 0.8, "recall": 0.9375, "hmean": 0.8633093525179856}, "pairs": [{"gt": [0, 1, 2, 3], "det": [0], "type": "MO"}], "detectionMat": [[3.0, 3.0, 0.0], [4.0, 4.0, 0.0], [4.0, 4.0, 0.0], [4.0, 4.0, 0.0], [15.0, 0.0, 0.0], [3.0, 0.0, 0.0]], "precisionMat": [[0.19447928879945217], [0.23343766921041653], [0.23055354558610708], [0.17815033597741384]], "gtPolPoints": [[678.0, 298.0, 751.0, 286.0, 752.0, 325.0, 679.0, 337.0], [758.0, 287.0, 831.0, 276.0, 832.0, 312.0, 760.0, 322.0], [839.0, 276.0, 918.0, 269.0, 921.0, 301.0, 842.0, 308.0], [928.0, 269.0, 995.0, 261.0, 997.0, 291.0, 930.0, 299.0]], "detPolPoints": [[689.0, 294.0, 992.0, 257.0, 996.0, 293.0, 693.0, 330.0]], "gtCharPoints": [[[687.625, 316.0], [705.875, 313.0], [724.125, 310.0], [742.375, 307.0]], [[768.0625, 303.1875], [786.1875, 300.5625], [804.3125, 297.9375], [822.4375, 295.3125]], [[850.375, 291.125], [870.125, 289.375], [889.875, 287.625], [909.625, 285.875]], [[937.375, 283.0], [954.125, 281.0], [970.875, 279.0], [987.625, 277.0]]], "gtCharCounts": [[0.0, 1.0, 1.0, 1.0], [1.0, 1.0, 1.0, 1.0], [1.0, 1.0, 1.0, 1.0], [1.0, 1.0, 1.0, 1.0]], "gtDontCare": [], "detDontCare": [], "evaluationParams": {"GT_PATH": "gt/gt_IC15.zip", "SUBMIT_PATH": "result/result_paddleOCR_IC15.zip", "OUTPUT_PATH": "output/", "PORT": 8080, "BOX_TYPE": "QUAD", "TRANSCRIPTION": true, "CONFIDENCES": false, "CRLF": false, "E2E": true, "CASE_SENSITIVE": true, "RS": true, "AREA_PRECISION_CONSTRAINT": 0.5, "GRANULARITY_PENALTY_WEIGHT": 1.0, "VERTICAL_ASPECT_RATIO_THRES": 2.0, "NUM_WORKERS": 2, "GT_SAMPLE_NAME_2_ID": "([0-9]+)", "DET_SAMPLE_NAME_2_ID": "([0-9]+)", "PER_SAMPLE_RESULTS": true}, "evaluationLog": "GT polygons: 4 (0 don't care) \nDET polygons: 1\n\nFind one-to-one matches\nFind one-to-many matches\nFind many-to-one matches\nMatch GT #[0, 1, 2, 3] with Det #0\n<b>Detection | PRECISION\n</b><b>Detection | RECALL\n</b><b># of false positive chars\n</b>0\n=================================\n<b>End-to-End | Recall\n</b><b>End-to-End | Precision\n</b>", "EndtoEnd": {"precision": 0.3448275862068966, "recall": 0.8125, "hmean": 0.484171322160149, "recognition_score": 0.4482758620689655}, "end2endMat": [[0.0, 4.0, 0.0], [0.0, 4.0, 0.0], [0.0, 3.0, 0.0], [0.0, 2.0, 0.0], [13.0, 0.0, 0.0], [3.0, 0.0, 0.0]], "gtTrans": ["SALE", "SALE", "SALE", "SALE"], "detTrans": ["ALE SALE SALE SALI,0.96087337"], "gtQuery": ["SALE", "SALE", "SALE", "SALE"], "detQuery": ["ALE SALE SALE SALI,0.96087337"]}