{"Rawdata": {"det_correct_num_recall": 7.0, "det_correct_num_precision": 6.0, "chars_gt": 16, "chars_det": 7.0, "num_splitted": 0, "num_merged": 1, "num_false_positive": 0, "char_missed": 9, "char_overlapped": 0, "char_false_positive": 0, "e2e_correct_num_recall": 2.0, "e2e_correct_num_precision": 1.0, "chars_recog": 15, "e2e_char_missed": 14.0, "e2e_char_false_positive": 13.0, "e2e_recog_score_chars": 15, "e2e_recog_score_correct_num": 2.0}, "Detection": {"precision": 0.8571428571428571, "recall": 0.4375, "hmean": 0.5793103448275861}, "pairs": [{"gt": [0], "det": [0], "type": "OO"}, {"gt": [0, 1], "det": [0], "type": "MO"}], "detectionMat": [[4.0, 4.0, 0.0], [3.0, 3.0, 0.0], [0.0, 0.0, 0.0], [7.0, 0.0, 0.0], [1.0, 0.0, 0.0]], "precisionMat": [[0.7665538221381539], [0.11401198716346472], [0.0]], "gtPolPoints": [[750.0, 171.0, 1001.0, 343.0, 979.0, 612.0, 728.0, 440.0], [746.0, 446.0, 1028.0, 718.0, 923.0, 715.0, 725.0, 515.0], [735.0, 544.0, 844.0, 653.0, 904.0, 718.0, 725.0, 716.0]], "detPolPoints": [[750.0, 321.0, 1019.0, 398.0, 962.0, 595.0, 693.0, 518.0]], "gtCharPoints": [[[764.1, 322.7], [814.3000000000001, 357.09999999999997], [864.5, 391.5], [914.7, 425.9], [964.9000000000001, 460.29999999999995]], [[746.4090909090909, 491.22727272727275], [768.2272727272727, 512.6818181818182], [790.0454545454545, 534.1363636363636], [811.8636363636364, 555.5909090909091], [833.6818181818181, 577.0454545454545], [855.5, 598.5], [877.3181818181818, 619.9545454545455], [899.1363636363636, 641.409090909091], [920.9545454545454, 662.8636363636364], [942.7727272727273, 684.3181818181818], [964.590909090909, 705.7727272727273]], [[766.0, 643.875], [838.0, 671.625]]], "gtCharCounts": [[0.0, 1.0, 1.0, 1.0, 1.0], [1.0, 1.0, 1.0, 0.0, 0.0, 0.0, 0.0, 0.0, 0.0, 0.0, 0.0], [0.0, 0.0]], "gtDontCare": [2], "detDontCare": [], "evaluationParams": {"GT_PATH": "gt/gt_IC15.zip", "SUBMIT_PATH": "result/result_paddleOCR_IC15.zip", "OUTPUT_PATH": "output/", "PORT": 8080, "BOX_TYPE": "QUAD", "TRANSCRIPTION": true, "CONFIDENCES": false, "CRLF": false, "E2E": true, "CASE_SENSITIVE": true, "RS": true, "AREA_PRECISION_CONSTRAINT": 0.5, "GRANULARITY_PENALTY_WEIGHT": 1.0, "VERTICAL_ASPECT_RATIO_THRES": 2.0, "NUM_WORKERS": 2, "GT_SAMPLE_NAME_2_ID": "([0-9]+)", "DET_SAMPLE_NAME_2_ID": "([0-9]+)", "PER_SAMPLE_RESULTS": true}, "evaluationLog": "GT polygons: 3 (1 don't care) \nDET polygons: 1\n\nFind one-to-one matches\nMatch GT #0 with Det #0\nFind one-to-many matches\nFind many-to-one matches\nMatch GT #[0, 1] with Det #0\n<b>Detection | PRECISION\n</b><b>Detection | RECALL\n</b><b># of false positive chars\n</b>0\n=================================\n<b>End-to-End | Recall\n</b><b>End-to-End | Precision\n</b>", "EndtoEnd": {"precision": 0.06666666666666667, "recall": 0.125, "hmean": 0.08695652173913045, "recognition_score": 0.13333333333333333}, "end2endMat": [[0.0, 2.0, 0.0], [0.0, 0.0, 0.0], [0.0, 0.0, 0.0], [2.0, 0.0, 0.0], [1.0, 0.0, 0.0]], "gtTrans": ["Grand", "Anniversary", "##"], "detTrans": ["hatd,0.70627815"], "gtQuery": ["Grand", "Anniversary", "##"], "detQuery": ["hatd,0.70627815"]}