{"Rawdata": {"det_correct_num_recall": 0.0, "det_correct_num_precision": 0.0, "chars_gt": 13, "chars_det": 0, "num_splitted": 0, "num_merged": 0, "num_false_positive": 0, "char_missed": 13, "char_overlapped": 0, "char_false_positive": 0, "e2e_correct_num_recall": 0.0, "e2e_correct_num_precision": 0.0, "chars_recog": 0, "e2e_char_missed": 13.0, "e2e_char_false_positive": 0.0, "e2e_recog_score_chars": 0, "e2e_recog_score_correct_num": 0.0}, "Detection": {"precision": 0.0, "recall": 0.0, "hmean": 0}, "pairs": [], "detectionMat": [[0.0, 0.0], [0.0, 0.0], [0.0, 0.0], [0.0, 0.0], [0.0, 0.0], [0.0, 0.0], [0.0, 0.0], [0.0, 0.0], [0.0, 0.0], [0.0, 0.0], [0.0, 0.0], [0.0, 0.0], [0.0, 0.0]], "precisionMat": [[], [], [], [], [], [], [], [], [], [], []], "gtPolPoints": [[68.0, 305.0, 106.0, 304.0, 102.0, 328.0, 68.0, 326.0], [374.0, 195.0, 481.0, 209.0, 482.0, 235.0, 374.0, 222.0], [487.0, 217.0, 538.0, 224.0, 542.0, 242.0, 487.0, 236.0], [634.0, 236.0, 652.0, 237.0, 653.0, 252.0, 634.0, 248.0], [656.0, 236.0, 688.0, 234.0, 686.0, 257.0, 656.0, 252.0], [688.0, 242.0, 731.0, 248.0, 732.0, 263.0, 688.0, 258.0], [793.0, 278.0, 877.0, 276.0, 882.0, 296.0, 792.0, 299.0], [593.0, 231.0, 631.0, 233.0, 631.0, 247.0, 593.0, 245.0], [62.0, 257.0, 126.0, 261.0, 126.0, 281.0, 62.0, 277.0], [1196.0, 0.0, 1278.0, 1.0, 1278.0, 22.0, 1193.0, 25.0], [565.0, 113.0, 682.0, 123.0, 688.0, 138.0, 566.0, 132.0]], "detPolPoints": [], "gtCharPoints": [[[77.0, 315.625], [95.0, 315.875]], [[382.9583333333333, 209.625], [400.875, 211.875], [418.79166666666663, 214.125], [436.7083333333333, 216.375], [454.625, 218.625], [472.54166666666663, 220.875]], [[495.8333333333333, 227.58333333333334], [513.5, 229.75], [531.1666666666666, 231.91666666666669]], [[638.625, 242.625], [647.875, 243.875]], [[663.75, 244.375], [679.25, 245.125]], [[695.25, 250.91666666666666], [709.75, 252.75], [724.25, 254.58333333333331]], [[798.7142857142857, 288.32142857142856], [811.1428571428571, 287.9642857142857], [823.5714285714286, 287.60714285714283], [836.0, 287.25], [848.4285714285713, 286.8928571428571], [860.8571428571428, 286.5357142857143], [873.2857142857142, 286.1785714285714]], [[599.3333333333334, 238.33333333333334], [612.0, 239.0], [624.6666666666667, 239.66666666666669]], [[70.0, 267.5], [86.0, 268.5], [102.0, 269.5], [118.0, 270.5]], [[1204.9375, 12.375], [1225.8125, 12.125], [1246.6875, 11.875], [1267.5625, 11.625]], [[574.0357142857143, 123.07142857142857], [591.1071428571429, 124.21428571428571], [608.1785714285714, 125.35714285714286], [625.25, 126.5], [642.3214285714287, 127.64285714285714], [659.3928571428572, 128.78571428571428], [676.4642857142858, 129.92857142857142]]], "gtCharCounts": [0.0, 0.0, 0.0, 0.0, 0.0, 0.0, 0.0, 0.0, 0.0, 0.0, 0.0], "gtDontCare": [0, 2, 3, 4, 5, 7, 8, 9, 10], "detDontCare": [], "evaluationParams": {"GT_PATH": "gt/gt_IC15.zip", "SUBMIT_PATH": "result/result_paddleOCR_IC15.zip", "OUTPUT_PATH": "output/", "PORT": 8080, "BOX_TYPE": "QUAD", "TRANSCRIPTION": true, "CONFIDENCES": false, "CRLF": false, "E2E": true, "CASE_SENSITIVE": true, "RS": true, "AREA_PRECISION_CONSTRAINT": 0.5, "GRANULARITY_PENALTY_WEIGHT": 1.0, "VERTICAL_ASPECT_RATIO_THRES": 2.0, "NUM_WORKERS": 2, "GT_SAMPLE_NAME_2_ID": "([0-9]+)", "DET_SAMPLE_NAME_2_ID": "([0-9]+)", "PER_SAMPLE_RESULTS": true}, "evaluationLog": "GT polygons: 11 (9 don't care) \nDET polygons: 0\n\nFind one-to-one matches\nFind one-to-many matches\nFind many-to-one matches\n<b>Detection | PRECISION\n</b><b>Detection | RECALL\n</b><b># of false positive chars\n</b>0\n=================================\n<b>End-to-End | Recall\n</b><b>End-to-End | Precision\n</b>", "EndtoEnd": {"precision": 0.0, "recall": 0.0, "hmean": 0, "recognition_score": 0.0}, "end2endMat": [[0.0, 0.0], [0.0, 0.0], [0.0, 0.0], [0.0, 0.0], [0.0, 0.0], [0.0, 0.0], [0.0, 0.0], [0.0, 0.0], [0.0, 0.0], [0.0, 0.0], [0.0, 0.0], [0.0, 0.0], [0.0, 0.0]], "gtTrans": ["##", "SACOOR", "###", "##", "##", "###", "BRITISH", "###", "####", "####", "#######"], "detTrans": [], "gtQuery": ["##", "SACOOR", "###", "##", "##", "###", "BRITISH", "###", "####", "####", "#######"], "detQuery": []}