{"Rawdata": {"det_correct_num_recall": 5.0, "det_correct_num_precision": 5.0, "chars_gt": 17, "chars_det": 5.0, "num_splitted": 0, "num_merged": 0, "num_false_positive": 0, "char_missed": 12, "char_overlapped": 0, "char_false_positive": 0, "e2e_correct_num_recall": 4.0, "e2e_correct_num_precision": 4.0, "chars_recog": 15, "e2e_char_missed": 13.0, "e2e_char_false_positive": 11.0, "e2e_recog_score_chars": 15, "e2e_recog_score_correct_num": 4.0}, "Detection": {"precision": 1.0, "recall": 0.29411764705882354, "hmean": 0.45454545454545453}, "pairs": [{"gt": [1], "det": [0], "type": "OO"}], "detectionMat": [[0.0, 0.0, 0.0], [5.0, 5.0, 0.0], [0.0, 0.0, 0.0], [0.0, 0.0, 0.0], [5.0, 0.0, 0.0], [0.0, 0.0, 0.0]], "precisionMat": [[0.0], [0.9467213758878329], [0.0], [0.0]], "gtPolPoints": [[446.0, 181.0, 653.0, 167.0, 656.0, 204.0, 448.0, 217.0], [1028.0, 128.0, 1209.0, 112.0, 1209.0, 145.0, 1028.0, 162.0], [445.0, 125.0, 647.0, 110.0, 648.0, 132.0, 446.0, 147.0], [1230.0, 238.0, 1279.0, 236.0, 1279.0, 247.0, 1230.0, 250.0]], "detPolPoints": [[1030.0, 125.0, 1201.0, 112.0, 1203.0, 145.0, 1033.0, 158.0]], "gtCharPoints": [[[455.6458333333333, 198.4375], [472.9375, 197.3125], [490.22916666666663, 196.1875], [507.5208333333333, 195.0625], [524.8125, 193.9375], [542.1041666666666, 192.8125], [559.3958333333333, 191.6875], [576.6875, 190.5625], [593.9791666666666, 189.4375], [611.2708333333333, 188.3125], [628.5625, 187.1875], [645.8541666666666, 186.0625]], [[1046.1, 143.35], [1082.3, 140.04999999999998], [1118.5, 136.75], [1154.6999999999998, 133.45], [1190.8999999999999, 130.15]], [[455.6, 135.25], [475.8, 133.75], [496.0, 132.25], [516.2, 130.75], [536.4, 129.25], [556.6, 127.75], [576.8, 126.25], [597.0, 124.75], [617.2, 123.25], [637.4, 121.75]], [[1234.9, 243.75], [1244.7, 243.25], [1254.5, 242.75], [1264.3000000000002, 242.25], [1274.1000000000001, 241.75]]], "gtCharCounts": [[0.0, 0.0, 0.0, 0.0, 0.0, 0.0, 0.0, 0.0, 0.0, 0.0, 0.0, 0.0], [1.0, 1.0, 1.0, 1.0, 1.0], [0.0, 0.0, 0.0, 0.0, 0.0, 0.0, 0.0, 0.0, 0.0, 0.0], [0.0, 0.0, 0.0, 0.0, 0.0]], "gtDontCare": [2, 3], "detDontCare": [], "evaluationParams": {"GT_PATH": "gt/gt_IC15.zip", "SUBMIT_PATH": "result/result_paddleOCR_IC15.zip", "OUTPUT_PATH": "output/", "PORT": 8080, "BOX_TYPE": "QUAD", "TRANSCRIPTION": true, "CONFIDENCES": false, "CRLF": false, "E2E": true, "CASE_SENSITIVE": true, "RS": true, "AREA_PRECISION_CONSTRAINT": 0.5, "GRANULARITY_PENALTY_WEIGHT": 1.0, "VERTICAL_ASPECT_RATIO_THRES": 2.0, "NUM_WORKERS": 2, "GT_SAMPLE_NAME_2_ID": "([0-9]+)", "DET_SAMPLE_NAME_2_ID": "([0-9]+)", "PER_SAMPLE_RESULTS": true}, "evaluationLog": "GT polygons: 4 (2 don't care) \nDET polygons: 1\n\nFind one-to-one matches\nMatch GT #1 with Det #0\nFind one-to-many matches\nFind many-to-one matches\n<b>Detection | PRECISION\n</b><b>Detection | RECALL\n</b><b># of false positive chars\n</b>0\n=================================\n<b>End-to-End | Recall\n</b><b>End-to-End | Precision\n</b>", "EndtoEnd": {"precision": 0.26666666666666666, "recall": 0.23529411764705882, "hmean": 0.25, "recognition_score": 0.26666666666666666}, "end2endMat": [[0.0, 0.0, 0.0], [0.0, 4.0, 0.0], [0.0, 0.0, 0.0], [0.0, 0.0, 0.0], [4.0, 0.0, 0.0], [0.0, 0.0, 0.0]], "gtTrans": ["stradivarius", "MANGO", "##########", "#####"], "detTrans": ["MANGC,0.9550894"], "gtQuery": ["stradivarius", "MANGO", "##########", "#####"], "detQuery": ["MANGC,0.9550894"]}