{"Rawdata": {"det_correct_num_recall": 0.0, "det_correct_num_precision": 0.0, "chars_gt": 8, "chars_det": 0, "num_splitted": 0, "num_merged": 0, "num_false_positive": 0, "char_missed": 8, "char_overlapped": 0, "char_false_positive": 0, "e2e_correct_num_recall": 0.0, "e2e_correct_num_precision": 0.0, "chars_recog": 0, "e2e_char_missed": 8.0, "e2e_char_false_positive": 0.0, "e2e_recog_score_chars": 0, "e2e_recog_score_correct_num": 0.0}, "Detection": {"precision": 0.0, "recall": 0.0, "hmean": 0}, "pairs": [], "detectionMat": [[0.0, 0.0], [0.0, 0.0], [0.0, 0.0], [0.0, 0.0], [0.0, 0.0], [0.0, 0.0]], "precisionMat": [[], [], [], []], "gtPolPoints": [[216.0, 128.0, 360.0, 173.0, 358.0, 207.0, 217.0, 173.0], [1197.0, 0.0, 1277.0, 0.0, 1279.0, 151.0, 1209.0, 146.0], [522.0, 241.0, 540.0, 243.0, 540.0, 258.0, 522.0, 256.0], [658.0, 155.0, 671.0, 156.0, 670.0, 191.0, 657.0, 190.0]], "detPolPoints": [], "gtCharPoints": [[[225.40625, 152.96875], [243.21875, 157.90625], [261.03125, 162.84375], [278.84375, 167.78125], [296.65625, 172.71875], [314.46875, 177.65625], [332.28125, 182.59375], [350.09375, 187.53125]], [[1221.75, 73.625], [1259.25, 74.875]], [[526.5, 249.0], [535.5, 250.0]], [[663.6666666666666, 184.66666666666666], [664.0, 173.0], [664.3333333333333, 161.33333333333331]]], "gtCharCounts": [0.0, 0.0, 0.0, 0.0], "gtDontCare": [1, 2, 3], "detDontCare": [], "evaluationParams": {"GT_PATH": "gt/gt_IC15.zip", "SUBMIT_PATH": "result/result_paddleOCR_IC15.zip", "OUTPUT_PATH": "output/", "PORT": 8080, "BOX_TYPE": "QUAD", "TRANSCRIPTION": true, "CONFIDENCES": false, "CRLF": false, "E2E": true, "CASE_SENSITIVE": true, "RS": true, "AREA_PRECISION_CONSTRAINT": 0.5, "GRANULARITY_PENALTY_WEIGHT": 1.0, "VERTICAL_ASPECT_RATIO_THRES": 2.0, "NUM_WORKERS": 2, "GT_SAMPLE_NAME_2_ID": "([0-9]+)", "DET_SAMPLE_NAME_2_ID": "([0-9]+)", "PER_SAMPLE_RESULTS": true}, "evaluationLog": "GT polygons: 4 (3 don't care) \nDET polygons: 0\n\nFind one-to-one matches\nFind one-to-many matches\nFind many-to-one matches\n<b>Detection | PRECISION\n</b><b>Detection | RECALL\n</b><b># of false positive chars\n</b>0\n=================================\n<b>End-to-End | Recall\n</b><b>End-to-End | Precision\n</b>", "EndtoEnd": {"precision": 0.0, "recall": 0.0, "hmean": 0, "recognition_score": 0.0}, "end2endMat": [[0.0, 0.0], [0.0, 0.0], [0.0, 0.0], [0.0, 0.0], [0.0, 0.0], [0.0, 0.0]], "gtTrans": ["GIORDANO", "##", "##", "###"], "detTrans": [], "gtQuery": ["GIORDANO", "##", "##", "###"], "detQuery": []}