{"Rawdata": {"det_correct_num_recall": 13.0, "det_correct_num_precision": 13.0, "chars_gt": 13, "chars_det": 13.0, "num_splitted": 0, "num_merged": 0, "num_false_positive": 0, "char_missed": 0, "char_overlapped": 0, "char_false_positive": 0, "e2e_correct_num_recall": 13.0, "e2e_correct_num_precision": 13.0, "chars_recog": 34, "e2e_char_missed": 0.0, "e2e_char_false_positive": 21.0, "e2e_recog_score_chars": 34, "e2e_recog_score_correct_num": 13.0}, "Detection": {"precision": 1.0, "recall": 1.0, "hmean": 1.0}, "pairs": [{"gt": [0], "det": [0], "type": "OO"}, {"gt": [1], "det": [1], "type": "OO"}], "detectionMat": [[5.0, 0.0, 5.0, 0.0], [0.0, 8.0, 8.0, 0.0], [5.0, 8.0, 0.0, 0.0], [0.0, 0.0, 0.0, 0.0]], "precisionMat": [[0.9106620101897379, 0.012490633987041434], [0.0, 0.9747235354403592]], "gtPolPoints": [[626.0, 124.0, 697.0, 129.0, 696.0, 153.0, 625.0, 148.0], [603.0, 147.0, 711.0, 153.0, 711.0, 176.0, 603.0, 170.0]], "detPolPoints": [[622.0, 123.0, 694.0, 128.0, 692.0, 150.0, 621.0, 145.0], [604.0, 147.0, 714.0, 153.0, 712.0, 175.0, 602.0, 169.0]], "gtCharPoints": [[[632.6, 136.5], [646.8000000000001, 137.5], [661.0, 138.5], [675.2, 139.5], [689.4, 140.5]], [[609.75, 158.875], [623.25, 159.625], [636.75, 160.375], [650.25, 161.125], [663.75, 161.875], [677.25, 162.625], [690.75, 163.375], [704.25, 164.125]]], "gtCharCounts": [[1.0, 1.0, 1.0, 1.0, 1.0], [1.0, 1.0, 1.0, 1.0, 1.0, 1.0, 1.0, 1.0]], "gtDontCare": [], "detDontCare": [], "evaluationParams": {"GT_PATH": "gt/gt_IC15.zip", "SUBMIT_PATH": "result/result_paddleOCR_IC15.zip", "OUTPUT_PATH": "output/", "PORT": 8080, "BOX_TYPE": "QUAD", "TRANSCRIPTION": true, "CONFIDENCES": false, "CRLF": false, "E2E": true, "CASE_SENSITIVE": true, "RS": true, "AREA_PRECISION_CONSTRAINT": 0.5, "GRANULARITY_PENALTY_WEIGHT": 1.0, "VERTICAL_ASPECT_RATIO_THRES": 2.0, "NUM_WORKERS": 2, "GT_SAMPLE_NAME_2_ID": "([0-9]+)", "DET_SAMPLE_NAME_2_ID": "([0-9]+)", "PER_SAMPLE_RESULTS": true}, "evaluationLog": "GT polygons: 2 (0 don't care) \nDET polygons: 2\n\nFind one-to-one matches\nMatch GT #0 with Det #0\nMatch GT #1 with Det #1\nFind one-to-many matches\nFind many-to-one matches\n<b>Detection | PRECISION\n</b><b>Detection | RECALL\n</b><b># of false positive chars\n</b>0\n=================================\n<b>End-to-End | Recall\n</b><b>End-to-End | Precision\n</b>", "EndtoEnd": {"precision": 0.38235294117647056, "recall": 1.0, "hmean": 0.5531914893617021, "recognition_score": 0.38235294117647056}, "end2endMat": [[0.0, 0.0, 5.0, 0.0], [0.0, 0.0, 8.0, 0.0], [5.0, 8.0, 0.0, 0.0], [0.0, 0.0, 0.0, 0.0]], "gtTrans": ["ROYAL", "SELANGOR"], "detTrans": ["ROYAL,0.9943428", "SELANGOR,0.97041607"], "gtQuery": ["ROYAL", "SELANGOR"], "detQuery": ["ROYAL,0.9943428", "SELANGOR,0.97041607"]}