{"Rawdata": {"det_correct_num_recall": 0.0, "det_correct_num_precision": 0.0, "chars_gt": 34, "chars_det": 3.0, "num_splitted": 0, "num_merged": 0, "num_false_positive": 1, "char_missed": 34, "char_overlapped": 0, "char_false_positive": 3, "e2e_correct_num_recall": 0.0, "e2e_correct_num_precision": 0.0, "chars_recog": 13, "e2e_char_missed": 34.0, "e2e_char_false_positive": 13.0, "e2e_recog_score_chars": 0, "e2e_recog_score_correct_num": 0.0}, "Detection": {"precision": 0.0, "recall": 0.0, "hmean": 0}, "pairs": [], "detectionMat": [[0.0, 0.0, 0.0], [0.0, 0.0, 0.0], [0.0, 0.0, 0.0], [0.0, 0.0, 0.0], [0.0, 0.0, 0.0], [0.0, 0.0, 0.0], [0.0, 0.0, 0.0], [0.0, 0.0, 0.0], [0.0, 0.0, 0.0], [0.0, 0.0, 0.0]], "precisionMat": [[0.0], [0.0], [0.0], [0.0], [0.0], [0.0], [0.0], [0.0]], "gtPolPoints": [[721.0, 159.0, 925.0, 149.0, 922.0, 193.0, 718.0, 203.0], [728.0, 187.0, 910.0, 180.0, 913.0, 223.0, 731.0, 230.0], [765.0, 251.0, 827.0, 250.0, 828.0, 271.0, 766.0, 273.0], [827.0, 251.0, 881.0, 249.0, 881.0, 264.0, 827.0, 266.0], [747.0, 314.0, 795.0, 313.0, 796.0, 331.0, 748.0, 333.0], [802.0, 311.0, 828.0, 309.0, 826.0, 330.0, 800.0, 333.0], [832.0, 306.0, 915.0, 306.0, 913.0, 328.0, 831.0, 328.0], [1146.0, 0.0, 1197.0, 0.0, 1201.0, 64.0, 1150.0, 63.0]], "detPolPoints": [[395.0, 168.0, 542.0, 158.0, 545.0, 211.0, 398.0, 221.0]], "gtCharPoints": [[[728.7727272727273, 180.54545454545453], [747.3181818181818, 179.63636363636363], [765.8636363636364, 178.72727272727272], [784.4090909090909, 177.8181818181818], [802.9545454545455, 176.9090909090909], [821.5, 176.0], [840.0454545454545, 175.09090909090907], [858.590909090909, 174.18181818181816], [877.1363636363636, 173.27272727272725], [895.6818181818182, 172.36363636363635], [914.2272727272727, 171.45454545454544]], [[738.6, 208.15], [756.8000000000001, 207.45000000000002], [775.0, 206.75], [793.2, 206.05], [811.4, 205.35], [829.6, 204.65], [847.8, 203.95000000000002], [866.0, 203.25], [884.2, 202.55], [902.4, 201.85]], [[771.7, 261.85], [784.1, 261.55], [796.5, 261.25], [808.9000000000001, 260.95000000000005], [821.3000000000001, 260.65000000000003]], [[833.75, 258.25], [847.25, 257.75], [860.75, 257.25], [874.25, 256.75]], [[753.5, 323.3125], [765.5, 322.9375], [777.5, 322.5625], [789.5, 322.1875]], [[807.5, 321.375], [820.5, 320.125]], [[841.8125, 317.0], [862.4375, 317.0], [883.0625, 317.0], [903.6875, 317.0]], [[1160.75, 31.625], [1186.25, 31.875]]], "gtCharCounts": [[0.0, 0.0, 0.0, 0.0, 0.0, 0.0, 0.0, 0.0, 0.0, 0.0, 0.0], [0.0, 0.0, 0.0, 0.0, 0.0, 0.0, 0.0, 0.0, 0.0, 0.0], [0.0, 0.0, 0.0, 0.0, 0.0], [0.0, 0.0, 0.0, 0.0], [0.0, 0.0, 0.0, 0.0], [0.0, 0.0], [0.0, 0.0, 0.0, 0.0], [0.0, 0.0]], "gtDontCare": [5, 6, 7], "detDontCare": [], "evaluationParams": {"GT_PATH": "gt/gt_IC15.zip", "SUBMIT_PATH": "result/result_paddleOCR_IC15.zip", "OUTPUT_PATH": "output/", "PORT": 8080, "BOX_TYPE": "QUAD", "TRANSCRIPTION": true, "CONFIDENCES": false, "CRLF": false, "E2E": true, "CASE_SENSITIVE": true, "RS": true, "AREA_PRECISION_CONSTRAINT": 0.5, "GRANULARITY_PENALTY_WEIGHT": 1.0, "VERTICAL_ASPECT_RATIO_THRES": 2.0, "NUM_WORKERS": 2, "GT_SAMPLE_NAME_2_ID": "([0-9]+)", "DET_SAMPLE_NAME_2_ID": "([0-9]+)", "PER_SAMPLE_RESULTS": true}, "evaluationLog": "GT polygons: 8 (3 don't care) \nDET polygons: 1\n\nFind one-to-one matches\nFind one-to-many matches\nFind many-to-one matches\n<b>Detection | PRECISION\n</b><b>Detection | RECALL\n</b><b># of false positive chars\n</b>3\n=================================\n<b>End-to-End | Recall\n</b><b>End-to-End | Precision\n</b>", "EndtoEnd": {"precision": 0.0, "recall": 0.0, "hmean": 0, "recognition_score": 0.0}, "end2endMat": [[0.0, 0.0, 0.0], [0.0, 0.0, 0.0], [0.0, 0.0, 0.0], [0.0, 0.0, 0.0], [0.0, 0.0, 0.0], [0.0, 0.0, 0.0], [0.0, 0.0, 0.0], [0.0, 0.0, 0.0], [0.0, 0.0, 0.0], [0.0, 0.0, 0.0]], "gtTrans": ["GENTLEMEN'S", "OUTFITTERS", "READY", "MADE", "MADE", "##", "####", "##"], "detTrans": ["iaa,0.5700748"], "gtQuery": ["GENTLEMEN'S", "OUTFITTERS", "READY", "MADE", "MADE", "##", "####", "##"], "detQuery": ["iaa,0.5700748"]}