{"Rawdata": {"det_correct_num_recall": 6.0, "det_correct_num_precision": 6.0, "chars_gt": 22, "chars_det": 6.0, "num_splitted": 0, "num_merged": 0, "num_false_positive": 0, "char_missed": 16, "char_overlapped": 0, "char_false_positive": 0, "e2e_correct_num_recall": 6.0, "e2e_correct_num_precision": 6.0, "chars_recog": 16, "e2e_char_missed": 16.0, "e2e_char_false_positive": 10.0, "e2e_recog_score_chars": 16, "e2e_recog_score_correct_num": 6.0}, "Detection": {"precision": 1.0, "recall": 0.2727272727272727, "hmean": 0.42857142857142855}, "pairs": [{"gt": [2], "det": [0], "type": "OO"}], "detectionMat": [[0.0, 0.0, 0.0], [0.0, 0.0, 0.0], [6.0, 6.0, 0.0], [0.0, 0.0, 0.0], [0.0, 0.0, 0.0], [0.0, 0.0, 0.0], [0.0, 0.0, 0.0], [0.0, 0.0, 0.0], [6.0, 0.0, 0.0], [0.0, 0.0, 0.0]], "precisionMat": [[0.0], [0.0], [0.9733599923958406], [0.0], [0.0], [0.0], [0.0], [0.0]], "gtPolPoints": [[585.0, 338.0, 630.0, 337.0, 628.0, 360.0, 582.0, 361.0], [632.0, 335.0, 690.0, 333.0, 690.0, 356.0, 632.0, 358.0], [818.0, 331.0, 964.0, 328.0, 951.0, 357.0, 807.0, 360.0], [549.0, 405.0, 582.0, 405.0, 581.0, 419.0, 548.0, 419.0], [693.0, 110.0, 777.0, 81.0, 775.0, 105.0, 691.0, 134.0], [128.0, 334.0, 164.0, 339.0, 161.0, 357.0, 125.0, 352.0], [1129.0, 45.0, 1213.0, 24.0, 1214.0, 48.0, 1130.0, 69.0], [1174.0, 389.0, 1262.0, 392.0, 1260.0, 403.0, 1175.0, 408.0]], "detPolPoints": [[810.0, 333.0, 947.0, 327.0, 948.0, 354.0, 812.0, 360.0]], "gtCharPoints": [[[589.1875, 349.375], [600.5625, 349.125], [611.9375, 348.875], [623.3125, 348.625]], [[639.25, 346.25], [653.75, 345.75], [668.25, 345.25], [682.75, 344.75]], [[824.5833333333334, 345.25], [848.75, 344.75], [872.9166666666667, 344.25], [897.0833333333334, 343.75], [921.25, 343.25], [945.4166666666667, 342.75]], [[552.625, 412.0], [560.875, 412.0], [569.125, 412.0], [577.375, 412.0]], [[702.5, 118.375], [723.5, 111.125], [744.5, 103.875], [765.5, 96.625]], [[135.5, 344.25], [153.5, 346.75]], [[1140.0, 54.375], [1161.0, 49.125], [1182.0, 43.875], [1203.0, 38.625]], [[1181.7083333333333, 398.4166666666667], [1196.125, 398.25], [1210.5416666666665, 398.08333333333337], [1224.9583333333333, 397.9166666666667], [1239.375, 397.75], [1253.7916666666665, 397.58333333333337]]], "gtCharCounts": [[0.0, 0.0, 0.0, 0.0], [0.0, 0.0, 0.0, 0.0], [1.0, 1.0, 1.0, 1.0, 1.0, 1.0], [0.0, 0.0, 0.0, 0.0], [0.0, 0.0, 0.0, 0.0], [0.0, 0.0], [0.0, 0.0, 0.0, 0.0], [0.0, 0.0, 0.0, 0.0, 0.0, 0.0]], "gtDontCare": [5, 6, 7], "detDontCare": [], "evaluationParams": {"GT_PATH": "gt/gt_IC15.zip", "SUBMIT_PATH": "result/result_paddleOCR_IC15.zip", "OUTPUT_PATH": "output/", "PORT": 8080, "BOX_TYPE": "QUAD", "TRANSCRIPTION": true, "CONFIDENCES": false, "CRLF": false, "E2E": true, "CASE_SENSITIVE": true, "RS": true, "AREA_PRECISION_CONSTRAINT": 0.5, "GRANULARITY_PENALTY_WEIGHT": 1.0, "VERTICAL_ASPECT_RATIO_THRES": 2.0, "NUM_WORKERS": 2, "GT_SAMPLE_NAME_2_ID": "([0-9]+)", "DET_SAMPLE_NAME_2_ID": "([0-9]+)", "PER_SAMPLE_RESULTS": true}, "evaluationLog": "GT polygons: 8 (3 don't care) \nDET polygons: 1\n\nFind one-to-one matches\nMatch GT #2 with Det #0\nFind one-to-many matches\nFind many-to-one matches\n<b>Detection | PRECISION\n</b><b>Detection | RECALL\n</b><b># of false positive chars\n</b>0\n=================================\n<b>End-to-End | Recall\n</b><b>End-to-End | Precision\n</b>", "EndtoEnd": {"precision": 0.375, "recall": 0.2727272727272727, "hmean": 0.3157894736842105, "recognition_score": 0.375}, "end2endMat": [[0.0, 0.0, 0.0], [0.0, 0.0, 0.0], [0.0, 6.0, 0.0], [0.0, 0.0, 0.0], [0.0, 0.0, 0.0], [0.0, 0.0, 0.0], [0.0, 0.0, 0.0], [0.0, 0.0, 0.0], [6.0, 0.0, 0.0], [0.0, 0.0, 0.0]], "gtTrans": ["NINE", "WEST", "RECOIL", "SALE", "CITY", "##", "####", "######"], "detTrans": ["RECOIL,0.8671314"], "gtQuery": ["NINE", "WEST", "RECOIL", "SALE", "CITY", "##", "####", "######"], "detQuery": ["RECOIL,0.8671314"]}