{"Rawdata": {"det_correct_num_recall": 0.0, "det_correct_num_precision": 0.0, "chars_gt": 14, "chars_det": 0, "num_splitted": 0, "num_merged": 0, "num_false_positive": 0, "char_missed": 14, "char_overlapped": 0, "char_false_positive": 0, "e2e_correct_num_recall": 0.0, "e2e_correct_num_precision": 0.0, "chars_recog": 0, "e2e_char_missed": 14.0, "e2e_char_false_positive": 0.0, "e2e_recog_score_chars": 0, "e2e_recog_score_correct_num": 0.0}, "Detection": {"precision": 0.0, "recall": 0.0, "hmean": 0}, "pairs": [], "detectionMat": [[0.0, 0.0], [0.0, 0.0], [0.0, 0.0], [0.0, 0.0], [0.0, 0.0], [0.0, 0.0], [0.0, 0.0], [0.0, 0.0], [0.0, 0.0], [0.0, 0.0], [0.0, 0.0], [0.0, 0.0], [0.0, 0.0]], "precisionMat": [[], [], [], [], [], [], [], [], [], [], []], "gtPolPoints": [[171.0, 411.0, 189.0, 411.0, 190.0, 426.0, 173.0, 427.0], [1092.0, 294.0, 1166.0, 296.0, 1165.0, 313.0, 1091.0, 310.0], [89.0, 312.0, 116.0, 313.0, 116.0, 347.0, 89.0, 346.0], [180.0, 315.0, 219.0, 316.0, 220.0, 347.0, 180.0, 346.0], [5.0, 421.0, 43.0, 419.0, 43.0, 437.0, 5.0, 439.0], [0.0, 280.0, 55.0, 278.0, 54.0, 308.0, 0.0, 311.0], [193.0, 410.0, 212.0, 409.0, 212.0, 425.0, 193.0, 426.0], [214.0, 408.0, 272.0, 405.0, 272.0, 419.0, 214.0, 423.0], [50.0, 444.0, 98.0, 439.0, 97.0, 456.0, 49.0, 460.0], [100.0, 437.0, 120.0, 436.0, 119.0, 454.0, 100.0, 455.0], [123.0, 438.0, 145.0, 437.0, 142.0, 452.0, 120.0, 453.0]], "detPolPoints": [], "gtCharPoints": [[[176.375, 418.875], [185.125, 418.625]], [[1098.9, 302.25], [1113.7, 302.75], [1128.5, 303.25], [1143.3000000000002, 303.75], [1158.1000000000001, 304.25]], [[95.75, 329.25], [109.25, 329.75]], [[189.875, 330.75], [209.625, 331.25]], [[11.333333333333332, 429.6666666666667], [24.0, 429.0], [36.666666666666664, 428.33333333333337]], [[9.083333333333334, 295.0833333333333], [27.25, 294.25], [45.41666666666667, 293.41666666666663]], [[197.75, 417.75], [207.25, 417.25]], [[218.83333333333334, 415.2083333333333], [228.5, 414.625], [238.16666666666669, 414.04166666666663], [247.83333333333334, 413.4583333333333], [257.5, 412.875], [267.1666666666667, 412.29166666666663]], [[54.3, 451.55], [63.9, 450.65000000000003], [73.5, 449.75], [83.1, 448.85], [92.69999999999999, 447.95]], [[104.875, 445.75], [114.625, 445.25]], [[127.0, 445.25], [138.0, 444.75]]], "gtCharCounts": [0.0, 0.0, 0.0, 0.0, 0.0, 0.0, 0.0, 0.0, 0.0, 0.0, 0.0], "gtDontCare": [0, 1, 2, 3, 4, 6, 9, 10], "detDontCare": [], "evaluationParams": {"GT_PATH": "gt/gt_IC15.zip", "SUBMIT_PATH": "result/result_paddleOCR_IC15.zip", "OUTPUT_PATH": "output/", "PORT": 8080, "BOX_TYPE": "QUAD", "TRANSCRIPTION": true, "CONFIDENCES": false, "CRLF": false, "E2E": true, "CASE_SENSITIVE": true, "RS": true, "AREA_PRECISION_CONSTRAINT": 0.5, "GRANULARITY_PENALTY_WEIGHT": 1.0, "VERTICAL_ASPECT_RATIO_THRES": 2.0, "NUM_WORKERS": 2, "GT_SAMPLE_NAME_2_ID": "([0-9]+)", "DET_SAMPLE_NAME_2_ID": "([0-9]+)", "PER_SAMPLE_RESULTS": true}, "evaluationLog": "GT polygons: 11 (8 don't care) \nDET polygons: 0\n\nFind one-to-one matches\nFind one-to-many matches\nFind many-to-one matches\n<b>Detection | PRECISION\n</b><b>Detection | RECALL\n</b><b># of false positive chars\n</b>0\n=================================\n<b>End-to-End | Recall\n</b><b>End-to-End | Precision\n</b>", "EndtoEnd": {"precision": 0.0, "recall": 0.0, "hmean": 0, "recognition_score": 0.0}, "end2endMat": [[0.0, 0.0], [0.0, 0.0], [0.0, 0.0], [0.0, 0.0], [0.0, 0.0], [0.0, 0.0], [0.0, 0.0], [0.0, 0.0], [0.0, 0.0], [0.0, 0.0], [0.0, 0.0], [0.0, 0.0], [0.0, 0.0]], "gtTrans": ["##", "#####", "##", "##", "###", "psb", "##", "months", "after", "##", "##"], "detTrans": [], "gtQuery": ["##", "#####", "##", "##", "###", "psb", "##", "months", "after", "##", "##"], "detQuery": []}