{"Rawdata": {"det_correct_num_recall": 8.0, "det_correct_num_precision": 8.0, "chars_gt": 15, "chars_det": 8.0, "num_splitted": 0, "num_merged": 0, "num_false_positive": 0, "char_missed": 7, "char_overlapped": 0, "char_false_positive": 0, "e2e_correct_num_recall": 5.0, "e2e_correct_num_precision": 5.0, "chars_recog": 27, "e2e_char_missed": 10.0, "e2e_char_false_positive": 22.0, "e2e_recog_score_chars": 27, "e2e_recog_score_correct_num": 5.0}, "Detection": {"precision": 1.0, "recall": 0.5333333333333333, "hmean": 0.6956521739130436}, "pairs": [{"gt": [0], "det": [1], "type": "OO"}, {"gt": [5], "det": [0], "type": "OO"}], "detectionMat": [[0.0, 4.0, 4.0, 0.0], [0.0, 0.0, 0.0, 0.0], [0.0, 0.0, 0.0, 0.0], [0.0, 0.0, 0.0, 0.0], [0.0, 0.0, 0.0, 0.0], [4.0, 0.0, 4.0, 0.0], [4.0, 4.0, 0.0, 0.0], [0.0, 0.0, 0.0, 0.0]], "precisionMat": [[0.0, 0.9861490575777925], [0.0, 0.0], [0.0, 0.0], [0.0, 0.0011675222620816674], [0.0, 0.0], [0.9203811760896763, 0.0]], "gtPolPoints": [[410.0, 265.0, 593.0, 186.0, 625.0, 266.0, 441.0, 345.0], [133.0, 311.0, 283.0, 291.0, 293.0, 333.0, 143.0, 353.0], [513.0, 316.0, 551.0, 299.0, 561.0, 328.0, 523.0, 345.0], [556.0, 300.0, 613.0, 271.0, 618.0, 299.0, 561.0, 328.0], [962.0, 112.0, 1019.0, 115.0, 1023.0, 151.0, 969.0, 154.0], [8.0, 97.0, 241.0, 129.0, 247.0, 184.0, 14.0, 168.0]], "detPolPoints": [[12.0, 97.0, 236.0, 123.0, 228.0, 188.0, 4.0, 162.0], [431.0, 249.0, 595.0, 204.0, 615.0, 273.0, 450.0, 318.0]], "gtCharPoints": [[[448.4375, 295.125], [494.3125, 275.375], [540.1875, 255.625], [586.0625, 235.875]], [[156.75, 329.5], [194.25, 324.5], [231.75, 319.5], [269.25, 314.5]], [[527.5, 326.25], [546.5, 317.75]], [[568.0, 309.1666666666667], [587.0, 299.5], [606.0, 289.83333333333337]], [[979.375, 133.0], [1007.125, 133.0]], [[40.125, 135.5], [98.375, 141.5], [156.625, 147.5], [214.875, 153.5]]], "gtCharCounts": [[1.0, 1.0, 1.0, 1.0], [0.0, 0.0, 0.0, 0.0], [0.0, 0.0], [0.0, 0.0, 0.0], [0.0, 0.0], [1.0, 1.0, 1.0, 1.0]], "gtDontCare": [2, 4], "detDontCare": [], "evaluationParams": {"GT_PATH": "gt/gt_IC15.zip", "SUBMIT_PATH": "result/result_paddleOCR_IC15.zip", "OUTPUT_PATH": "output/", "PORT": 8080, "BOX_TYPE": "QUAD", "TRANSCRIPTION": true, "CONFIDENCES": false, "CRLF": false, "E2E": true, "CASE_SENSITIVE": true, "RS": true, "AREA_PRECISION_CONSTRAINT": 0.5, "GRANULARITY_PENALTY_WEIGHT": 1.0, "VERTICAL_ASPECT_RATIO_THRES": 2.0, "NUM_WORKERS": 2, "GT_SAMPLE_NAME_2_ID": "([0-9]+)", "DET_SAMPLE_NAME_2_ID": "([0-9]+)", "PER_SAMPLE_RESULTS": true}, "evaluationLog": "GT polygons: 6 (2 don't care) \nDET polygons: 2\n\nFind one-to-one matches\nMatch GT #0 with Det #1\nMatch GT #5 with Det #0\nFind one-to-many matches\nFind many-to-one matches\n<b>Detection | PRECISION\n</b><b>Detection | RECALL\n</b><b># of false positive chars\n</b>0\n=================================\n<b>End-to-End | Recall\n</b><b>End-to-End | Precision\n</b>", "EndtoEnd": {"precision": 0.18518518518518517, "recall": 0.3333333333333333, "hmean": 0.23809523809523808, "recognition_score": 0.18518518518518517}, "end2endMat": [[0.0, 0.0, 3.0, 0.0], [0.0, 0.0, 0.0, 0.0], [0.0, 0.0, 0.0, 0.0], [0.0, 0.0, 0.0, 0.0], [0.0, 0.0, 0.0, 0.0], [0.0, 0.0, 2.0, 0.0], [2.0, 3.0, 0.0, 0.0], [0.0, 0.0, 0.0, 0.0]], "gtTrans": ["SALE", "TEMT", "##", "NOW", "##", "TEMT"], "detTrans": ["TEH,0.796411", "RALE,0.77047956"], "gtQuery": ["SALE", "TEMT", "##", "NOW", "##", "TEMT"], "detQuery": ["TEH,0.796411", "RALE,0.77047956"]}