{"Rawdata": {"det_correct_num_recall": 2.0, "det_correct_num_precision": 2.0, "chars_gt": 3, "chars_det": 2.0, "num_splitted": 0, "num_merged": 0, "num_false_positive": 0, "char_missed": 1, "char_overlapped": 0, "char_false_positive": 0, "e2e_correct_num_recall": 2.0, "e2e_correct_num_precision": 2.0, "chars_recog": 13, "e2e_char_missed": 1.0, "e2e_char_false_positive": 11.0, "e2e_recog_score_chars": 13, "e2e_recog_score_correct_num": 2.0}, "Detection": {"precision": 1.0, "recall": 0.6666666666666666, "hmean": 0.8}, "pairs": [{"gt": [0], "det": [0], "type": "OO"}], "detectionMat": [[2.0, 2.0, 0.0], [2.0, 0.0, 0.0], [0.0, 0.0, 0.0]], "precisionMat": [[1.0]], "gtPolPoints": [[1151.0, 31.0, 1270.0, 0.0, 1276.0, 113.0, 1157.0, 144.0]], "detPolPoints": [[1155.0, 33.0, 1243.0, 26.0, 1249.0, 112.0, 1161.0, 119.0]], "gtCharPoints": [[[1173.8333333333333, 82.33333333333333], [1213.5, 72.0], [1253.1666666666665, 61.66666666666666]]], "gtCharCounts": [[1.0, 1.0, 0.0]], "gtDontCare": [], "detDontCare": [], "evaluationParams": {"GT_PATH": "gt/gt_IC15.zip", "SUBMIT_PATH": "result/result_paddleOCR_IC15.zip", "OUTPUT_PATH": "output/", "PORT": 8080, "BOX_TYPE": "QUAD", "TRANSCRIPTION": true, "CONFIDENCES": false, "CRLF": false, "E2E": true, "CASE_SENSITIVE": true, "RS": true, "AREA_PRECISION_CONSTRAINT": 0.5, "GRANULARITY_PENALTY_WEIGHT": 1.0, "VERTICAL_ASPECT_RATIO_THRES": 2.0, "NUM_WORKERS": 2, "GT_SAMPLE_NAME_2_ID": "([0-9]+)", "DET_SAMPLE_NAME_2_ID": "([0-9]+)", "PER_SAMPLE_RESULTS": true}, "evaluationLog": "GT polygons: 1 (0 don't care) \nDET polygons: 1\n\nFind one-to-one matches\nMatch GT #0 with Det #0\nFind one-to-many matches\nFind many-to-one matches\n<b>Detection | PRECISION\n</b><b>Detection | RECALL\n</b><b># of false positive chars\n</b>0\n=================================\n<b>End-to-End | Recall\n</b><b>End-to-End | Precision\n</b>", "EndtoEnd": {"precision": 0.15384615384615385, "recall": 0.6666666666666666, "hmean": 0.25, "recognition_score": 0.15384615384615385}, "end2endMat": [[0.0, 2.0, 0.0], [2.0, 0.0, 0.0], [0.0, 0.0, 0.0]], "gtTrans": ["SAT"], "detTrans": ["SA,0.99296844"], "gtQuery": ["SAT"], "detQuery": ["SA,0.99296844"]}