{"Rawdata": {"det_correct_num_recall": 0.0, "det_correct_num_precision": 0.0, "chars_gt": 18, "chars_det": 0, "num_splitted": 0, "num_merged": 0, "num_false_positive": 0, "char_missed": 18, "char_overlapped": 0, "char_false_positive": 0, "e2e_correct_num_recall": 0.0, "e2e_correct_num_precision": 0.0, "chars_recog": 0, "e2e_char_missed": 18.0, "e2e_char_false_positive": 0.0, "e2e_recog_score_chars": 0, "e2e_recog_score_correct_num": 0.0}, "Detection": {"precision": 0.0, "recall": 0.0, "hmean": 0}, "pairs": [], "detectionMat": [[0.0, 0.0], [0.0, 0.0], [0.0, 0.0], [0.0, 0.0], [0.0, 0.0], [0.0, 0.0], [0.0, 0.0], [0.0, 0.0], [0.0, 0.0], [0.0, 0.0]], "precisionMat": [[], [], [], [], [], [], [], []], "gtPolPoints": [[335.0, 1.0, 401.0, 36.0, 401.0, 67.0, 333.0, 27.0], [2.0, 54.0, 81.0, 67.0, 80.0, 109.0, 1.0, 96.0], [106.0, 139.0, 161.0, 141.0, 160.0, 154.0, 105.0, 152.0], [846.0, 148.0, 897.0, 147.0, 897.0, 168.0, 846.0, 169.0], [850.0, 181.0, 897.0, 181.0, 898.0, 200.0, 851.0, 200.0], [854.0, 200.0, 897.0, 198.0, 895.0, 220.0, 852.0, 222.0], [461.0, 140.0, 500.0, 133.0, 503.0, 151.0, 464.0, 158.0], [847.0, 131.0, 895.0, 128.0, 895.0, 142.0, 847.0, 145.0]], "detPolPoints": [], "gtCharPoints": [[[337.72222222222223, 16.083333333333332], [345.1666666666667, 20.25], [352.61111111111114, 24.416666666666664], [360.05555555555554, 28.583333333333332], [367.5, 32.75], [374.94444444444446, 36.91666666666667], [382.3888888888889, 41.08333333333333], [389.83333333333337, 45.25], [397.27777777777777, 49.41666666666667]], [[21.25, 78.25], [60.75, 84.75]], [[111.0, 145.7], [122.0, 146.1], [133.0, 146.5], [144.0, 146.89999999999998], [155.0, 147.29999999999998]], [[852.375, 158.375], [865.125, 158.125], [877.875, 157.875], [890.625, 157.625]], [[855.2, 190.5], [864.6, 190.5], [874.0, 190.5], [883.4000000000001, 190.5], [892.8000000000001, 190.5]], [[863.75, 210.5], [885.25, 209.5]], [[469.0, 147.83333333333334], [482.0, 145.5], [495.0, 143.16666666666669]], [[853.0, 137.625], [865.0, 136.875], [877.0, 136.125], [889.0, 135.375]]], "gtCharCounts": [0.0, 0.0, 0.0, 0.0, 0.0, 0.0, 0.0, 0.0], "gtDontCare": [1, 2, 5, 6, 7], "detDontCare": [], "evaluationParams": {"GT_PATH": "gt/gt_IC15.zip", "SUBMIT_PATH": "result/result_paddleOCR_IC15.zip", "OUTPUT_PATH": "output/", "PORT": 8080, "BOX_TYPE": "QUAD", "TRANSCRIPTION": true, "CONFIDENCES": false, "CRLF": false, "E2E": true, "CASE_SENSITIVE": true, "RS": true, "AREA_PRECISION_CONSTRAINT": 0.5, "GRANULARITY_PENALTY_WEIGHT": 1.0, "VERTICAL_ASPECT_RATIO_THRES": 2.0, "NUM_WORKERS": 2, "GT_SAMPLE_NAME_2_ID": "([0-9]+)", "DET_SAMPLE_NAME_2_ID": "([0-9]+)", "PER_SAMPLE_RESULTS": true}, "evaluationLog": "GT polygons: 8 (5 don't care) \nDET polygons: 0\n\nFind one-to-one matches\nFind one-to-many matches\nFind many-to-one matches\n<b>Detection | PRECISION\n</b><b>Detection | RECALL\n</b><b># of false positive chars\n</b>0\n=================================\n<b>End-to-End | Recall\n</b><b>End-to-End | Precision\n</b>", "EndtoEnd": {"precision": 0.0, "recall": 0.0, "hmean": 0, "recognition_score": 0.0}, "end2endMat": [[0.0, 0.0], [0.0, 0.0], [0.0, 0.0], [0.0, 0.0], [0.0, 0.0], [0.0, 0.0], [0.0, 0.0], [0.0, 0.0], [0.0, 0.0], [0.0, 0.0]], "gtTrans": ["JEWELLERY", "##", "#####", "NALE", "Grand", "##", "###", "####"], "detTrans": [], "gtQuery": ["JEWELLERY", "##", "#####", "NALE", "Grand", "##", "###", "####"], "detQuery": []}