{"Rawdata": {"det_correct_num_recall": 16.0, "det_correct_num_precision": 14.0, "chars_gt": 42, "chars_det": 16.0, "num_splitted": 0, "num_merged": 1, "num_false_positive": 0, "char_missed": 26, "char_overlapped": 0, "char_false_positive": 0, "e2e_correct_num_recall": 10.0, "e2e_correct_num_precision": 8.0, "chars_recog": 23, "e2e_char_missed": 32.0, "e2e_char_false_positive": 13.0, "e2e_recog_score_chars": 23, "e2e_recog_score_correct_num": 10.0}, "Detection": {"precision": 0.875, "recall": 0.38095238095238093, "hmean": 0.5308056872037914}, "pairs": [{"gt": [4], "det": [0], "type": "OO"}, {"gt": [0, 1, 4], "det": [0], "type": "MO"}], "detectionMat": [[3.0, 3.0, 0.0], [6.0, 6.0, 0.0], [0.0, 0.0, 0.0], [0.0, 0.0, 0.0], [7.0, 7.0, 0.0], [0.0, 0.0, 0.0], [16.0, 0.0, 0.0], [2.0, 0.0, 0.0]], "precisionMat": [[0.13613475189572014], [0.14368255522578294], [0.0], [0.0], [0.6106889847379168], [0.0]], "gtPolPoints": [[268.0, 82.0, 335.0, 93.0, 332.0, 164.0, 267.0, 164.0], [344.0, 94.0, 433.0, 112.0, 427.0, 159.0, 336.0, 163.0], [208.0, 191.0, 374.0, 184.0, 371.0, 213.0, 208.0, 241.0], [370.0, 176.0, 420.0, 176.0, 416.0, 204.0, 373.0, 213.0], [1.0, 57.0, 261.0, 76.0, 261.0, 187.0, 0.0, 190.0], [1.0, 208.0, 203.0, 200.0, 203.0, 241.0, 3.0, 294.0]], "detPolPoints": [[5.0, 88.0, 426.0, 93.0, 425.0, 176.0, 4.0, 172.0]], "gtCharPoints": [[[278.5, 123.91666666666667], [300.5, 125.75], [322.5, 127.58333333333334]], [[347.5, 129.08333333333334], [362.5, 130.25], [377.5, 131.41666666666669], [392.5, 132.58333333333334], [407.5, 133.75], [422.5, 134.91666666666669]], [[213.875, 215.375], [225.625, 214.125], [237.375, 212.875], [249.125, 211.625], [260.875, 210.375], [272.625, 209.125], [284.375, 207.875], [296.125, 206.625], [307.875, 205.375], [319.625, 204.125], [331.375, 202.875], [343.125, 201.625], [354.875, 200.375], [366.625, 199.125]], [[383.125, 193.375], [406.375, 191.125]], [[19.107142857142858, 124.07142857142857], [56.32142857142857, 125.21428571428571], [93.53571428571429, 126.35714285714286], [130.75, 127.5], [167.96428571428572, 128.64285714285714], [205.17857142857144, 129.78571428571428], [242.39285714285714, 130.92857142857142]], [[10.375, 249.72916666666666], [27.125, 247.1875], [43.875, 244.64583333333331], [60.625, 242.10416666666666], [77.375, 239.5625], [94.125, 237.02083333333331], [110.875, 234.47916666666666], [127.625, 231.9375], [144.375, 229.39583333333331], [161.125, 226.85416666666666], [177.875, 224.3125], [194.625, 221.77083333333331]]], "gtCharCounts": [[1.0, 1.0, 1.0], [1.0, 1.0, 1.0, 1.0, 1.0, 1.0], [0.0, 0.0, 0.0, 0.0, 0.0, 0.0, 0.0, 0.0, 0.0, 0.0, 0.0, 0.0, 0.0, 0.0], [0.0, 0.0], [1.0, 1.0, 1.0, 1.0, 1.0, 1.0, 1.0], [0.0, 0.0, 0.0, 0.0, 0.0, 0.0, 0.0, 0.0, 0.0, 0.0, 0.0, 0.0]], "gtDontCare": [3], "detDontCare": [], "evaluationParams": {"GT_PATH": "gt/gt_IC15.zip", "SUBMIT_PATH": "result/result_paddleOCR_IC15.zip", "OUTPUT_PATH": "output/", "PORT": 8080, "BOX_TYPE": "QUAD", "TRANSCRIPTION": true, "CONFIDENCES": false, "CRLF": false, "E2E": true, "CASE_SENSITIVE": true, "RS": true, "AREA_PRECISION_CONSTRAINT": 0.5, "GRANULARITY_PENALTY_WEIGHT": 1.0, "VERTICAL_ASPECT_RATIO_THRES": 2.0, "NUM_WORKERS": 2, "GT_SAMPLE_NAME_2_ID": "([0-9]+)", "DET_SAMPLE_NAME_2_ID": "([0-9]+)", "PER_SAMPLE_RESULTS": true}, "evaluationLog": "GT polygons: 6 (1 don't care) \nDET polygons: 1\n\nFind one-to-one matches\nMatch GT #4 with Det #0\nFind one-to-many matches\nFind many-to-one matches\nMatch GT #[0, 1, 4] with Det #0\n<b>Detection | PRECISION\n</b><b>Detection | RECALL\n</b><b># of false positive chars\n</b>0\n=================================\n<b>End-to-End | Recall\n</b><b>End-to-End | Precision\n</b>", "EndtoEnd": {"precision": 0.34782608695652173, "recall": 0.23809523809523808, "hmean": 0.2826855123674911, "recognition_score": 0.43478260869565216}, "end2endMat": [[0.0, 3.0, 0.0], [0.0, 3.0, 0.0], [0.0, 0.0, 0.0], [0.0, 0.0, 0.0], [0.0, 4.0, 0.0], [0.0, 0.0, 0.0], [10.0, 0.0, 0.0], [2.0, 0.0, 0.0]], "gtTrans": ["the", "Future", "Communications", "##", "venting", "ntelligence."], "detTrans": ["lVentingtheFuu,0.877387"], "gtQuery": ["the", "Future", "Communications", "##", "venting", "ntelligence."], "detQuery": ["lVentingtheFuu,0.877387"]}