{"Rawdata": {"det_correct_num_recall": 6.0, "det_correct_num_precision": 6.0, "chars_gt": 20, "chars_det": 6.0, "num_splitted": 0, "num_merged": 0, "num_false_positive": 0, "char_missed": 14, "char_overlapped": 0, "char_false_positive": 0, "e2e_correct_num_recall": 6.0, "e2e_correct_num_precision": 6.0, "chars_recog": 16, "e2e_char_missed": 14.0, "e2e_char_false_positive": 10.0, "e2e_recog_score_chars": 16, "e2e_recog_score_correct_num": 6.0}, "Detection": {"precision": 1.0, "recall": 0.3, "hmean": 0.4615384615384615}, "pairs": [{"gt": [1], "det": [0], "type": "OO"}], "detectionMat": [[0.0, 0.0, 0.0], [6.0, 6.0, 0.0], [0.0, 0.0, 0.0], [0.0, 0.0, 0.0], [0.0, 0.0, 0.0], [0.0, 0.0, 0.0], [0.0, 0.0, 0.0], [0.0, 0.0, 0.0], [0.0, 0.0, 0.0], [6.0, 0.0, 0.0], [0.0, 0.0, 0.0]], "precisionMat": [[0.0], [1.0], [0.0], [0.0], [0.0], [0.0], [0.0], [0.0], [0.0]], "gtPolPoints": [[698.0, 460.0, 736.0, 460.0, 736.0, 490.0, 698.0, 490.0], [1048.0, 359.0, 1163.0, 358.0, 1165.0, 378.0, 1050.0, 379.0], [699.0, 407.0, 736.0, 410.0, 733.0, 426.0, 694.0, 426.0], [717.0, 384.0, 739.0, 384.0, 741.0, 412.0, 720.0, 412.0], [545.0, 355.0, 578.0, 352.0, 579.0, 367.0, 544.0, 367.0], [944.0, 130.0, 1135.0, 2.0, 1195.0, 18.0, 957.0, 163.0], [698.0, 425.0, 734.0, 425.0, 734.0, 439.0, 698.0, 439.0], [687.0, 304.0, 720.0, 283.0, 720.0, 304.0, 687.0, 323.0], [717.0, 351.0, 735.0, 350.0, 735.0, 373.0, 717.0, 373.0]], "detPolPoints": [[1059.0, 363.0, 1144.0, 363.0, 1144.0, 376.0, 1059.0, 376.0]], "gtCharPoints": [[[707.5, 475.0], [726.5, 475.0]], [[1056.1875, 368.9375], [1070.5625, 368.8125], [1084.9375, 368.6875], [1099.3125, 368.5625], [1113.6875, 368.4375], [1128.0625, 368.3125], [1142.4375, 368.1875], [1156.8125, 368.0625]], [[702.8333333333334, 416.75], [715.5, 417.25], [728.1666666666667, 417.75]], [[723.875, 398.0], [734.625, 398.0]], [[550.1666666666666, 360.75], [561.5, 360.25], [572.8333333333333, 359.75]], [[963.90625, 137.96875], [990.71875, 120.90625], [1017.53125, 103.84375], [1044.34375, 86.78125], [1071.15625, 69.71875], [1097.96875, 52.65625], [1124.78125, 35.59375], [1151.59375, 18.53125]], [[702.5, 432.0], [711.5, 432.0], [720.5, 432.0], [729.5, 432.0]], [[695.25, 308.5], [711.75, 298.5]], [[721.5, 361.875], [730.5, 361.625]]], "gtCharCounts": [[0.0, 0.0], [0.0, 1.0, 1.0, 1.0, 1.0, 1.0, 1.0, 0.0], [0.0, 0.0, 0.0], [0.0, 0.0], [0.0, 0.0, 0.0], [0.0, 0.0, 0.0, 0.0, 0.0, 0.0, 0.0, 0.0], [0.0, 0.0, 0.0, 0.0], [0.0, 0.0], [0.0, 0.0]], "gtDontCare": [0, 2, 3, 4, 7, 8], "detDontCare": [], "evaluationParams": {"GT_PATH": "gt/gt_IC15.zip", "SUBMIT_PATH": "result/result_paddleOCR_IC15.zip", "OUTPUT_PATH": "output/", "PORT": 8080, "BOX_TYPE": "QUAD", "TRANSCRIPTION": true, "CONFIDENCES": false, "CRLF": false, "E2E": true, "CASE_SENSITIVE": true, "RS": true, "AREA_PRECISION_CONSTRAINT": 0.5, "GRANULARITY_PENALTY_WEIGHT": 1.0, "VERTICAL_ASPECT_RATIO_THRES": 2.0, "NUM_WORKERS": 2, "GT_SAMPLE_NAME_2_ID": "([0-9]+)", "DET_SAMPLE_NAME_2_ID": "([0-9]+)", "PER_SAMPLE_RESULTS": true}, "evaluationLog": "GT polygons: 9 (6 don't care) \nDET polygons: 1\n\nFind one-to-one matches\nMatch GT #1 with Det #0\nFind one-to-many matches\nFind many-to-one matches\n<b>Detection | PRECISION\n</b><b>Detection | RECALL\n</b><b># of false positive chars\n</b>0\n=================================\n<b>End-to-End | Recall\n</b><b>End-to-End | Precision\n</b>", "EndtoEnd": {"precision": 0.375, "recall": 0.3, "hmean": 0.33333333333333326, "recognition_score": 0.375}, "end2endMat": [[0.0, 0.0, 0.0], [0.0, 6.0, 0.0], [0.0, 0.0, 0.0], [0.0, 0.0, 0.0], [0.0, 0.0, 0.0], [0.0, 0.0, 0.0], [0.0, 0.0, 0.0], [0.0, 0.0, 0.0], [0.0, 0.0, 0.0], [6.0, 0.0, 0.0], [0.0, 0.0, 0.0]], "gtTrans": ["##", "COLDWEAR", "###", "##", "###", "COLDWEAR", "SALE", "##", "##"], "detTrans": ["OLDWEA,0.9594104"], "gtQuery": ["##", "COLDWEAR", "###", "##", "###", "COLDWEAR", "SALE", "##", "##"], "detQuery": ["OLDWEA,0.9594104"]}