{"Rawdata": {"det_correct_num_recall": 8.0, "det_correct_num_precision": 8.0, "chars_gt": 12, "chars_det": 8.0, "num_splitted": 0, "num_merged": 0, "num_false_positive": 0, "char_missed": 4, "char_overlapped": 0, "char_false_positive": 0, "e2e_correct_num_recall": 7.0, "e2e_correct_num_precision": 7.0, "chars_recog": 28, "e2e_char_missed": 5.0, "e2e_char_false_positive": 21.0, "e2e_recog_score_chars": 28, "e2e_recog_score_correct_num": 7.0}, "Detection": {"precision": 1.0, "recall": 0.6666666666666666, "hmean": 0.8}, "pairs": [{"gt": [0], "det": [1], "type": "OO"}, {"gt": [1], "det": [0], "type": "OO"}], "detectionMat": [[0.0, 4.0, 4.0, 0.0], [4.0, 0.0, 4.0, 0.0], [0.0, 0.0, 0.0, 0.0], [4.0, 4.0, 0.0, 0.0], [0.0, 0.0, 0.0, 0.0]], "precisionMat": [[0.0, 0.9982696566998895], [0.7359727131910909, 0.0], [0.0, 0.0]], "gtPolPoints": [[1012.0, 312.0, 1130.0, 318.0, 1133.0, 368.0, 1016.0, 362.0], [1168.0, 165.0, 1237.0, 157.0, 1242.0, 201.0, 1173.0, 208.0], [585.0, 243.0, 606.0, 240.0, 606.0, 268.0, 585.0, 272.0]], "detPolPoints": [[1171.0, 158.0, 1245.0, 158.0, 1245.0, 213.0, 1171.0, 213.0], [1019.0, 318.0, 1131.0, 318.0, 1131.0, 361.0, 1019.0, 361.0]], "gtCharPoints": [[[1028.6875, 337.75], [1058.0625, 339.25], [1087.4375, 340.75], [1116.8125, 342.25]], [[1179.125, 185.5625], [1196.375, 183.6875], [1213.625, 181.8125], [1230.875, 179.9375]], [[587.625, 257.0625], [592.875, 256.1875], [598.125, 255.3125], [603.375, 254.4375]]], "gtCharCounts": [[1.0, 1.0, 1.0, 1.0], [1.0, 1.0, 1.0, 1.0], [0.0, 0.0, 0.0, 0.0]], "gtDontCare": [], "detDontCare": [], "evaluationParams": {"GT_PATH": "gt/gt_IC15.zip", "SUBMIT_PATH": "result/result_paddleOCR_IC15.zip", "OUTPUT_PATH": "output/", "PORT": 8080, "BOX_TYPE": "QUAD", "TRANSCRIPTION": true, "CONFIDENCES": false, "CRLF": false, "E2E": true, "CASE_SENSITIVE": true, "RS": true, "AREA_PRECISION_CONSTRAINT": 0.5, "GRANULARITY_PENALTY_WEIGHT": 1.0, "VERTICAL_ASPECT_RATIO_THRES": 2.0, "NUM_WORKERS": 2, "GT_SAMPLE_NAME_2_ID": "([0-9]+)", "DET_SAMPLE_NAME_2_ID": "([0-9]+)", "PER_SAMPLE_RESULTS": true}, "evaluationLog": "GT polygons: 3 (0 don't care) \nDET polygons: 2\n\nFind one-to-one matches\nMatch GT #0 with Det #1\nMatch GT #1 with Det #0\nFind one-to-many matches\nFind many-to-one matches\n<b>Detection | PRECISION\n</b><b>Detection | RECALL\n</b><b># of false positive chars\n</b>0\n=================================\n<b>End-to-End | Recall\n</b><b>End-to-End | Precision\n</b>", "EndtoEnd": {"precision": 0.25, "recall": 0.5833333333333334, "hmean": 0.35000000000000003, "recognition_score": 0.25}, "end2endMat": [[0.0, 0.0, 4.0, 0.0], [0.0, 0.0, 3.0, 0.0], [0.0, 0.0, 0.0, 0.0], [3.0, 4.0, 0.0, 0.0], [0.0, 0.0, 0.0, 0.0]], "gtTrans": ["SALE", "SALE", "sale"], "detTrans": ["SAE,0.99126977", "SALE,0.9990283"], "gtQuery": ["SALE", "SALE", "sale"], "detQuery": ["SAE,0.99126977", "SALE,0.9990283"]}