{"Rawdata": {"det_correct_num_recall": 15.0, "det_correct_num_precision": 13.0, "chars_gt": 29, "chars_det": 15.0, "num_splitted": 0, "num_merged": 2, "num_false_positive": 0, "char_missed": 14, "char_overlapped": 0, "char_false_positive": 0, "e2e_correct_num_recall": 10.0, "e2e_correct_num_precision": 8.0, "chars_recog": 34, "e2e_char_missed": 19.0, "e2e_char_false_positive": 24.0, "e2e_recog_score_chars": 34, "e2e_recog_score_correct_num": 10.0}, "Detection": {"precision": 0.8666666666666667, "recall": 0.5172413793103449, "hmean": 0.6478405315614619}, "pairs": [{"gt": [1], "det": [0], "type": "OO"}, {"gt": [7], "det": [1], "type": "OO"}, {"gt": [1, 2], "det": [0], "type": "MO"}, {"gt": [7, 8], "det": [1], "type": "MO"}], "detectionMat": [[0.0, 0.0, 0.0, 0.0], [4.0, 0.0, 4.0, 0.0], [3.0, 0.0, 3.0, 0.0], [0.0, 0.0, 0.0, 0.0], [0.0, 0.0, 0.0, 0.0], [0.0, 0.0, 0.0, 0.0], [0.0, 0.0, 0.0, 0.0], [0.0, 4.0, 4.0, 0.0], [0.0, 4.0, 4.0, 0.0], [0.0, 0.0, 0.0, 0.0], [0.0, 0.0, 0.0, 0.0], [7.0, 8.0, 0.0, 0.0], [1.0, 1.0, 0.0, 0.0]], "precisionMat": [[0.0, 0.0], [0.7967384588679838, 0.0], [0.09551052271061493, 0.0], [0.0, 0.0], [0.0, 0.0], [0.02901438281108424, 0.0], [0.0, 0.0], [0.0, 0.5326119695981105], [0.0, 0.3685567741694213], [0.011735596707825835, 0.0], [0.0, 0.0]], "gtPolPoints": [[438.0, 205.0, 490.0, 201.0, 491.0, 216.0, 440.0, 220.0], [508.0, 108.0, 610.0, 103.0, 618.0, 150.0, 516.0, 155.0], [560.0, 153.0, 618.0, 149.0, 618.0, 161.0, 560.0, 165.0], [435.0, 171.0, 488.0, 167.0, 489.0, 184.0, 437.0, 187.0], [488.0, 168.0, 514.0, 167.0, 515.0, 181.0, 490.0, 183.0], [521.0, 154.0, 559.0, 153.0, 559.0, 166.0, 521.0, 167.0], [492.0, 199.0, 536.0, 197.0, 537.0, 213.0, 493.0, 214.0], [745.0, 426.0, 809.0, 408.0, 812.0, 436.0, 748.0, 454.0], [808.0, 406.0, 853.0, 393.0, 858.0, 420.0, 813.0, 434.0], [516.0, 95.0, 533.0, 94.0, 534.0, 105.0, 516.0, 106.0], [887.0, 248.0, 913.0, 245.0, 914.0, 259.0, 888.0, 262.0]], "detPolPoints": [[517.0, 101.0, 621.0, 107.0, 618.0, 162.0, 514.0, 157.0], [740.0, 424.0, 850.0, 395.0, 857.0, 423.0, 748.0, 452.0]], "gtCharPoints": [[[444.15, 212.1], [454.45, 211.29999999999998], [464.75, 210.5], [475.04999999999995, 209.7], [485.34999999999997, 208.9]], [[524.75, 130.875], [550.25, 129.625], [575.75, 128.375], [601.25, 127.125]], [[569.6666666666666, 158.33333333333334], [589.0, 157.0], [608.3333333333333, 155.66666666666669]], [[441.25, 178.65], [451.75, 177.95000000000002], [462.25, 177.25], [472.75, 176.55], [483.25, 175.85]], [[495.375, 175.125], [508.125, 174.375]], [[527.3333333333334, 160.33333333333334], [540.0, 160.0], [552.6666666666667, 159.66666666666669]], [[498.0, 206.3125], [509.0, 205.9375], [520.0, 205.5625], [531.0, 205.1875]], [[754.5, 437.75], [770.5, 433.25], [786.5, 428.75], [802.5, 424.25]], [[816.125, 418.3125], [827.375, 414.9375], [838.625, 411.5625], [849.875, 408.1875]], [[520.375, 100.25], [529.125, 99.75]], [[894.0, 254.25], [907.0, 252.75]]], "gtCharCounts": [[0.0, 0.0, 0.0, 0.0, 0.0], [1.0, 1.0, 1.0, 1.0], [1.0, 1.0, 1.0], [0.0, 0.0, 0.0, 0.0, 0.0], [0.0, 0.0], [0.0, 0.0, 0.0], [0.0, 0.0, 0.0, 0.0], [1.0, 1.0, 1.0, 1.0], [1.0, 1.0, 1.0, 1.0], [0.0, 0.0], [0.0, 0.0]], "gtDontCare": [4, 5, 9, 10], "detDontCare": [], "evaluationParams": {"GT_PATH": "gt/gt_IC15.zip", "SUBMIT_PATH": "result/result_paddleOCR_IC15.zip", "OUTPUT_PATH": "output/", "PORT": 8080, "BOX_TYPE": "QUAD", "TRANSCRIPTION": true, "CONFIDENCES": false, "CRLF": false, "E2E": true, "CASE_SENSITIVE": true, "RS": true, "AREA_PRECISION_CONSTRAINT": 0.5, "GRANULARITY_PENALTY_WEIGHT": 1.0, "VERTICAL_ASPECT_RATIO_THRES": 2.0, "NUM_WORKERS": 2, "GT_SAMPLE_NAME_2_ID": "([0-9]+)", "DET_SAMPLE_NAME_2_ID": "([0-9]+)", "PER_SAMPLE_RESULTS": true}, "evaluationLog": "GT polygons: 11 (4 don't care) \nDET polygons: 2\n\nFind one-to-one matches\nMatch GT #1 with Det #0\nMatch GT #7 with Det #1\nFind one-to-many matches\nFind many-to-one matches\nMatch GT #[1, 2] with Det #0\nMatch GT #[7, 8] with Det #1\n<b>Detection | PRECISION\n</b><b>Detection | RECALL\n</b><b># of false positive chars\n</b>0\n=================================\n<b>End-to-End | Recall\n</b><b>End-to-End | Precision\n</b>", "EndtoEnd": {"precision": 0.23529411764705882, "recall": 0.3448275862068966, "hmean": 0.2797202797202797, "recognition_score": 0.29411764705882354}, "end2endMat": [[0.0, 0.0, 0.0, 0.0], [0.0, 0.0, 2.0, 0.0], [0.0, 0.0, 0.0, 0.0], [0.0, 0.0, 0.0, 0.0], [0.0, 0.0, 0.0, 0.0], [0.0, 0.0, 0.0, 0.0], [0.0, 0.0, 0.0, 0.0], [0.0, 0.0, 4.0, 0.0], [0.0, 0.0, 4.0, 0.0], [0.0, 0.0, 0.0, 0.0], [0.0, 0.0, 0.0, 0.0], [2.0, 8.0, 0.0, 0.0], [1.0, 1.0, 0.0, 0.0]], "gtTrans": ["EBATE", "SALE", "GIO", "ENJOY", "##", "###", "HERE", "OCBC", "Bank", "##", "##"], "detTrans": ["SREE,0.61448884", "OCBCBank,0.98993397"], "gtQuery": ["EBATE", "SALE", "GIO", "ENJOY", "##", "###", "HERE", "OCBC", "Bank", "##", "##"], "detQuery": ["SREE,0.61448884", "OCBCBank,0.98993397"]}