{"Rawdata": {"det_correct_num_recall": 12.0, "det_correct_num_precision": 11.0, "chars_gt": 18, "chars_det": 12.0, "num_splitted": 0, "num_merged": 1, "num_false_positive": 0, "char_missed": 6, "char_overlapped": 0, "char_false_positive": 0, "e2e_correct_num_recall": 7.0, "e2e_correct_num_precision": 6.0, "chars_recog": 33, "e2e_char_missed": 11.0, "e2e_char_false_positive": 26.0, "e2e_recog_score_chars": 33, "e2e_recog_score_correct_num": 7.0}, "Detection": {"precision": 0.9166666666666666, "recall": 0.6666666666666666, "hmean": 0.7719298245614035}, "pairs": [{"gt": [0], "det": [0], "type": "OO"}, {"gt": [2], "det": [1], "type": "OO"}, {"gt": [0, 1], "det": [0], "type": "MO"}], "detectionMat": [[4.0, 0.0, 4.0, 0.0], [6.0, 0.0, 6.0, 0.0], [0.0, 2.0, 2.0, 0.0], [0.0, 0.0, 0.0, 0.0], [0.0, 0.0, 0.0, 0.0], [0.0, 0.0, 0.0, 0.0], [0.0, 0.0, 0.0, 0.0], [0.0, 0.0, 0.0, 0.0], [0.0, 0.0, 0.0, 0.0], [0.0, 0.0, 0.0, 0.0], [0.0, 0.0, 0.0, 0.0], [0.0, 0.0, 0.0, 0.0], [0.0, 0.0, 0.0, 0.0], [10.0, 2.0, 0.0, 0.0], [1.0, 0.0, 0.0, 0.0]], "precisionMat": [[0.5859435102750953, 0.0], [0.3019928465061455, 0.0], [0.0, 1.0], [0.0, 0.0], [0.0, 0.0], [0.0, 0.0], [0.0, 0.0], [0.0, 0.0], [0.0, 0.0], [0.0, 0.0], [0.0, 0.0], [0.0, 0.0], [0.0, 0.0]], "gtPolPoints": [[0.0, 154.0, 116.0, 179.0, 113.0, 214.0, 0.0, 196.0], [118.0, 183.0, 189.0, 198.0, 186.0, 227.0, 114.0, 212.0], [449.0, 208.0, 491.0, 214.0, 489.0, 241.0, 447.0, 235.0], [490.0, 251.0, 552.0, 258.0, 552.0, 278.0, 490.0, 271.0], [1042.0, 244.0, 1240.0, 219.0, 1257.0, 409.0, 1047.0, 373.0], [1044.0, 115.0, 1107.0, 90.0, 1111.0, 141.0, 1049.0, 166.0], [1031.0, 163.0, 1106.0, 140.0, 1110.0, 192.0, 1036.0, 215.0], [1025.0, 194.0, 1161.0, 170.0, 1175.0, 234.0, 1039.0, 259.0], [1069.0, 488.0, 1260.0, 581.0, 1256.0, 637.0, 1074.0, 537.0], [1100.0, 554.0, 1227.0, 628.0, 1220.0, 670.0, 1094.0, 596.0], [928.0, 237.0, 1005.0, 223.0, 1007.0, 250.0, 929.0, 264.0], [316.0, 280.0, 379.0, 278.0, 379.0, 294.0, 316.0, 296.0], [391.0, 330.0, 442.0, 328.0, 443.0, 341.0, 392.0, 344.0]], "detPolPoints": [[7.0, 158.0, 194.0, 190.0, 188.0, 225.0, 1.0, 194.0], [458.0, 211.0, 484.0, 217.0, 480.0, 234.0, 454.0, 228.0]], "gtCharPoints": [[[14.3125, 177.6875], [42.9375, 183.0625], [71.5625, 188.4375], [100.1875, 193.8125]], [[121.95833333333333, 198.75], [133.875, 201.25], [145.79166666666666, 203.75], [157.70833333333331, 206.25], [169.625, 208.75], [181.54166666666666, 211.25]], [[453.25, 222.25], [463.75, 223.75], [474.25, 225.25], [484.75, 226.75]], [[497.75, 261.875], [513.25, 263.625], [528.75, 265.375], [544.25, 267.125]], [[1070.0, 309.1875], [1121.0, 310.5625], [1172.0, 311.9375], [1223.0, 313.3125]], [[1062.125, 134.25], [1093.375, 121.75]], [[1052.125, 183.25], [1089.375, 171.75]], [[1054.6666666666667, 222.41666666666666], [1100.0, 214.25], [1145.3333333333335, 206.08333333333331]], [[1094.8125, 524.5625], [1141.4375, 548.6875], [1188.0625, 572.8125], [1234.6875, 596.9375]], [[1112.8125, 584.25], [1144.4375, 602.75], [1176.0625, 621.25], [1207.6875, 639.75]], [[941.4166666666666, 248.16666666666666], [967.25, 243.5], [993.0833333333333, 238.83333333333331]], [[323.875, 287.75], [339.625, 287.25], [355.375, 286.75], [371.125, 286.25]], [[397.875, 336.6875], [410.625, 336.0625], [423.375, 335.4375], [436.125, 334.8125]]], "gtCharCounts": [[1.0, 1.0, 1.0, 1.0], [1.0, 1.0, 1.0, 1.0, 1.0, 1.0], [0.0, 1.0, 1.0, 0.0], [0.0, 0.0, 0.0, 0.0], [0.0, 0.0, 0.0, 0.0], [0.0, 0.0], [0.0, 0.0], [0.0, 0.0, 0.0], [0.0, 0.0, 0.0, 0.0], [0.0, 0.0, 0.0, 0.0], [0.0, 0.0, 0.0], [0.0, 0.0, 0.0, 0.0], [0.0, 0.0, 0.0, 0.0]], "gtDontCare": [3, 5, 6, 7, 8, 9, 10, 11, 12], "detDontCare": [], "evaluationParams": {"GT_PATH": "gt/gt_IC15.zip", "SUBMIT_PATH": "result/result_paddleOCR_IC15.zip", "OUTPUT_PATH": "output/", "PORT": 8080, "BOX_TYPE": "QUAD", "TRANSCRIPTION": true, "CONFIDENCES": false, "CRLF": false, "E2E": true, "CASE_SENSITIVE": true, "RS": true, "AREA_PRECISION_CONSTRAINT": 0.5, "GRANULARITY_PENALTY_WEIGHT": 1.0, "VERTICAL_ASPECT_RATIO_THRES": 2.0, "NUM_WORKERS": 2, "GT_SAMPLE_NAME_2_ID": "([0-9]+)", "DET_SAMPLE_NAME_2_ID": "([0-9]+)", "PER_SAMPLE_RESULTS": true}, "evaluationLog": "GT polygons: 13 (9 don't care) \nDET polygons: 2\n\nFind one-to-one matches\nMatch GT #0 with Det #0\nMatch GT #2 with Det #1\nFind one-to-many matches\nFind many-to-one matches\nMatch GT #[0, 1] with Det #0\n<b>Detection | PRECISION\n</b><b>Detection | RECALL\n</b><b># of false positive chars\n</b>0\n=================================\n<b>End-to-End | Recall\n</b><b>End-to-End | Precision\n</b>", "EndtoEnd": {"precision": 0.18181818181818182, "recall": 0.3888888888888889, "hmean": 0.24778761061946902, "recognition_score": 0.21212121212121213}, "end2endMat": [[0.0, 0.0, 2.0, 0.0], [0.0, 0.0, 5.0, 0.0], [0.0, 0.0, 0.0, 0.0], [0.0, 0.0, 0.0, 0.0], [0.0, 0.0, 0.0, 0.0], [0.0, 0.0, 0.0, 0.0], [0.0, 0.0, 0.0, 0.0], [0.0, 0.0, 0.0, 0.0], [0.0, 0.0, 0.0, 0.0], [0.0, 0.0, 0.0, 0.0], [0.0, 0.0, 0.0, 0.0], [0.0, 0.0, 0.0, 0.0], [0.0, 0.0, 0.0, 0.0], [7.0, 0.0, 0.0, 0.0], [1.0, 0.0, 0.0, 0.0]], "gtTrans": ["evis", "LADY'S", "ecco", "####", "SALE", "##", "##", "###", "####", "####", "###", "####", "####"], "detTrans": ["eyuseLADYS,0.820609", "200,0.62451845"], "gtQuery": ["evis", "LADY'S", "ecco", "####", "SALE", "##", "##", "###", "####", "####", "###", "####", "####"], "detQuery": ["eyuseLADYS,0.820609", "200,0.62451845"]}