{"Rawdata": {"det_correct_num_recall": 11.0, "det_correct_num_precision": 10.0, "chars_gt": 23, "chars_det": 11.0, "num_splitted": 0, "num_merged": 1, "num_false_positive": 0, "char_missed": 12, "char_overlapped": 0, "char_false_positive": 0, "e2e_correct_num_recall": 3.0, "e2e_correct_num_precision": 2.0, "chars_recog": 17, "e2e_char_missed": 20.0, "e2e_char_false_positive": 14.0, "e2e_recog_score_chars": 17, "e2e_recog_score_correct_num": 3.0}, "Detection": {"precision": 0.9090909090909091, "recall": 0.4782608695652174, "hmean": 0.6267806267806267}, "pairs": [{"gt": [0], "det": [0], "type": "OO"}, {"gt": [0, 1], "det": [0], "type": "MO"}], "detectionMat": [[5.0, 5.0, 0.0], [6.0, 6.0, 0.0], [0.0, 0.0, 0.0], [0.0, 0.0, 0.0], [0.0, 0.0, 0.0], [0.0, 0.0, 0.0], [11.0, 0.0, 0.0], [1.0, 0.0, 0.0]], "precisionMat": [[0.5766072292631925], [0.3371952280980965], [0.0], [0.0], [0.0], [0.0]], "gtPolPoints": [[88.0, 74.0, 182.0, 115.0, 177.0, 165.0, 91.0, 127.0], [182.0, 119.0, 241.0, 147.0, 246.0, 188.0, 178.0, 168.0], [735.0, 161.0, 814.0, 91.0, 840.0, 136.0, 746.0, 188.0], [907.0, 107.0, 947.0, 104.0, 946.0, 123.0, 909.0, 126.0], [485.0, 262.0, 522.0, 261.0, 523.0, 272.0, 486.0, 273.0], [593.0, 249.0, 627.0, 249.0, 628.0, 260.0, 593.0, 262.0]], "detPolPoints": [[100.0, 79.0, 249.0, 143.0, 231.0, 186.0, 81.0, 122.0]], "gtCharPoints": [[[98.5, 104.45], [116.5, 112.35000000000001], [134.5, 120.25], [152.5, 128.15], [170.5, 136.05]], [[185.29166666666666, 145.5], [195.875, 149.5], [206.45833333333331, 153.5], [217.04166666666666, 157.5], [227.625, 161.5], [238.20833333333331, 165.5]], [[745.90625, 170.6875], [756.71875, 163.0625], [767.53125, 155.4375], [778.34375, 147.8125], [789.15625, 140.1875], [799.96875, 132.5625], [810.78125, 124.9375], [821.59375, 117.3125]], [[912.8125, 116.125], [922.4375, 115.375], [932.0625, 114.625], [941.6875, 113.875]], [[490.125, 267.375], [499.375, 267.125], [508.625, 266.875], [517.875, 266.625]], [[598.75, 255.33333333333334], [610.25, 255.0], [621.75, 254.66666666666669]]], "gtCharCounts": [[1.0, 1.0, 1.0, 1.0, 1.0], [1.0, 1.0, 1.0, 1.0, 1.0, 1.0], [0.0, 0.0, 0.0, 0.0, 0.0, 0.0, 0.0, 0.0], [0.0, 0.0, 0.0, 0.0], [0.0, 0.0, 0.0, 0.0], [0.0, 0.0, 0.0]], "gtDontCare": [4, 5], "detDontCare": [], "evaluationParams": {"GT_PATH": "gt/gt_IC15.zip", "SUBMIT_PATH": "result/result_paddleOCR_IC15.zip", "OUTPUT_PATH": "output/", "PORT": 8080, "BOX_TYPE": "QUAD", "TRANSCRIPTION": true, "CONFIDENCES": false, "CRLF": false, "E2E": true, "CASE_SENSITIVE": true, "RS": true, "AREA_PRECISION_CONSTRAINT": 0.5, "GRANULARITY_PENALTY_WEIGHT": 1.0, "VERTICAL_ASPECT_RATIO_THRES": 2.0, "NUM_WORKERS": 2, "GT_SAMPLE_NAME_2_ID": "([0-9]+)", "DET_SAMPLE_NAME_2_ID": "([0-9]+)", "PER_SAMPLE_RESULTS": true}, "evaluationLog": "GT polygons: 6 (2 don't care) \nDET polygons: 1\n\nFind one-to-one matches\nMatch GT #0 with Det #0\nFind one-to-many matches\nFind many-to-one matches\nMatch GT #[0, 1] with Det #0\n<b>Detection | PRECISION\n</b><b>Detection | RECALL\n</b><b># of false positive chars\n</b>0\n=================================\n<b>End-to-End | Recall\n</b><b>End-to-End | Precision\n</b>", "EndtoEnd": {"precision": 0.11764705882352941, "recall": 0.13043478260869565, "hmean": 0.12371134020618556, "recognition_score": 0.17647058823529413}, "end2endMat": [[0.0, 2.0, 0.0], [0.0, 1.0, 0.0], [0.0, 0.0, 0.0], [0.0, 0.0, 0.0], [0.0, 0.0, 0.0], [0.0, 0.0, 0.0], [3.0, 0.0, 0.0], [1.0, 0.0, 0.0]], "gtTrans": ["BRAUN", "BUFFEL", "GIORDANO", "EXIT", "####", "###"], "detTrans": ["GRARGOF,0.7172281"], "gtQuery": ["BRAUN", "BUFFEL", "GIORDANO", "EXIT", "####", "###"], "detQuery": ["GRARGOF,0.7172281"]}