{"Rawdata": {"det_correct_num_recall": 9.0, "det_correct_num_precision": 9.0, "chars_gt": 13, "chars_det": 9.0, "num_splitted": 0, "num_merged": 0, "num_false_positive": 0, "char_missed": 4, "char_overlapped": 0, "char_false_positive": 0, "e2e_correct_num_recall": 10.0, "e2e_correct_num_precision": 10.0, "chars_recog": 30, "e2e_char_missed": 3.0, "e2e_char_false_positive": 20.0, "e2e_recog_score_chars": 30, "e2e_recog_score_correct_num": 10.0}, "Detection": {"precision": 1.0, "recall": 0.6923076923076923, "hmean": 0.8181818181818181}, "pairs": [{"gt": [0], "det": [0], "type": "OO"}, {"gt": [1], "det": [1], "type": "OO"}], "detectionMat": [[3.0, 0.0, 3.0, 0.0], [0.0, 6.0, 6.0, 0.0], [3.0, 6.0, 0.0, 0.0], [0.0, 0.0, 0.0, 0.0]], "precisionMat": [[0.9442535778727782, 0.0], [0.0, 1.0]], "gtPolPoints": [[459.0, 168.0, 528.0, 165.0, 534.0, 195.0, 456.0, 200.0], [450.0, 209.0, 540.0, 199.0, 543.0, 220.0, 451.0, 226.0]], "detPolPoints": [[458.0, 171.0, 527.0, 160.0, 531.0, 189.0, 463.0, 200.0], [476.0, 208.0, 534.0, 206.0, 535.0, 217.0, 476.0, 218.0]], "gtCharPoints": [[[469.75, 183.33333333333334], [494.25, 182.0], [518.75, 180.66666666666669]], [[455.05, 217.1], [464.15000000000003, 216.29999999999998], [473.25, 215.5], [482.35, 214.7], [491.45, 213.9], [500.55, 213.1], [509.65, 212.29999999999998], [518.75, 211.5], [527.85, 210.7], [536.95, 209.9]]], "gtCharCounts": [[1.0, 1.0, 1.0], [0.0, 0.0, 0.0, 1.0, 1.0, 1.0, 1.0, 1.0, 1.0, 0.0]], "gtDontCare": [], "detDontCare": [], "evaluationParams": {"GT_PATH": "gt/gt_IC15.zip", "SUBMIT_PATH": "result/result_paddleOCR_IC15.zip", "OUTPUT_PATH": "output/", "PORT": 8080, "BOX_TYPE": "QUAD", "TRANSCRIPTION": true, "CONFIDENCES": false, "CRLF": false, "E2E": true, "CASE_SENSITIVE": true, "RS": true, "AREA_PRECISION_CONSTRAINT": 0.5, "GRANULARITY_PENALTY_WEIGHT": 1.0, "VERTICAL_ASPECT_RATIO_THRES": 2.0, "NUM_WORKERS": 2, "GT_SAMPLE_NAME_2_ID": "([0-9]+)", "DET_SAMPLE_NAME_2_ID": "([0-9]+)", "PER_SAMPLE_RESULTS": true}, "evaluationLog": "GT polygons: 2 (0 don't care) \nDET polygons: 2\n\nFind one-to-one matches\nMatch GT #0 with Det #0\nMatch GT #1 with Det #1\nFind one-to-many matches\nFind many-to-one matches\n<b>Detection | PRECISION\n</b><b>Detection | RECALL\n</b><b># of false positive chars\n</b>0\n=================================\n<b>End-to-End | Recall\n</b><b>End-to-End | Precision\n</b>", "EndtoEnd": {"precision": 0.3333333333333333, "recall": 0.7692307692307693, "hmean": 0.4651162790697674, "recognition_score": 0.3333333333333333}, "end2endMat": [[0.0, 0.0, 3.0, 0.0], [0.0, 0.0, 7.0, 0.0], [3.0, 7.0, 0.0, 0.0], [0.0, 0.0, 0.0, 0.0]], "gtTrans": ["MPH", "BOOKSTORES"], "detTrans": ["MPH,0.9984005", "OKSTORE,0.7979331"], "gtQuery": ["MPH", "BOOKSTORES"], "detQuery": ["MPH,0.9984005", "OKSTORE,0.7979331"]}