{"Rawdata": {"det_correct_num_recall": 0.0, "det_correct_num_precision": 0.0, "chars_gt": 10, "chars_det": 0, "num_splitted": 0, "num_merged": 0, "num_false_positive": 0, "char_missed": 10, "char_overlapped": 0, "char_false_positive": 0, "e2e_correct_num_recall": 0.0, "e2e_correct_num_precision": 0.0, "chars_recog": 0, "e2e_char_missed": 10.0, "e2e_char_false_positive": 0.0, "e2e_recog_score_chars": 0, "e2e_recog_score_correct_num": 0.0}, "Detection": {"precision": 0.0, "recall": 0.0, "hmean": 0}, "pairs": [], "detectionMat": [[0.0, 0.0], [0.0, 0.0], [0.0, 0.0], [0.0, 0.0], [0.0, 0.0], [0.0, 0.0], [0.0, 0.0], [0.0, 0.0], [0.0, 0.0], [0.0, 0.0], [0.0, 0.0]], "precisionMat": [[], [], [], [], [], [], [], [], []], "gtPolPoints": [[365.0, 174.0, 411.0, 147.0, 413.0, 178.0, 366.0, 203.0], [507.0, 60.0, 575.0, 26.0, 585.0, 61.0, 517.0, 105.0], [575.0, 15.0, 588.0, 1.0, 603.0, 41.0, 580.0, 66.0], [588.0, 0.0, 656.0, 0.0, 663.0, 19.0, 599.0, 59.0], [136.0, 191.0, 146.0, 193.0, 146.0, 205.0, 137.0, 203.0], [766.0, 311.0, 878.0, 317.0, 876.0, 335.0, 764.0, 328.0], [767.0, 327.0, 881.0, 336.0, 880.0, 353.0, 766.0, 344.0], [1112.0, 139.0, 1190.0, 141.0, 1195.0, 187.0, 1117.0, 186.0], [949.0, 275.0, 1003.0, 270.0, 1007.0, 300.0, 953.0, 305.0]], "detPolPoints": [], "gtCharPoints": [[[368.82142857142856, 186.64285714285714], [375.4642857142857, 182.92857142857142], [382.10714285714283, 179.21428571428572], [388.75, 175.5], [395.3928571428571, 171.78571428571428], [402.0357142857143, 168.07142857142856], [408.67857142857144, 164.35714285714286]], [[529.0, 72.75], [563.0, 53.25]], [[582.0, 35.625], [591.0, 25.875]], [[610.0, 24.5], [643.0, 14.5]], [[138.875, 197.5], [143.625, 198.5]], [[783.6666666666666, 320.5833333333333], [821.0, 322.75], [858.3333333333333, 324.91666666666663]], [[774.6428571428571, 336.14285714285717], [790.9285714285714, 337.42857142857144], [807.2142857142857, 338.7142857142857], [823.5, 340.0], [839.7857142857142, 341.28571428571433], [856.0714285714286, 342.5714285714286], [872.3571428571428, 343.8571428571429]], [[1134.0, 162.875], [1173.0, 163.625]], [[964.5, 288.75], [991.5, 286.25]]], "gtCharCounts": [0.0, 0.0, 0.0, 0.0, 0.0, 0.0, 0.0, 0.0, 0.0], "gtDontCare": [1, 2, 3, 4, 6, 7, 8], "detDontCare": [], "evaluationParams": {"GT_PATH": "gt/gt_IC15.zip", "SUBMIT_PATH": "result/result_paddleOCR_IC15.zip", "OUTPUT_PATH": "output/", "PORT": 8080, "BOX_TYPE": "QUAD", "TRANSCRIPTION": true, "CONFIDENCES": false, "CRLF": false, "E2E": true, "CASE_SENSITIVE": true, "RS": true, "AREA_PRECISION_CONSTRAINT": 0.5, "GRANULARITY_PENALTY_WEIGHT": 1.0, "VERTICAL_ASPECT_RATIO_THRES": 2.0, "NUM_WORKERS": 2, "GT_SAMPLE_NAME_2_ID": "([0-9]+)", "DET_SAMPLE_NAME_2_ID": "([0-9]+)", "PER_SAMPLE_RESULTS": true}, "evaluationLog": "GT polygons: 9 (7 don't care) \nDET polygons: 0\n\nFind one-to-one matches\nFind one-to-many matches\nFind many-to-one matches\n<b>Detection | PRECISION\n</b><b>Detection | RECALL\n</b><b># of false positive chars\n</b>0\n=================================\n<b>End-to-End | Recall\n</b><b>End-to-End | Precision\n</b>", "EndtoEnd": {"precision": 0.0, "recall": 0.0, "hmean": 0, "recognition_score": 0.0}, "end2endMat": [[0.0, 0.0], [0.0, 0.0], [0.0, 0.0], [0.0, 0.0], [0.0, 0.0], [0.0, 0.0], [0.0, 0.0], [0.0, 0.0], [0.0, 0.0], [0.0, 0.0], [0.0, 0.0]], "gtTrans": ["SEPHORA", "##", "##", "##", "##", "Tvo", "#######", "##", "##"], "detTrans": [], "gtQuery": ["SEPHORA", "##", "##", "##", "##", "Tvo", "#######", "##", "##"], "detQuery": []}