{"Rawdata": {"det_correct_num_recall": 0.0, "det_correct_num_precision": 0.0, "chars_gt": 9, "chars_det": 0, "num_splitted": 0, "num_merged": 0, "num_false_positive": 0, "char_missed": 9, "char_overlapped": 0, "char_false_positive": 0, "e2e_correct_num_recall": 0.0, "e2e_correct_num_precision": 0.0, "chars_recog": 0, "e2e_char_missed": 9.0, "e2e_char_false_positive": 0.0, "e2e_recog_score_chars": 0, "e2e_recog_score_correct_num": 0.0}, "Detection": {"precision": 0.0, "recall": 0.0, "hmean": 0}, "pairs": [], "detectionMat": [[0.0, 0.0], [0.0, 0.0], [0.0, 0.0], [0.0, 0.0], [0.0, 0.0], [0.0, 0.0], [0.0, 0.0], [0.0, 0.0], [0.0, 0.0], [0.0, 0.0]], "precisionMat": [[], [], [], [], [], [], [], []], "gtPolPoints": [[854.0, 89.0, 967.0, 74.0, 969.0, 108.0, 854.0, 124.0], [861.0, 123.0, 959.0, 109.0, 960.0, 144.0, 864.0, 152.0], [858.0, 166.0, 907.0, 162.0, 907.0, 187.0, 859.0, 191.0], [911.0, 163.0, 974.0, 155.0, 978.0, 182.0, 907.0, 190.0], [852.0, 190.0, 905.0, 184.0, 903.0, 212.0, 852.0, 217.0], [905.0, 187.0, 982.0, 177.0, 982.0, 205.0, 903.0, 211.0], [699.0, 90.0, 728.0, 86.0, 727.0, 101.0, 695.0, 110.0], [725.0, 76.0, 812.0, 68.0, 822.0, 95.0, 727.0, 104.0]], "detPolPoints": [], "gtCharPoints": [[[865.4, 104.95], [888.1999999999999, 101.85000000000001], [911.0, 98.75], [933.8, 95.65], [956.6, 92.55]], [[874.625, 136.125], [898.875, 133.375], [923.125, 130.625], [947.375, 127.875]], [[870.625, 177.5], [894.875, 175.5]], [[920.1666666666666, 175.16666666666666], [942.5, 172.5], [964.8333333333333, 169.83333333333331]], [[865.0, 202.125], [891.0, 199.375]], [[913.75, 198.0], [933.25, 196.0], [952.75, 194.0], [972.25, 192.0]], [[704.625, 98.375], [719.875, 95.125]], [[737.375, 88.9375], [760.125, 86.8125], [782.875, 84.6875], [805.625, 82.5625]]], "gtCharCounts": [0.0, 0.0, 0.0, 0.0, 0.0, 0.0, 0.0, 0.0], "gtDontCare": [2, 3, 4, 5, 6, 7], "detDontCare": [], "evaluationParams": {"GT_PATH": "gt/gt_IC15.zip", "SUBMIT_PATH": "result/result_paddleOCR_IC15.zip", "OUTPUT_PATH": "output/", "PORT": 8080, "BOX_TYPE": "QUAD", "TRANSCRIPTION": true, "CONFIDENCES": false, "CRLF": false, "E2E": true, "CASE_SENSITIVE": true, "RS": true, "AREA_PRECISION_CONSTRAINT": 0.5, "GRANULARITY_PENALTY_WEIGHT": 1.0, "VERTICAL_ASPECT_RATIO_THRES": 2.0, "NUM_WORKERS": 2, "GT_SAMPLE_NAME_2_ID": "([0-9]+)", "DET_SAMPLE_NAME_2_ID": "([0-9]+)", "PER_SAMPLE_RESULTS": true}, "evaluationLog": "GT polygons: 8 (6 don't care) \nDET polygons: 0\n\nFind one-to-one matches\nFind one-to-many matches\nFind many-to-one matches\n<b>Detection | PRECISION\n</b><b>Detection | RECALL\n</b><b># of false positive chars\n</b>0\n=================================\n<b>End-to-End | Recall\n</b><b>End-to-End | Precision\n</b>", "EndtoEnd": {"precision": 0.0, "recall": 0.0, "hmean": 0, "recognition_score": 0.0}, "end2endMat": [[0.0, 0.0], [0.0, 0.0], [0.0, 0.0], [0.0, 0.0], [0.0, 0.0], [0.0, 0.0], [0.0, 0.0], [0.0, 0.0], [0.0, 0.0], [0.0, 0.0]], "gtTrans": ["HAPPY", "HOUR", "##", "###", "##", "####", "##", "####"], "detTrans": [], "gtQuery": ["HAPPY", "HOUR", "##", "###", "##", "####", "##", "####"], "detQuery": []}