{"Rawdata": {"det_correct_num_recall": 0.0, "det_correct_num_precision": 0.0, "chars_gt": 16, "chars_det": 0, "num_splitted": 0, "num_merged": 0, "num_false_positive": 0, "char_missed": 16, "char_overlapped": 0, "char_false_positive": 0, "e2e_correct_num_recall": 0.0, "e2e_correct_num_precision": 0.0, "chars_recog": 0, "e2e_char_missed": 16.0, "e2e_char_false_positive": 0.0, "e2e_recog_score_chars": 0, "e2e_recog_score_correct_num": 0.0}, "Detection": {"precision": 0.0, "recall": 0.0, "hmean": 0}, "pairs": [], "detectionMat": [[0.0, 0.0], [0.0, 0.0], [0.0, 0.0], [0.0, 0.0], [0.0, 0.0], [0.0, 0.0], [0.0, 0.0], [0.0, 0.0], [0.0, 0.0], [0.0, 0.0]], "precisionMat": [[], [], [], [], [], [], [], []], "gtPolPoints": [[291.0, 313.0, 318.0, 311.0, 320.0, 323.0, 293.0, 325.0], [267.0, 325.0, 318.0, 322.0, 320.0, 334.0, 269.0, 336.0], [251.0, 337.0, 320.0, 334.0, 322.0, 354.0, 254.0, 357.0], [282.0, 358.0, 321.0, 356.0, 324.0, 378.0, 285.0, 380.0], [1003.0, 409.0, 1050.0, 435.0, 1044.0, 461.0, 1000.0, 425.0], [996.0, 426.0, 1047.0, 460.0, 1045.0, 482.0, 1002.0, 446.0], [632.0, 588.0, 657.0, 589.0, 660.0, 617.0, 627.0, 619.0], [696.0, 588.0, 723.0, 588.0, 727.0, 616.0, 699.0, 617.0]], "detPolPoints": [], "gtCharPoints": [[[296.5, 318.6666666666667], [305.5, 318.0], [314.5, 317.33333333333337]], [[272.25, 330.2916666666667], [280.75, 329.875], [289.25, 329.45833333333337], [297.75, 329.0416666666667], [306.25, 328.625], [314.75, 328.20833333333337]], [[261.0625, 346.625], [278.1875, 345.875], [295.3125, 345.125], [312.4375, 344.375]], [[290.0, 368.6666666666667], [303.0, 368.0], [316.0, 367.33333333333337]], [[1009.0833333333334, 422.1666666666667], [1024.25, 432.5], [1039.4166666666667, 442.83333333333337]], [[1006.8333333333334, 441.8333333333333], [1022.5, 453.5], [1038.1666666666667, 465.16666666666663]], [[636.75, 603.375], [651.25, 603.125]], [[704.375, 602.375], [718.125, 602.125]]], "gtCharCounts": [0.0, 0.0, 0.0, 0.0, 0.0, 0.0, 0.0, 0.0], "gtDontCare": [4, 5, 6, 7], "detDontCare": [], "evaluationParams": {"GT_PATH": "gt/gt_IC15.zip", "SUBMIT_PATH": "result/result_paddleOCR_IC15.zip", "OUTPUT_PATH": "output/", "PORT": 8080, "BOX_TYPE": "QUAD", "TRANSCRIPTION": true, "CONFIDENCES": false, "CRLF": false, "E2E": true, "CASE_SENSITIVE": true, "RS": true, "AREA_PRECISION_CONSTRAINT": 0.5, "GRANULARITY_PENALTY_WEIGHT": 1.0, "VERTICAL_ASPECT_RATIO_THRES": 2.0, "NUM_WORKERS": 2, "GT_SAMPLE_NAME_2_ID": "([0-9]+)", "DET_SAMPLE_NAME_2_ID": "([0-9]+)", "PER_SAMPLE_RESULTS": true}, "evaluationLog": "GT polygons: 8 (4 don't care) \nDET polygons: 0\n\nFind one-to-one matches\nFind one-to-many matches\nFind many-to-one matches\n<b>Detection | PRECISION\n</b><b>Detection | RECALL\n</b><b># of false positive chars\n</b>0\n=================================\n<b>End-to-End | Recall\n</b><b>End-to-End | Precision\n</b>", "EndtoEnd": {"precision": 0.0, "recall": 0.0, "hmean": 0, "recognition_score": 0.0}, "end2endMat": [[0.0, 0.0], [0.0, 0.0], [0.0, 0.0], [0.0, 0.0], [0.0, 0.0], [0.0, 0.0], [0.0, 0.0], [0.0, 0.0], [0.0, 0.0], [0.0, 0.0]], "gtTrans": ["OFF", "SEASON", "SALE", "60%", "###", "###", "##", "##"], "detTrans": [], "gtQuery": ["OFF", "SEASON", "SALE", "60%", "###", "###", "##", "##"], "detQuery": []}