{"Rawdata": {"det_correct_num_recall": 9.0, "det_correct_num_precision": 9.0, "chars_gt": 16, "chars_det": 9.0, "num_splitted": 0, "num_merged": 0, "num_false_positive": 0, "char_missed": 7, "char_overlapped": 0, "char_false_positive": 0, "e2e_correct_num_recall": 7.0, "e2e_correct_num_precision": 7.0, "chars_recog": 18, "e2e_char_missed": 9.0, "e2e_char_false_positive": 11.0, "e2e_recog_score_chars": 18, "e2e_recog_score_correct_num": 7.0}, "Detection": {"precision": 1.0, "recall": 0.5625, "hmean": 0.72}, "pairs": [{"gt": [3], "det": [0], "type": "OO"}], "detectionMat": [[0.0, 0.0, 0.0], [0.0, 0.0, 0.0], [0.0, 0.0, 0.0], [9.0, 9.0, 0.0], [0.0, 0.0, 0.0], [0.0, 0.0, 0.0], [0.0, 0.0, 0.0], [0.0, 0.0, 0.0], [0.0, 0.0, 0.0], [0.0, 0.0, 0.0], [0.0, 0.0, 0.0], [0.0, 0.0, 0.0], [9.0, 0.0, 0.0], [0.0, 0.0, 0.0]], "precisionMat": [[0.0], [0.0], [0.0], [0.6991508433330359], [0.0], [0.0], [0.0], [0.0], [0.0], [0.0], [0.0], [0.05838065329789873]], "gtPolPoints": [[1092.0, 490.0, 1135.0, 490.0, 1132.0, 516.0, 1098.0, 516.0], [48.0, 14.0, 132.0, 47.0, 132.0, 63.0, 49.0, 31.0], [96.0, 20.0, 107.0, 25.0, 106.0, 36.0, 95.0, 30.0], [749.0, 153.0, 884.0, 41.0, 891.0, 87.0, 753.0, 187.0], [1062.0, 460.0, 1112.0, 454.0, 1115.0, 491.0, 1071.0, 491.0], [1039.0, 491.0, 1095.0, 490.0, 1095.0, 516.0, 1045.0, 513.0], [83.0, 16.0, 93.0, 20.0, 91.0, 29.0, 83.0, 25.0], [807.0, 448.0, 908.0, 443.0, 910.0, 483.0, 810.0, 491.0], [697.0, 442.0, 750.0, 435.0, 751.0, 462.0, 698.0, 467.0], [706.0, 471.0, 730.0, 468.0, 735.0, 490.0, 704.0, 496.0], [634.0, 350.0, 672.0, 337.0, 672.0, 355.0, 634.0, 367.0], [889.0, 36.0, 936.0, 1.0, 1007.0, 0.0, 897.0, 91.0]], "detPolPoints": [[743.0, 144.0, 888.0, 39.0, 915.0, 77.0, 770.0, 181.0]], "gtCharPoints": [[[1104.625, 503.0], [1123.875, 503.0]], [[55.458333333333336, 25.208333333333332], [69.375, 30.625], [83.29166666666667, 36.041666666666664], [97.20833333333334, 41.45833333333333], [111.125, 46.875], [125.04166666666666, 52.29166666666667]], [[98.25, 26.375], [103.75, 29.125]], [[757.825, 164.7], [771.475, 154.1], [785.125, 143.5], [798.7750000000001, 132.89999999999998], [812.4250000000001, 122.29999999999998], [826.075, 111.69999999999999], [839.725, 101.1], [853.375, 90.49999999999999], [867.0250000000001, 79.89999999999999], [880.6750000000001, 69.3]], [[1078.25, 474.75], [1101.75, 473.25]], [[1050.8333333333333, 502.1666666666667], [1068.5, 502.5], [1086.1666666666665, 502.83333333333337]], [[85.25, 21.5], [89.75, 23.5]], [[825.25, 468.4166666666667], [858.75, 466.25], [892.25, 464.08333333333337]], [[706.3333333333334, 453.5], [724.0, 451.5], [741.6666666666667, 449.5]], [[711.875, 482.375], [725.625, 480.125]], [[640.3333333333334, 356.4166666666667], [653.0, 352.25], [665.6666666666667, 348.08333333333337]], [[912.625, 47.75], [951.875, 16.25]]], "gtCharCounts": [[0.0, 0.0], [0.0, 0.0, 0.0, 0.0, 0.0, 0.0], [0.0, 0.0], [0.0, 1.0, 1.0, 1.0, 1.0, 1.0, 1.0, 1.0, 1.0, 1.0], [0.0, 0.0], [0.0, 0.0, 0.0], [0.0, 0.0], [0.0, 0.0, 0.0], [0.0, 0.0, 0.0], [0.0, 0.0], [0.0, 0.0, 0.0], [0.0, 0.0]], "gtDontCare": [0, 2, 4, 5, 6, 7, 8, 9, 10, 11], "detDontCare": [], "evaluationParams": {"GT_PATH": "gt/gt_IC15.zip", "SUBMIT_PATH": "result/result_paddleOCR_IC15.zip", "OUTPUT_PATH": "output/", "PORT": 8080, "BOX_TYPE": "QUAD", "TRANSCRIPTION": true, "CONFIDENCES": false, "CRLF": false, "E2E": true, "CASE_SENSITIVE": true, "RS": true, "AREA_PRECISION_CONSTRAINT": 0.5, "GRANULARITY_PENALTY_WEIGHT": 1.0, "VERTICAL_ASPECT_RATIO_THRES": 2.0, "NUM_WORKERS": 2, "GT_SAMPLE_NAME_2_ID": "([0-9]+)", "DET_SAMPLE_NAME_2_ID": "([0-9]+)", "PER_SAMPLE_RESULTS": true}, "evaluationLog": "GT polygons: 12 (10 don't care) \nDET polygons: 1\n\nFind one-to-one matches\nMatch GT #3 with Det #0\nFind one-to-many matches\nFind many-to-one matches\n<b>Detection | PRECISION\n</b><b>Detection | RECALL\n</b><b># of false positive chars\n</b>0\n=================================\n<b>End-to-End | Recall\n</b><b>End-to-End | Precision\n</b>", "EndtoEnd": {"precision": 0.3888888888888889, "recall": 0.4375, "hmean": 0.411764705882353, "recognition_score": 0.3888888888888889}, "end2endMat": [[0.0, 0.0, 0.0], [0.0, 0.0, 0.0], [0.0, 0.0, 0.0], [0.0, 7.0, 0.0], [0.0, 0.0, 0.0], [0.0, 0.0, 0.0], [0.0, 0.0, 0.0], [0.0, 0.0, 0.0], [0.0, 0.0, 0.0], [0.0, 0.0, 0.0], [0.0, 0.0, 0.0], [0.0, 0.0, 0.0], [7.0, 0.0, 0.0], [0.0, 0.0, 0.0]], "gtTrans": ["##", "TISSOT", "##", "VICTORIA'S", "##", "###", "##", "###", "###", "##", "###", "##"], "detTrans": ["UCTORIAS,0.8465007"], "gtQuery": ["##", "TISSOT", "##", "VICTORIA'S", "##", "###", "##", "###", "###", "##", "###", "##"], "detQuery": ["UCTORIAS,0.8465007"]}