{"Rawdata": {"det_correct_num_recall": 5.0, "det_correct_num_precision": 5.0, "chars_gt": 12, "chars_det": 7.0, "num_splitted": 0, "num_merged": 0, "num_false_positive": 1, "char_missed": 7, "char_overlapped": 0, "char_false_positive": 2, "e2e_correct_num_recall": 2.0, "e2e_correct_num_precision": 2.0, "chars_recog": 28, "e2e_char_missed": 10.0, "e2e_char_false_positive": 26.0, "e2e_recog_score_chars": 16, "e2e_recog_score_correct_num": 2.0}, "Detection": {"precision": 0.7142857142857143, "recall": 0.4166666666666667, "hmean": 0.5263157894736842}, "pairs": [{"gt": [0], "det": [1], "type": "OO"}], "detectionMat": [[0.0, 5.0, 5.0, 0.0], [0.0, 0.0, 0.0, 0.0], [0.0, 5.0, 0.0, 0.0], [0.0, 0.0, 0.0, 0.0]], "precisionMat": [[0.0, 0.9859423346967371], [0.0, 0.0]], "gtPolPoints": [[869.0, 425.0, 977.0, 415.0, 982.0, 445.0, 873.0, 455.0], [470.0, 91.0, 538.0, 82.0, 540.0, 98.0, 472.0, 106.0]], "detPolPoints": [[477.0, 176.0, 536.0, 176.0, 536.0, 218.0, 477.0, 218.0], [873.0, 426.0, 980.0, 416.0, 982.0, 444.0, 875.0, 453.0]], "gtCharPoints": [[[881.85, 439.0], [903.5500000000001, 437.0], [925.25, 435.0], [946.95, 433.0], [968.65, 431.0]], [[475.85714285714283, 97.89285714285714], [485.57142857142856, 96.67857142857143], [495.2857142857143, 95.46428571428571], [505.0, 94.25], [514.7142857142857, 93.03571428571428], [524.4285714285714, 91.82142857142857], [534.1428571428571, 90.60714285714286]]], "gtCharCounts": [[1.0, 1.0, 1.0, 1.0, 1.0], [0.0, 0.0, 0.0, 0.0, 0.0, 0.0, 0.0]], "gtDontCare": [], "detDontCare": [], "evaluationParams": {"GT_PATH": "gt/gt_IC15.zip", "SUBMIT_PATH": "result/result_paddleOCR_IC15.zip", "OUTPUT_PATH": "output/", "PORT": 8080, "BOX_TYPE": "QUAD", "TRANSCRIPTION": true, "CONFIDENCES": false, "CRLF": false, "E2E": true, "CASE_SENSITIVE": true, "RS": true, "AREA_PRECISION_CONSTRAINT": 0.5, "GRANULARITY_PENALTY_WEIGHT": 1.0, "VERTICAL_ASPECT_RATIO_THRES": 2.0, "NUM_WORKERS": 2, "GT_SAMPLE_NAME_2_ID": "([0-9]+)", "DET_SAMPLE_NAME_2_ID": "([0-9]+)", "PER_SAMPLE_RESULTS": true}, "evaluationLog": "GT polygons: 2 (0 don't care) \nDET polygons: 2\n\nFind one-to-one matches\nMatch GT #0 with Det #1\nFind one-to-many matches\nFind many-to-one matches\n<b>Detection | PRECISION\n</b><b>Detection | RECALL\n</b><b># of false positive chars\n</b>2\n=================================\n<b>End-to-End | Recall\n</b><b>End-to-End | Precision\n</b>", "EndtoEnd": {"precision": 0.07142857142857142, "recall": 0.16666666666666666, "hmean": 0.1, "recognition_score": 0.125}, "end2endMat": [[0.0, 0.0, 2.0, 0.0], [0.0, 0.0, 0.0, 0.0], [0.0, 2.0, 0.0, 0.0], [0.0, 0.0, 0.0, 0.0]], "gtTrans": ["Kappa", "CAUTION"], "detTrans": ["3,0.50926334", "KabPn,0.57158136"], "gtQuery": ["Kappa", "CAUTION"], "detQuery": ["3,0.50926334", "KabPn,0.57158136"]}