{"Rawdata": {"det_correct_num_recall": 0.0, "det_correct_num_precision": 0.0, "chars_gt": 13, "chars_det": 0, "num_splitted": 0, "num_merged": 0, "num_false_positive": 0, "char_missed": 13, "char_overlapped": 0, "char_false_positive": 0, "e2e_correct_num_recall": 0.0, "e2e_correct_num_precision": 0.0, "chars_recog": 0, "e2e_char_missed": 13.0, "e2e_char_false_positive": 0.0, "e2e_recog_score_chars": 0, "e2e_recog_score_correct_num": 0.0}, "Detection": {"precision": 0.0, "recall": 0.0, "hmean": 0}, "pairs": [], "detectionMat": [[0.0, 0.0], [0.0, 0.0], [0.0, 0.0], [0.0, 0.0], [0.0, 0.0], [0.0, 0.0], [0.0, 0.0], [0.0, 0.0], [0.0, 0.0]], "precisionMat": [[], [], [], [], [], [], []], "gtPolPoints": [[738.0, 252.0, 758.0, 251.0, 759.0, 265.0, 736.0, 267.0], [773.0, 249.0, 789.0, 249.0, 789.0, 263.0, 774.0, 264.0], [581.0, 244.0, 617.0, 243.0, 618.0, 262.0, 577.0, 267.0], [373.0, 165.0, 414.0, 182.0, 417.0, 224.0, 369.0, 205.0], [324.0, 252.0, 377.0, 252.0, 376.0, 273.0, 324.0, 273.0], [378.0, 252.0, 410.0, 253.0, 414.0, 273.0, 377.0, 271.0], [260.0, 20.0, 321.0, 37.0, 337.0, 361.0, 275.0, 345.0]], "detPolPoints": [], "gtCharPoints": [[[742.375, 259.125], [753.125, 258.375]], [[777.375, 256.375], [785.125, 256.125]], [[582.85, 255.2], [590.5500000000001, 254.6], [598.25, 254.0], [605.95, 253.39999999999998], [613.65, 252.79999999999998]], [[382.125, 189.5], [404.375, 198.5]], [[329.25, 262.5], [339.75, 262.5], [350.25, 262.5], [360.75, 262.5], [371.25, 262.5]], [[383.25, 261.75], [394.75, 262.25], [406.25, 262.75]], [[304.7083333333333, 325.9583333333333], [302.125, 271.875], [299.54166666666663, 217.79166666666663], [296.9583333333333, 163.70833333333331], [294.375, 109.62499999999997], [291.79166666666663, 55.54166666666663]]], "gtCharCounts": [0.0, 0.0, 0.0, 0.0, 0.0, 0.0, 0.0], "gtDontCare": [0, 1, 3, 6], "detDontCare": [], "evaluationParams": {"GT_PATH": "gt/gt_IC15.zip", "SUBMIT_PATH": "result/result_paddleOCR_IC15.zip", "OUTPUT_PATH": "output/", "PORT": 8080, "BOX_TYPE": "QUAD", "TRANSCRIPTION": true, "CONFIDENCES": false, "CRLF": false, "E2E": true, "CASE_SENSITIVE": true, "RS": true, "AREA_PRECISION_CONSTRAINT": 0.5, "GRANULARITY_PENALTY_WEIGHT": 1.0, "VERTICAL_ASPECT_RATIO_THRES": 2.0, "NUM_WORKERS": 2, "GT_SAMPLE_NAME_2_ID": "([0-9]+)", "DET_SAMPLE_NAME_2_ID": "([0-9]+)", "PER_SAMPLE_RESULTS": true}, "evaluationLog": "GT polygons: 7 (4 don't care) \nDET polygons: 0\n\nFind one-to-one matches\nFind one-to-many matches\nFind many-to-one matches\n<b>Detection | PRECISION\n</b><b>Detection | RECALL\n</b><b># of false positive chars\n</b>0\n=================================\n<b>End-to-End | Recall\n</b><b>End-to-End | Precision\n</b>", "EndtoEnd": {"precision": 0.0, "recall": 0.0, "hmean": 0, "recognition_score": 0.0}, "end2endMat": [[0.0, 0.0], [0.0, 0.0], [0.0, 0.0], [0.0, 0.0], [0.0, 0.0], [0.0, 0.0], [0.0, 0.0], [0.0, 0.0], [0.0, 0.0]], "gtTrans": ["##", "##", "GIANT", "##", "TOAST", "BOX", "######"], "detTrans": [], "gtQuery": ["##", "##", "GIANT", "##", "TOAST", "BOX", "######"], "detQuery": []}