{"Rawdata": {"det_correct_num_recall": 23.0, "det_correct_num_precision": 22.0, "chars_gt": 24, "chars_det": 23.0, "num_splitted": 0, "num_merged": 1, "num_false_positive": 0, "char_missed": 1, "char_overlapped": 0, "char_false_positive": 0, "e2e_correct_num_recall": 23.0, "e2e_correct_num_precision": 22.0, "chars_recog": 58, "e2e_char_missed": 1.0, "e2e_char_false_positive": 35.0, "e2e_recog_score_chars": 58, "e2e_recog_score_correct_num": 23.0}, "Detection": {"precision": 0.9565217391304348, "recall": 0.9583333333333334, "hmean": 0.957426679280984}, "pairs": [{"gt": [0], "det": [1], "type": "OO"}, {"gt": [5], "det": [0], "type": "OO"}, {"gt": [1, 3], "det": [2], "type": "MO"}], "detectionMat": [[0.0, 8.0, 0.0, 8.0, 0.0], [0.0, 0.0, 4.0, 4.0, 0.0], [0.0, 0.0, 0.0, 0.0, 0.0], [0.0, 0.0, 7.0, 7.0, 0.0], [0.0, 0.0, 0.0, 0.0, 0.0], [4.0, 0.0, 0.0, 4.0, 0.0], [0.0, 0.0, 0.0, 0.0, 0.0], [0.0, 0.0, 0.0, 0.0, 0.0], [0.0, 0.0, 0.0, 0.0, 0.0], [0.0, 0.0, 0.0, 0.0, 0.0], [4.0, 8.0, 11.0, 0.0, 0.0], [0.0, 0.0, 1.0, 0.0, 0.0]], "precisionMat": [[0.0, 0.9687546023731444, 0.001132789434733311], [0.0, 0.0, 0.460489765923738], [0.0, 0.0, 0.14531883650237032], [0.0, 0.0, 0.3555858543326837], [0.0, 0.0, 0.0], [0.672635406981257, 0.0, 0.0], [0.0, 0.0, 0.0], [0.0, 0.0, 0.0], [0.0, 0.0, 0.0], [0.0, 0.0, 0.0]], "gtPolPoints": [[317.0, 178.0, 468.0, 204.0, 467.0, 259.0, 316.0, 233.0], [317.0, 243.0, 423.0, 253.0, 422.0, 303.0, 316.0, 293.0], [423.0, 255.0, 456.0, 258.0, 456.0, 300.0, 423.0, 298.0], [458.0, 261.0, 548.0, 266.0, 546.0, 308.0, 456.0, 303.0], [750.0, 208.0, 786.0, 205.0, 787.0, 225.0, 751.0, 228.0], [1141.0, 160.0, 1245.0, 151.0, 1247.0, 184.0, 1143.0, 193.0], [332.0, 308.0, 387.0, 306.0, 381.0, 366.0, 326.0, 368.0], [243.0, 230.0, 288.0, 230.0, 288.0, 259.0, 243.0, 259.0], [688.0, 360.0, 763.0, 361.0, 772.0, 389.0, 697.0, 388.0], [91.0, 531.0, 177.0, 525.0, 176.0, 568.0, 90.0, 574.0]], "detPolPoints": [[1154.0, 152.0, 1274.0, 149.0, 1275.0, 182.0, 1155.0, 186.0], [325.0, 178.0, 477.0, 211.0, 466.0, 259.0, 314.0, 226.0], [323.0, 242.0, 541.0, 266.0, 537.0, 308.0, 319.0, 285.0]], "gtCharPoints": [[[325.9375, 207.125], [344.8125, 210.375], [363.6875, 213.625], [382.5625, 216.875], [401.4375, 220.125], [420.3125, 223.375], [439.1875, 226.625], [458.0625, 229.875]], [[329.75, 269.25], [356.25, 271.75], [382.75, 274.25], [409.25, 276.75]], [[431.25, 277.125], [447.75, 278.375]], [[462.625, 282.3125], [473.875, 282.9375], [485.125, 283.5625], [496.375, 284.1875], [507.625, 284.8125], [518.875, 285.4375], [530.125, 286.0625], [541.375, 286.6875]], [[759.5, 217.25], [777.5, 215.75]], [[1155.0, 175.375], [1181.0, 173.125], [1207.0, 170.875], [1233.0, 168.625]], [[342.75, 337.5], [370.25, 336.5]], [[254.25, 244.5], [276.75, 244.5]], [[705.0, 374.1666666666667], [730.0, 374.5], [755.0, 374.83333333333337]], [[104.83333333333333, 551.5], [133.5, 549.5], [162.16666666666666, 547.5]]], "gtCharCounts": [[1.0, 1.0, 1.0, 1.0, 1.0, 1.0, 1.0, 1.0], [1.0, 1.0, 1.0, 1.0], [0.0, 0.0], [1.0, 1.0, 1.0, 1.0, 1.0, 1.0, 1.0, 0.0], [0.0, 0.0], [1.0, 1.0, 1.0, 1.0], [0.0, 0.0], [0.0, 0.0], [0.0, 0.0, 0.0], [0.0, 0.0, 0.0]], "gtDontCare": [2, 4, 6, 7, 8, 9], "detDontCare": [], "evaluationParams": {"GT_PATH": "gt/gt_IC15.zip", "SUBMIT_PATH": "result/result_paddleOCR_IC15.zip", "OUTPUT_PATH": "output/", "PORT": 8080, "BOX_TYPE": "QUAD", "TRANSCRIPTION": true, "CONFIDENCES": false, "CRLF": false, "E2E": true, "CASE_SENSITIVE": true, "RS": true, "AREA_PRECISION_CONSTRAINT": 0.5, "GRANULARITY_PENALTY_WEIGHT": 1.0, "VERTICAL_ASPECT_RATIO_THRES": 2.0, "NUM_WORKERS": 2, "GT_SAMPLE_NAME_2_ID": "([0-9]+)", "DET_SAMPLE_NAME_2_ID": "([0-9]+)", "PER_SAMPLE_RESULTS": true}, "evaluationLog": "GT polygons: 10 (6 don't care) \nDET polygons: 3\n\nFind one-to-one matches\nMatch GT #0 with Det #1\nMatch GT #5 with Det #0\nFind one-to-many matches\nFind many-to-one matches\nMatch GT #[1, 3] with Det #2\n<b>Detection | PRECISION\n</b><b>Detection | RECALL\n</b><b># of false positive chars\n</b>0\n=================================\n<b>End-to-End | Recall\n</b><b>End-to-End | Precision\n</b>", "EndtoEnd": {"precision": 0.3793103448275862, "recall": 0.9583333333333334, "hmean": 0.5435016111707841, "recognition_score": 0.39655172413793105}, "end2endMat": [[0.0, 0.0, 0.0, 8.0, 0.0], [0.0, 0.0, 0.0, 4.0, 0.0], [0.0, 0.0, 0.0, 0.0, 0.0], [0.0, 0.0, 0.0, 8.0, 0.0], [0.0, 0.0, 0.0, 0.0, 0.0], [0.0, 0.0, 0.0, 3.0, 0.0], [0.0, 0.0, 0.0, 0.0, 0.0], [0.0, 0.0, 0.0, 0.0, 0.0], [0.0, 0.0, 0.0, 0.0, 0.0], [0.0, 0.0, 0.0, 0.0, 0.0], [3.0, 8.0, 12.0, 0.0, 0.0], [0.0, 0.0, 1.0, 0.0, 0.0]], "gtTrans": ["CLASSICS", "MADE", "##", "AMERICA.", "##", "GOAL", "##", "##", "###", "###"], "detTrans": ["ROALO,0.8339968", "CLASSICS,0.99002326", "MADEINAMERICA,0.89896256"], "gtQuery": ["CLASSICS", "MADE", "##", "AMERICA.", "##", "GOAL", "##", "##", "###", "###"], "detQuery": ["ROALO,0.8339968", "CLASSICS,0.99002326", "MADEINAMERICA,0.89896256"]}