{"Rawdata": {"det_correct_num_recall": 7.0, "det_correct_num_precision": 7.0, "chars_gt": 17, "chars_det": 7.0, "num_splitted": 0, "num_merged": 0, "num_false_positive": 0, "char_missed": 10, "char_overlapped": 0, "char_false_positive": 0, "e2e_correct_num_recall": 4.0, "e2e_correct_num_precision": 4.0, "chars_recog": 26, "e2e_char_missed": 13.0, "e2e_char_false_positive": 22.0, "e2e_recog_score_chars": 26, "e2e_recog_score_correct_num": 4.0}, "Detection": {"precision": 1.0, "recall": 0.4117647058823529, "hmean": 0.5833333333333334}, "pairs": [{"gt": [0], "det": [0], "type": "OO"}, {"gt": [1], "det": [2], "type": "OO"}], "detectionMat": [[4.0, 0.0, 0.0, 4.0, 0.0], [0.0, 0.0, 3.0, 3.0, 0.0], [0.0, 0.0, 0.0, 0.0, 0.0], [0.0, 0.0, 0.0, 0.0, 0.0], [0.0, 0.0, 0.0, 0.0, 0.0], [0.0, 0.0, 0.0, 0.0, 0.0], [0.0, 0.0, 0.0, 0.0, 0.0], [0.0, 0.0, 0.0, 0.0, 0.0], [0.0, 0.0, 0.0, 0.0, 0.0], [4.0, 0.0, 3.0, 0.0, 0.0], [0.0, 0.0, 0.0, 0.0, 0.0]], "precisionMat": [[0.9696554613406713, 0.0, 0.0], [0.0, 0.01347622956774236, 0.9347222222222298], [0.0, 0.00641949671246788, 0.0], [0.0, 0.6950022509039119, 0.0], [0.0, 0.0, 0.0], [0.0, 0.0, 0.0], [0.0, 0.0, 0.0], [0.0, 0.0, 0.0], [0.0, 0.026636725453682404, 0.0]], "gtPolPoints": [[1049.0, 234.0, 1180.0, 220.0, 1190.0, 316.0, 1057.0, 314.0], [1106.0, 340.0, 1136.0, 342.0, 1138.0, 355.0, 1108.0, 352.0], [1129.0, 519.0, 1148.0, 524.0, 1150.0, 535.0, 1130.0, 530.0], [1068.0, 356.0, 1190.0, 363.0, 1205.0, 539.0, 1079.0, 496.0], [760.0, 257.0, 848.0, 253.0, 849.0, 272.0, 761.0, 276.0], [702.0, 313.0, 723.0, 315.0, 723.0, 342.0, 702.0, 340.0], [556.0, 238.0, 582.0, 232.0, 585.0, 257.0, 557.0, 261.0], [976.0, 53.0, 1077.0, 0.0, 1098.0, 76.0, 986.0, 120.0], [1169.0, 430.0, 1187.0, 430.0, 1192.0, 468.0, 1171.0, 467.0]], "detPolPoints": [[1051.0, 228.0, 1180.0, 228.0, 1180.0, 314.0, 1051.0, 314.0], [1055.0, 346.0, 1196.0, 331.0, 1217.0, 523.0, 1076.0, 538.0], [1119.0, 341.0, 1137.0, 341.0, 1137.0, 351.0, 1119.0, 351.0]], "gtCharPoints": [[[1069.5, 273.25], [1102.5, 271.75], [1135.5, 270.25], [1168.5, 268.75]], [[1110.0, 346.25], [1116.0, 346.75], [1122.0, 347.25], [1128.0, 347.75], [1134.0, 348.25]], [[1132.75, 525.3333333333334], [1139.25, 527.0], [1145.75, 528.6666666666667]], [[1104.5, 432.25], [1166.5, 444.75]], [[769.3, 266.1], [786.9, 265.3], [804.5, 264.5], [822.0999999999999, 263.70000000000005], [839.6999999999999, 262.90000000000003]], [[707.25, 327.0], [717.75, 328.0]], [[563.25, 248.25], [576.75, 245.75]], [[1007.625, 74.375], [1060.875, 50.125]], [[1174.875, 448.625], [1184.625, 448.875]]], "gtCharCounts": [[1.0, 1.0, 1.0, 1.0], [0.0, 0.0, 1.0, 1.0, 1.0], [0.0, 0.0, 0.0], [0.0, 0.0], [0.0, 0.0, 0.0, 0.0, 0.0], [0.0, 0.0], [0.0, 0.0], [0.0, 0.0], [0.0, 0.0]], "gtDontCare": [3, 5, 6, 7, 8], "detDontCare": [1], "evaluationParams": {"GT_PATH": "gt/gt_IC15.zip", "SUBMIT_PATH": "result/result_paddleOCR_IC15.zip", "OUTPUT_PATH": "output/", "PORT": 8080, "BOX_TYPE": "QUAD", "TRANSCRIPTION": true, "CONFIDENCES": false, "CRLF": false, "E2E": true, "CASE_SENSITIVE": true, "RS": true, "AREA_PRECISION_CONSTRAINT": 0.5, "GRANULARITY_PENALTY_WEIGHT": 1.0, "VERTICAL_ASPECT_RATIO_THRES": 2.0, "NUM_WORKERS": 2, "GT_SAMPLE_NAME_2_ID": "([0-9]+)", "DET_SAMPLE_NAME_2_ID": "([0-9]+)", "PER_SAMPLE_RESULTS": true}, "evaluationLog": "GT polygons: 9 (5 don't care) \nDET polygons: 3\n (1 don't care)\nFind one-to-one matches\nMatch GT #0 with Det #0\nMatch GT #1 with Det #2\nFind one-to-many matches\nFind many-to-one matches\n<b>Detection | PRECISION\n</b><b>Detection | RECALL\n</b><b># of false positive chars\n</b>0\n=================================\n<b>End-to-End | Recall\n</b><b>End-to-End | Precision\n</b>", "EndtoEnd": {"precision": 0.15384615384615385, "recall": 0.23529411764705882, "hmean": 0.186046511627907, "recognition_score": 0.15384615384615385}, "end2endMat": [[0.0, 0.0, 0.0, 4.0, 0.0], [0.0, 0.0, 0.0, 0.0, 0.0], [0.0, 0.0, 0.0, 0.0, 0.0], [0.0, 0.0, 0.0, 0.0, 0.0], [0.0, 0.0, 0.0, 0.0, 0.0], [0.0, 0.0, 0.0, 0.0, 0.0], [0.0, 0.0, 0.0, 0.0, 0.0], [0.0, 0.0, 0.0, 0.0, 0.0], [0.0, 0.0, 0.0, 0.0, 0.0], [4.0, 0.0, 0.0, 0.0, 0.0], [0.0, 0.0, 0.0, 0.0, 0.0]], "gtTrans": ["SALE", "UP TO", "OFF", "##", "MANGO", "##", "##", "##", "##"], "detTrans": ["SALE,0.982673", "70,0.81495357", "10,0.65227467"], "gtQuery": ["SALE", "UP TO", "OFF", "##", "MANGO", "##", "##", "##", "##"], "detQuery": ["SALE,0.982673", "70,0.81495357", "10,0.65227467"]}