{"Rawdata": {"det_correct_num_recall": 7.0, "det_correct_num_precision": 7.0, "chars_gt": 16, "chars_det": 7.0, "num_splitted": 0, "num_merged": 0, "num_false_positive": 0, "char_missed": 9, "char_overlapped": 0, "char_false_positive": 0, "e2e_correct_num_recall": 7.0, "e2e_correct_num_precision": 7.0, "chars_recog": 18, "e2e_char_missed": 9.0, "e2e_char_false_positive": 11.0, "e2e_recog_score_chars": 18, "e2e_recog_score_correct_num": 7.0}, "Detection": {"precision": 1.0, "recall": 0.4375, "hmean": 0.6086956521739131}, "pairs": [{"gt": [0], "det": [0], "type": "OO"}], "detectionMat": [[7.0, 7.0, 0.0], [0.0, 0.0, 0.0], [0.0, 0.0, 0.0], [0.0, 0.0, 0.0], [0.0, 0.0, 0.0], [7.0, 0.0, 0.0], [0.0, 0.0, 0.0]], "precisionMat": [[0.6763816242826025], [0.0], [0.0], [0.0], [0.0]], "gtPolPoints": [[922.0, 124.0, 1030.0, 69.0, 1031.0, 114.0, 925.0, 158.0], [977.0, 216.0, 994.0, 214.0, 995.0, 233.0, 977.0, 235.0], [994.0, 213.0, 1023.0, 208.0, 1023.0, 229.0, 993.0, 234.0], [980.0, 238.0, 1024.0, 232.0, 1026.0, 265.0, 982.0, 270.0], [679.0, 75.0, 713.0, 73.0, 711.0, 103.0, 677.0, 105.0]], "detPolPoints": [[911.0, 112.0, 1021.0, 66.0, 1041.0, 115.0, 931.0, 160.0]], "gtCharPoints": [[[931.1428571428571, 137.46428571428572], [946.4285714285714, 130.39285714285714], [961.7142857142857, 123.32142857142858], [977.0, 116.25], [992.2857142857142, 109.17857142857144], [1007.5714285714286, 102.10714285714286], [1022.8571428571429, 95.03571428571429]], [[981.375, 225.0], [990.125, 224.0]], [[996.45, 223.0], [1002.35, 222.0], [1008.25, 221.0], [1014.1500000000001, 220.0], [1020.0500000000001, 219.0]], [[986.5, 253.3125], [997.5, 251.9375], [1008.5, 250.5625], [1019.5, 249.1875]], [[686.5, 89.5], [703.5, 88.5]]], "gtCharCounts": [[1.0, 1.0, 1.0, 1.0, 1.0, 1.0, 1.0], [0.0, 0.0], [0.0, 0.0, 0.0, 0.0, 0.0], [0.0, 0.0, 0.0, 0.0], [0.0, 0.0]], "gtDontCare": [1, 4], "detDontCare": [], "evaluationParams": {"GT_PATH": "gt/gt_IC15.zip", "SUBMIT_PATH": "result/result_paddleOCR_IC15.zip", "OUTPUT_PATH": "output/", "PORT": 8080, "BOX_TYPE": "QUAD", "TRANSCRIPTION": true, "CONFIDENCES": false, "CRLF": false, "E2E": true, "CASE_SENSITIVE": true, "RS": true, "AREA_PRECISION_CONSTRAINT": 0.5, "GRANULARITY_PENALTY_WEIGHT": 1.0, "VERTICAL_ASPECT_RATIO_THRES": 2.0, "NUM_WORKERS": 2, "GT_SAMPLE_NAME_2_ID": "([0-9]+)", "DET_SAMPLE_NAME_2_ID": "([0-9]+)", "PER_SAMPLE_RESULTS": true}, "evaluationLog": "GT polygons: 5 (2 don't care) \nDET polygons: 1\n\nFind one-to-one matches\nMatch GT #0 with Det #0\nFind one-to-many matches\nFind many-to-one matches\n<b>Detection | PRECISION\n</b><b>Detection | RECALL\n</b><b># of false positive chars\n</b>0\n=================================\n<b>End-to-End | Recall\n</b><b>End-to-End | Precision\n</b>", "EndtoEnd": {"precision": 0.3888888888888889, "recall": 0.4375, "hmean": 0.411764705882353, "recognition_score": 0.3888888888888889}, "end2endMat": [[0.0, 7.0, 0.0], [0.0, 0.0, 0.0], [0.0, 0.0, 0.0], [0.0, 0.0, 0.0], [0.0, 0.0, 0.0], [7.0, 0.0, 0.0], [0.0, 0.0, 0.0]], "gtTrans": ["TOPSHOP", "##", "price", "sale", "##"], "detTrans": ["TOPSHOP,0.98657054"], "gtQuery": ["TOPSHOP", "##", "price", "sale", "##"], "detQuery": ["TOPSHOP,0.98657054"]}