{"Rawdata": {"det_correct_num_recall": 10.0, "det_correct_num_precision": 10.0, "chars_gt": 19, "chars_det": 10.0, "num_splitted": 0, "num_merged": 0, "num_false_positive": 0, "char_missed": 9, "char_overlapped": 0, "char_false_positive": 0, "e2e_correct_num_recall": 9.0, "e2e_correct_num_precision": 9.0, "chars_recog": 21, "e2e_char_missed": 10.0, "e2e_char_false_positive": 12.0, "e2e_recog_score_chars": 21, "e2e_recog_score_correct_num": 9.0}, "Detection": {"precision": 1.0, "recall": 0.5263157894736842, "hmean": 0.6896551724137931}, "pairs": [{"gt": [1], "det": [0], "type": "OO"}], "detectionMat": [[0.0, 0.0, 0.0], [10.0, 10.0, 0.0], [0.0, 0.0, 0.0], [10.0, 0.0, 0.0], [0.0, 0.0, 0.0]], "precisionMat": [[0.0], [0.9272474513438385], [0.0]], "gtPolPoints": [[456.0, 166.0, 775.0, 184.0, 768.0, 255.0, 449.0, 237.0], [596.0, 458.0, 698.0, 450.0, 698.0, 471.0, 596.0, 480.0], [115.0, 170.0, 186.0, 165.0, 186.0, 175.0, 115.0, 180.0]], "detPolPoints": [[598.0, 457.0, 695.0, 448.0, 697.0, 469.0, 600.0, 478.0]], "gtCharPoints": [[[470.22222222222223, 202.5], [505.6666666666667, 204.5], [541.1111111111111, 206.5], [576.5555555555555, 208.5], [612.0, 210.5], [647.4444444444445, 212.5], [682.8888888888889, 214.5], [718.3333333333333, 216.5], [753.7777777777778, 218.5]], [[601.1, 468.575], [611.3000000000001, 467.72499999999997], [621.5, 466.875], [631.7, 466.025], [641.9, 465.175], [652.1, 464.325], [662.3000000000001, 463.47499999999997], [672.5, 462.625], [682.7, 461.775], [692.9, 460.925]], [[119.4375, 174.6875], [128.3125, 174.0625], [137.1875, 173.4375], [146.0625, 172.8125], [154.9375, 172.1875], [163.8125, 171.5625], [172.6875, 170.9375], [181.5625, 170.3125]]], "gtCharCounts": [[0.0, 0.0, 0.0, 0.0, 0.0, 0.0, 0.0, 0.0, 0.0], [1.0, 1.0, 1.0, 1.0, 1.0, 1.0, 1.0, 1.0, 1.0, 1.0], [0.0, 0.0, 0.0, 0.0, 0.0, 0.0, 0.0, 0.0]], "gtDontCare": [2], "detDontCare": [], "evaluationParams": {"GT_PATH": "gt/gt_IC15.zip", "SUBMIT_PATH": "result/result_paddleOCR_IC15.zip", "OUTPUT_PATH": "output/", "PORT": 8080, "BOX_TYPE": "QUAD", "TRANSCRIPTION": true, "CONFIDENCES": false, "CRLF": false, "E2E": true, "CASE_SENSITIVE": true, "RS": true, "AREA_PRECISION_CONSTRAINT": 0.5, "GRANULARITY_PENALTY_WEIGHT": 1.0, "VERTICAL_ASPECT_RATIO_THRES": 2.0, "NUM_WORKERS": 2, "GT_SAMPLE_NAME_2_ID": "([0-9]+)", "DET_SAMPLE_NAME_2_ID": "([0-9]+)", "PER_SAMPLE_RESULTS": true}, "evaluationLog": "GT polygons: 3 (1 don't care) \nDET polygons: 1\n\nFind one-to-one matches\nMatch GT #1 with Det #0\nFind one-to-many matches\nFind many-to-one matches\n<b>Detection | PRECISION\n</b><b>Detection | RECALL\n</b><b># of false positive chars\n</b>0\n=================================\n<b>End-to-End | Recall\n</b><b>End-to-End | Precision\n</b>", "EndtoEnd": {"precision": 0.42857142857142855, "recall": 0.47368421052631576, "hmean": 0.45, "recognition_score": 0.42857142857142855}, "end2endMat": [[0.0, 0.0, 0.0], [0.0, 9.0, 0.0], [0.0, 0.0, 0.0], [9.0, 0.0, 0.0], [0.0, 0.0, 0.0]], "gtTrans": ["SWAROVSKI", "FRAGRANCES", "########"], "detTrans": ["FRACRANCES,0.94624126"], "gtQuery": ["SWAROVSKI", "FRAGRANCES", "########"], "detQuery": ["FRACRANCES,0.94624126"]}