{"Rawdata": {"det_correct_num_recall": 4.0, "det_correct_num_precision": 4.0, "chars_gt": 4, "chars_det": 4.0, "num_splitted": 0, "num_merged": 0, "num_false_positive": 0, "char_missed": 0, "char_overlapped": 0, "char_false_positive": 0, "e2e_correct_num_recall": 4.0, "e2e_correct_num_precision": 4.0, "chars_recog": 15, "e2e_char_missed": 0.0, "e2e_char_false_positive": 11.0, "e2e_recog_score_chars": 15, "e2e_recog_score_correct_num": 4.0}, "Detection": {"precision": 1.0, "recall": 1.0, "hmean": 1.0}, "pairs": [{"gt": [0], "det": [0], "type": "OO"}], "detectionMat": [[4.0, 4.0, 0.0], [0.0, 0.0, 0.0], [0.0, 0.0, 0.0], [0.0, 0.0, 0.0], [0.0, 0.0, 0.0], [0.0, 0.0, 0.0], [0.0, 0.0, 0.0], [0.0, 0.0, 0.0], [0.0, 0.0, 0.0], [4.0, 0.0, 0.0], [0.0, 0.0, 0.0]], "precisionMat": [[0.596245046231929], [0.0], [0.0], [0.0], [0.0], [0.0], [0.0], [0.0], [0.0]], "gtPolPoints": [[808.0, 65.0, 880.0, 63.0, 881.0, 97.0, 811.0, 98.0], [1251.0, 506.0, 1276.0, 505.0, 1278.0, 520.0, 1257.0, 520.0], [577.0, 230.0, 635.0, 227.0, 637.0, 250.0, 580.0, 253.0], [237.0, 243.0, 311.0, 237.0, 311.0, 258.0, 236.0, 265.0], [1100.0, 483.0, 1136.0, 480.0, 1136.0, 495.0, 1103.0, 498.0], [1198.0, 431.0, 1236.0, 430.0, 1236.0, 441.0, 1200.0, 441.0], [687.0, 274.0, 714.0, 271.0, 714.0, 298.0, 687.0, 301.0], [1106.0, 445.0, 1128.0, 445.0, 1122.0, 478.0, 1100.0, 478.0], [512.0, 277.0, 574.0, 276.0, 574.0, 291.0, 512.0, 292.0]], "detPolPoints": [[781.0, 61.0, 878.0, 58.0, 879.0, 98.0, 782.0, 101.0]], "gtCharPoints": [[[818.375, 81.3125], [836.125, 80.9375], [853.875, 80.5625], [871.625, 80.1875]], [[1259.75, 512.875], [1271.25, 512.625]], [[588.0833333333334, 241.0], [607.25, 240.0], [626.4166666666667, 239.0]], [[245.8125, 253.1875], [264.4375, 251.5625], [283.0625, 249.9375], [301.6875, 248.3125]], [[1107.25, 490.0], [1118.75, 489.0], [1130.25, 488.0]], [[1203.625, 435.9375], [1212.875, 435.8125], [1222.125, 435.6875], [1231.375, 435.5625]], [[693.75, 286.75], [707.25, 285.25]], [[1108.5, 461.5], [1119.5, 461.5]], [[518.2, 284.4], [530.6, 284.2], [543.0, 284.0], [555.4000000000001, 283.79999999999995], [567.8000000000001, 283.59999999999997]]], "gtCharCounts": [[1.0, 1.0, 1.0, 1.0], [0.0, 0.0], [0.0, 0.0, 0.0], [0.0, 0.0, 0.0, 0.0], [0.0, 0.0, 0.0], [0.0, 0.0, 0.0, 0.0], [0.0, 0.0], [0.0, 0.0], [0.0, 0.0, 0.0, 0.0, 0.0]], "gtDontCare": [1, 2, 3, 4, 5, 6, 7, 8], "detDontCare": [], "evaluationParams": {"GT_PATH": "gt/gt_IC15.zip", "SUBMIT_PATH": "result/result_paddleOCR_IC15.zip", "OUTPUT_PATH": "output/", "PORT": 8080, "BOX_TYPE": "QUAD", "TRANSCRIPTION": true, "CONFIDENCES": false, "CRLF": false, "E2E": true, "CASE_SENSITIVE": true, "RS": true, "AREA_PRECISION_CONSTRAINT": 0.5, "GRANULARITY_PENALTY_WEIGHT": 1.0, "VERTICAL_ASPECT_RATIO_THRES": 2.0, "NUM_WORKERS": 2, "GT_SAMPLE_NAME_2_ID": "([0-9]+)", "DET_SAMPLE_NAME_2_ID": "([0-9]+)", "PER_SAMPLE_RESULTS": true}, "evaluationLog": "GT polygons: 9 (8 don't care) \nDET polygons: 1\n\nFind one-to-one matches\nMatch GT #0 with Det #0\nFind one-to-many matches\nFind many-to-one matches\n<b>Detection | PRECISION\n</b><b>Detection | RECALL\n</b><b># of false positive chars\n</b>0\n=================================\n<b>End-to-End | Recall\n</b><b>End-to-End | Precision\n</b>", "EndtoEnd": {"precision": 0.26666666666666666, "recall": 1.0, "hmean": 0.4210526315789474, "recognition_score": 0.26666666666666666}, "end2endMat": [[0.0, 4.0, 0.0], [0.0, 0.0, 0.0], [0.0, 0.0, 0.0], [0.0, 0.0, 0.0], [0.0, 0.0, 0.0], [0.0, 0.0, 0.0], [0.0, 0.0, 0.0], [0.0, 0.0, 0.0], [0.0, 0.0, 0.0], [4.0, 0.0, 0.0], [0.0, 0.0, 0.0]], "gtTrans": ["EXIT", "##", "###", "####", "###", "####", "##", "##", "#####"], "detTrans": ["CEXIT,0.7548206"], "gtQuery": ["EXIT", "##", "###", "####", "###", "####", "##", "##", "#####"], "detQuery": ["CEXIT,0.7548206"]}