{"Rawdata": {"det_correct_num_recall": 7.0, "det_correct_num_precision": 7.0, "chars_gt": 11, "chars_det": 7.0, "num_splitted": 0, "num_merged": 0, "num_false_positive": 0, "char_missed": 4, "char_overlapped": 0, "char_false_positive": 0, "e2e_correct_num_recall": 6.0, "e2e_correct_num_precision": 6.0, "chars_recog": 17, "e2e_char_missed": 5.0, "e2e_char_false_positive": 11.0, "e2e_recog_score_chars": 17, "e2e_recog_score_correct_num": 6.0}, "Detection": {"precision": 1.0, "recall": 0.6363636363636364, "hmean": 0.7777777777777778}, "pairs": [{"gt": [1], "det": [0], "type": "OO"}], "detectionMat": [[0.0, 0.0, 0.0], [7.0, 7.0, 0.0], [0.0, 0.0, 0.0], [0.0, 0.0, 0.0], [0.0, 0.0, 0.0], [0.0, 0.0, 0.0], [0.0, 0.0, 0.0], [0.0, 0.0, 0.0], [7.0, 0.0, 0.0], [0.0, 0.0, 0.0]], "precisionMat": [[0.0], [0.9234324235159523], [0.0], [0.0], [0.0], [0.0], [0.0], [0.0]], "gtPolPoints": [[369.0, 346.0, 426.0, 335.0, 429.0, 370.0, 372.0, 381.0], [2.0, 55.0, 271.0, 122.0, 273.0, 170.0, 0.0, 142.0], [395.0, 376.0, 412.0, 373.0, 414.0, 393.0, 397.0, 396.0], [376.0, 325.0, 412.0, 320.0, 415.0, 338.0, 379.0, 343.0], [250.0, 381.0, 319.0, 361.0, 320.0, 380.0, 250.0, 399.0], [1175.0, 19.0, 1234.0, 8.0, 1261.0, 32.0, 1189.0, 52.0], [1093.0, 85.0, 1238.0, 42.0, 1256.0, 87.0, 1114.0, 135.0], [1185.0, 118.0, 1269.0, 102.0, 1279.0, 151.0, 1206.0, 168.0]], "detPolPoints": [[23.0, 64.0, 281.0, 114.0, 269.0, 174.0, 11.0, 124.0]], "gtCharPoints": [[[377.625, 362.125], [391.875, 359.375], [406.125, 356.625], [420.375, 353.875]], [[20.357142857142858, 101.89285714285714], [59.07142857142857, 108.67857142857143], [97.78571428571429, 115.46428571428571], [136.5, 122.25], [175.21428571428572, 129.03571428571428], [213.92857142857144, 135.82142857142856], [252.64285714285714, 142.60714285714286]], [[400.25, 385.25], [408.75, 383.75]], [[386.5, 332.75], [404.5, 330.25]], [[258.6875, 387.5625], [276.0625, 382.6875], [293.4375, 377.8125], [310.8125, 372.9375]], [[1198.375, 31.625], [1231.125, 23.875]], [[1127.4166666666667, 102.41666666666667], [1175.25, 87.25], [1223.0833333333335, 72.08333333333334]], [[1215.125, 138.875], [1254.375, 130.625]]], "gtCharCounts": [[0.0, 0.0, 0.0, 0.0], [1.0, 1.0, 1.0, 1.0, 1.0, 1.0, 1.0], [0.0, 0.0], [0.0, 0.0], [0.0, 0.0, 0.0, 0.0], [0.0, 0.0], [0.0, 0.0, 0.0], [0.0, 0.0]], "gtDontCare": [2, 3, 4, 5, 6, 7], "detDontCare": [], "evaluationParams": {"GT_PATH": "gt/gt_IC15.zip", "SUBMIT_PATH": "result/result_paddleOCR_IC15.zip", "OUTPUT_PATH": "output/", "PORT": 8080, "BOX_TYPE": "QUAD", "TRANSCRIPTION": true, "CONFIDENCES": false, "CRLF": false, "E2E": true, "CASE_SENSITIVE": true, "RS": true, "AREA_PRECISION_CONSTRAINT": 0.5, "GRANULARITY_PENALTY_WEIGHT": 1.0, "VERTICAL_ASPECT_RATIO_THRES": 2.0, "NUM_WORKERS": 2, "GT_SAMPLE_NAME_2_ID": "([0-9]+)", "DET_SAMPLE_NAME_2_ID": "([0-9]+)", "PER_SAMPLE_RESULTS": true}, "evaluationLog": "GT polygons: 8 (6 don't care) \nDET polygons: 1\n\nFind one-to-one matches\nMatch GT #1 with Det #0\nFind one-to-many matches\nFind many-to-one matches\n<b>Detection | PRECISION\n</b><b>Detection | RECALL\n</b><b># of false positive chars\n</b>0\n=================================\n<b>End-to-End | Recall\n</b><b>End-to-End | Precision\n</b>", "EndtoEnd": {"precision": 0.35294117647058826, "recall": 0.5454545454545454, "hmean": 0.42857142857142855, "recognition_score": 0.35294117647058826}, "end2endMat": [[0.0, 0.0, 0.0], [0.0, 6.0, 0.0], [0.0, 0.0, 0.0], [0.0, 0.0, 0.0], [0.0, 0.0, 0.0], [0.0, 0.0, 0.0], [0.0, 0.0, 0.0], [0.0, 0.0, 0.0], [6.0, 0.0, 0.0], [0.0, 0.0, 0.0]], "gtTrans": ["OPEN", "QBHOUSE", "##", "##", "####", "##", "###", "##"], "detTrans": ["OBHOUSE,0.9204146"], "gtQuery": ["OPEN", "QBHOUSE", "##", "##", "####", "##", "###", "##"], "detQuery": ["OBHOUSE,0.9204146"]}