{"Rawdata": {"det_correct_num_recall": 0.0, "det_correct_num_precision": 0.0, "chars_gt": 12, "chars_det": 0, "num_splitted": 0, "num_merged": 0, "num_false_positive": 0, "char_missed": 12, "char_overlapped": 0, "char_false_positive": 0, "e2e_correct_num_recall": 0.0, "e2e_correct_num_precision": 0.0, "chars_recog": 0, "e2e_char_missed": 12.0, "e2e_char_false_positive": 0.0, "e2e_recog_score_chars": 0, "e2e_recog_score_correct_num": 0.0}, "Detection": {"precision": 0.0, "recall": 0.0, "hmean": 0}, "pairs": [], "detectionMat": [[0.0, 0.0], [0.0, 0.0], [0.0, 0.0], [0.0, 0.0], [0.0, 0.0], [0.0, 0.0], [0.0, 0.0]], "precisionMat": [[], [], [], [], []], "gtPolPoints": [[701.0, 128.0, 837.0, 39.0, 843.0, 104.0, 707.0, 193.0], [299.0, 304.0, 325.0, 304.0, 325.0, 314.0, 298.0, 314.0], [325.0, 300.0, 351.0, 302.0, 351.0, 314.0, 325.0, 312.0], [353.0, 299.0, 385.0, 299.0, 382.0, 313.0, 350.0, 313.0], [1005.0, 230.0, 1025.0, 230.0, 1025.0, 241.0, 1005.0, 241.0]], "detPolPoints": [], "gtCharPoints": [[[713.7142857142857, 154.14285714285714], [733.1428571428571, 141.42857142857142], [752.5714285714286, 128.71428571428572], [772.0, 116.0], [791.4285714285713, 103.28571428571428], [810.8571428571428, 90.57142857142857], [830.2857142857142, 77.85714285714286]], [[302.9166666666667, 309.0], [311.75, 309.0], [320.58333333333337, 309.0]], [[329.3333333333333, 306.3333333333333], [338.0, 307.0], [346.66666666666663, 307.66666666666663]], [[354.7, 306.0], [361.09999999999997, 306.0], [367.5, 306.0], [373.9, 306.0], [380.3, 306.0]], [[1010.0, 235.5], [1020.0, 235.5]]], "gtCharCounts": [0.0, 0.0, 0.0, 0.0, 0.0], "gtDontCare": [1, 2, 4], "detDontCare": [], "evaluationParams": {"GT_PATH": "gt/gt_IC15.zip", "SUBMIT_PATH": "result/result_paddleOCR_IC15.zip", "OUTPUT_PATH": "output/", "PORT": 8080, "BOX_TYPE": "QUAD", "TRANSCRIPTION": true, "CONFIDENCES": false, "CRLF": false, "E2E": true, "CASE_SENSITIVE": true, "RS": true, "AREA_PRECISION_CONSTRAINT": 0.5, "GRANULARITY_PENALTY_WEIGHT": 1.0, "VERTICAL_ASPECT_RATIO_THRES": 2.0, "NUM_WORKERS": 2, "GT_SAMPLE_NAME_2_ID": "([0-9]+)", "DET_SAMPLE_NAME_2_ID": "([0-9]+)", "PER_SAMPLE_RESULTS": true}, "evaluationLog": "GT polygons: 5 (3 don't care) \nDET polygons: 0\n\nFind one-to-one matches\nFind one-to-many matches\nFind many-to-one matches\n<b>Detection | PRECISION\n</b><b>Detection | RECALL\n</b><b># of false positive chars\n</b>0\n=================================\n<b>End-to-End | Recall\n</b><b>End-to-End | Precision\n</b>", "EndtoEnd": {"precision": 0.0, "recall": 0.0, "hmean": 0, "recognition_score": 0.0}, "end2endMat": [[0.0, 0.0], [0.0, 0.0], [0.0, 0.0], [0.0, 0.0], [0.0, 0.0], [0.0, 0.0], [0.0, 0.0]], "gtTrans": ["SAMSUNG", "###", "###", "Tokyo", "##"], "detTrans": [], "gtQuery": ["SAMSUNG", "###", "###", "Tokyo", "##"], "detQuery": []}