{"Rawdata": {"det_correct_num_recall": 0.0, "det_correct_num_precision": 0.0, "chars_gt": 14, "chars_det": 0, "num_splitted": 0, "num_merged": 0, "num_false_positive": 0, "char_missed": 14, "char_overlapped": 0, "char_false_positive": 0, "e2e_correct_num_recall": 0.0, "e2e_correct_num_precision": 0.0, "chars_recog": 0, "e2e_char_missed": 14.0, "e2e_char_false_positive": 0.0, "e2e_recog_score_chars": 0, "e2e_recog_score_correct_num": 0.0}, "Detection": {"precision": 0.0, "recall": 0.0, "hmean": 0}, "pairs": [], "detectionMat": [[0.0, 0.0], [0.0, 0.0], [0.0, 0.0], [0.0, 0.0], [0.0, 0.0], [0.0, 0.0], [0.0, 0.0], [0.0, 0.0], [0.0, 0.0], [0.0, 0.0]], "precisionMat": [[], [], [], [], [], [], [], []], "gtPolPoints": [[378.0, 89.0, 616.0, 84.0, 620.0, 115.0, 382.0, 120.0], [496.0, 117.0, 545.0, 114.0, 546.0, 124.0, 497.0, 127.0], [554.0, 113.0, 595.0, 114.0, 596.0, 125.0, 555.0, 124.0], [1004.0, 144.0, 1035.0, 141.0, 1035.0, 153.0, 1004.0, 156.0], [558.0, 206.0, 597.0, 207.0, 597.0, 218.0, 560.0, 217.0], [890.0, 172.0, 919.0, 168.0, 921.0, 183.0, 891.0, 185.0], [835.0, 180.0, 862.0, 178.0, 865.0, 190.0, 837.0, 192.0], [898.0, 160.0, 910.0, 160.0, 910.0, 170.0, 900.0, 170.0]], "detPolPoints": [], "gtCharPoints": [[[391.9, 104.25], [415.7, 103.75], [439.5, 103.25], [463.29999999999995, 102.75], [487.09999999999997, 102.25], [510.9, 101.75], [534.7, 101.25], [558.5, 100.75], [582.3, 100.25], [606.1, 99.75]], [[502.625, 121.625], [514.875, 120.875], [527.125, 120.125], [539.375, 119.375]], [[559.625, 118.625], [569.875, 118.875], [580.125, 119.125], [590.375, 119.375]], [[1009.1666666666666, 149.5], [1019.5, 148.5], [1029.8333333333333, 147.5]], [[563.75, 211.625], [573.25, 211.875], [582.75, 212.125], [592.25, 212.375]], [[895.4166666666666, 178.0], [905.25, 177.0], [915.0833333333333, 176.0]], [[840.5833333333334, 185.66666666666666], [849.75, 185.0], [858.9166666666667, 184.33333333333331]], [[901.75, 165.0], [907.25, 165.0]]], "gtCharCounts": [0.0, 0.0, 0.0, 0.0, 0.0, 0.0, 0.0, 0.0], "gtDontCare": [2, 3, 4, 5, 6, 7], "detDontCare": [], "evaluationParams": {"GT_PATH": "gt/gt_IC15.zip", "SUBMIT_PATH": "result/result_paddleOCR_IC15.zip", "OUTPUT_PATH": "output/", "PORT": 8080, "BOX_TYPE": "QUAD", "TRANSCRIPTION": true, "CONFIDENCES": false, "CRLF": false, "E2E": true, "CASE_SENSITIVE": true, "RS": true, "AREA_PRECISION_CONSTRAINT": 0.5, "GRANULARITY_PENALTY_WEIGHT": 1.0, "VERTICAL_ASPECT_RATIO_THRES": 2.0, "NUM_WORKERS": 2, "GT_SAMPLE_NAME_2_ID": "([0-9]+)", "DET_SAMPLE_NAME_2_ID": "([0-9]+)", "PER_SAMPLE_RESULTS": true}, "evaluationLog": "GT polygons: 8 (6 don't care) \nDET polygons: 0\n\nFind one-to-one matches\nFind one-to-many matches\nFind many-to-one matches\n<b>Detection | PRECISION\n</b><b>Detection | RECALL\n</b><b># of false positive chars\n</b>0\n=================================\n<b>End-to-End | Recall\n</b><b>End-to-End | Precision\n</b>", "EndtoEnd": {"precision": 0.0, "recall": 0.0, "hmean": 0, "recognition_score": 0.0}, "end2endMat": [[0.0, 0.0], [0.0, 0.0], [0.0, 0.0], [0.0, 0.0], [0.0, 0.0], [0.0, 0.0], [0.0, 0.0], [0.0, 0.0], [0.0, 0.0], [0.0, 0.0]], "gtTrans": ["ALLWATCHES", "SINC", "####", "###", "####", "###", "###", "##"], "detTrans": [], "gtQuery": ["ALLWATCHES", "SINC", "####", "###", "####", "###", "###", "##"], "detQuery": []}