{"Rawdata": {"det_correct_num_recall": 0.0, "det_correct_num_precision": 0.0, "chars_gt": 11, "chars_det": 0, "num_splitted": 0, "num_merged": 0, "num_false_positive": 0, "char_missed": 11, "char_overlapped": 0, "char_false_positive": 0, "e2e_correct_num_recall": 0.0, "e2e_correct_num_precision": 0.0, "chars_recog": 0, "e2e_char_missed": 11.0, "e2e_char_false_positive": 0.0, "e2e_recog_score_chars": 0, "e2e_recog_score_correct_num": 0.0}, "Detection": {"precision": 0.0, "recall": 0.0, "hmean": 0}, "pairs": [], "detectionMat": [[0.0, 0.0], [0.0, 0.0], [0.0, 0.0], [0.0, 0.0], [0.0, 0.0]], "precisionMat": [[], [], []], "gtPolPoints": [[3.0, 125.0, 55.0, 121.0, 51.0, 153.0, 0.0, 156.0], [56.0, 121.0, 230.0, 100.0, 231.0, 134.0, 57.0, 155.0], [732.0, 171.0, 780.0, 170.0, 783.0, 196.0, 736.0, 198.0]], "detPolPoints": [], "gtCharPoints": [[[14.375, 139.625], [40.125, 137.875]], [[68.92857142857143, 136.5], [93.78571428571429, 133.5], [118.64285714285714, 130.5], [143.5, 127.5], [168.35714285714286, 124.5], [193.21428571428572, 121.5], [218.07142857142856, 118.5]], [[739.9375, 184.3125], [751.8125, 183.9375], [763.6875, 183.5625], [775.5625, 183.1875]]], "gtCharCounts": [0.0, 0.0, 0.0], "gtDontCare": [0], "detDontCare": [], "evaluationParams": {"GT_PATH": "gt/gt_IC15.zip", "SUBMIT_PATH": "result/result_paddleOCR_IC15.zip", "OUTPUT_PATH": "output/", "PORT": 8080, "BOX_TYPE": "QUAD", "TRANSCRIPTION": true, "CONFIDENCES": false, "CRLF": false, "E2E": true, "CASE_SENSITIVE": true, "RS": true, "AREA_PRECISION_CONSTRAINT": 0.5, "GRANULARITY_PENALTY_WEIGHT": 1.0, "VERTICAL_ASPECT_RATIO_THRES": 2.0, "NUM_WORKERS": 2, "GT_SAMPLE_NAME_2_ID": "([0-9]+)", "DET_SAMPLE_NAME_2_ID": "([0-9]+)", "PER_SAMPLE_RESULTS": true}, "evaluationLog": "GT polygons: 3 (1 don't care) \nDET polygons: 0\n\nFind one-to-one matches\nFind one-to-many matches\nFind many-to-one matches\n<b>Detection | PRECISION\n</b><b>Detection | RECALL\n</b><b># of false positive chars\n</b>0\n=================================\n<b>End-to-End | Recall\n</b><b>End-to-End | Precision\n</b>", "EndtoEnd": {"precision": 0.0, "recall": 0.0, "hmean": 0, "recognition_score": 0.0}, "end2endMat": [[0.0, 0.0], [0.0, 0.0], [0.0, 0.0], [0.0, 0.0], [0.0, 0.0]], "gtTrans": ["##", "SELLERS", "EXIT"], "detTrans": [], "gtQuery": ["##", "SELLERS", "EXIT"], "detQuery": []}