{"Rawdata": {"det_correct_num_recall": 25.0, "det_correct_num_precision": 25.0, "chars_gt": 25, "chars_det": 25.0, "num_splitted": 0, "num_merged": 0, "num_false_positive": 0, "char_missed": 0, "char_overlapped": 0, "char_false_positive": 0, "e2e_correct_num_recall": 23.0, "e2e_correct_num_precision": 23.0, "chars_recog": 60, "e2e_char_missed": 2.0, "e2e_char_false_positive": 37.0, "e2e_recog_score_chars": 60, "e2e_recog_score_correct_num": 23.0}, "Detection": {"precision": 1.0, "recall": 1.0, "hmean": 1.0}, "pairs": [{"gt": [0], "det": [0], "type": "OO"}, {"gt": [2], "det": [1], "type": "OO"}, {"gt": [3], "det": [2], "type": "OO"}], "detectionMat": [[6.0, 0.0, 0.0, 6.0, 0.0], [0.0, 0.0, 0.0, 0.0, 0.0], [0.0, 11.0, 0.0, 11.0, 0.0], [0.0, 0.0, 8.0, 8.0, 0.0], [6.0, 11.0, 8.0, 0.0, 0.0], [0.0, 0.0, 0.0, 0.0, 0.0]], "precisionMat": [[0.5552891818999101, 0.03299562073146968, 0.0], [0.18645519704999414, 0.004879711483485077, 0.0], [0.0, 0.7858491969606093, 0.011135701209833109], [0.0, 0.0, 0.6942789034564958]], "gtPolPoints": [[404.0, 64.0, 465.0, 56.0, 466.0, 71.0, 404.0, 79.0], [468.0, 54.0, 489.0, 52.0, 490.0, 67.0, 469.0, 69.0], [393.0, 83.0, 502.0, 67.0, 503.0, 83.0, 393.0, 99.0], [415.0, 99.0, 483.0, 90.0, 484.0, 107.0, 416.0, 116.0]], "detPolPoints": [[399.0, 62.0, 488.0, 49.0, 490.0, 68.0, 402.0, 80.0], [392.0, 80.0, 497.0, 65.0, 500.0, 85.0, 395.0, 100.0], [411.0, 95.0, 485.0, 88.0, 487.0, 111.0, 413.0, 117.0]], "gtCharPoints": [[[409.125, 70.83333333333333], [419.375, 69.5], [429.625, 68.16666666666666], [439.875, 66.83333333333333], [450.125, 65.5], [460.375, 64.16666666666666]], [[473.75, 61.0], [484.25, 60.0]], [[397.97727272727275, 90.27272727272727], [407.9318181818182, 88.81818181818181], [417.8863636363637, 87.36363636363636], [427.8409090909091, 85.9090909090909], [437.79545454545456, 84.45454545454545], [447.75, 83.0], [457.7045454545455, 81.54545454545453], [467.65909090909093, 80.09090909090908], [477.6136363636364, 78.63636363636363], [487.56818181818187, 77.18181818181817], [497.5227272727273, 75.72727272727272]], [[419.75, 106.9375], [428.25, 105.8125], [436.75, 104.6875], [445.25, 103.5625], [453.75, 102.4375], [462.25, 101.3125], [470.75, 100.1875], [479.25, 99.0625]]], "gtCharCounts": [[1.0, 1.0, 1.0, 1.0, 1.0, 1.0], [0.0, 0.0], [1.0, 1.0, 1.0, 1.0, 1.0, 1.0, 1.0, 1.0, 1.0, 1.0, 1.0], [1.0, 1.0, 1.0, 1.0, 1.0, 1.0, 1.0, 1.0]], "gtDontCare": [1], "detDontCare": [], "evaluationParams": {"GT_PATH": "gt/gt_IC15.zip", "SUBMIT_PATH": "result/result_paddleOCR_IC15.zip", "OUTPUT_PATH": "output/", "PORT": 8080, "BOX_TYPE": "QUAD", "TRANSCRIPTION": true, "CONFIDENCES": false, "CRLF": false, "E2E": true, "CASE_SENSITIVE": true, "RS": true, "AREA_PRECISION_CONSTRAINT": 0.5, "GRANULARITY_PENALTY_WEIGHT": 1.0, "VERTICAL_ASPECT_RATIO_THRES": 2.0, "NUM_WORKERS": 2, "GT_SAMPLE_NAME_2_ID": "([0-9]+)", "DET_SAMPLE_NAME_2_ID": "([0-9]+)", "PER_SAMPLE_RESULTS": true}, "evaluationLog": "GT polygons: 4 (1 don't care) \nDET polygons: 3\n\nFind one-to-one matches\nMatch GT #0 with Det #0\nMatch GT #2 with Det #1\nMatch GT #3 with Det #2\nFind one-to-many matches\nFind many-to-one matches\n<b>Detection | PRECISION\n</b><b>Detection | RECALL\n</b><b># of false positive chars\n</b>0\n=================================\n<b>End-to-End | Recall\n</b><b>End-to-End | Precision\n</b>", "EndtoEnd": {"precision": 0.38333333333333336, "recall": 0.92, "hmean": 0.5411764705882353, "recognition_score": 0.38333333333333336}, "end2endMat": [[0.0, 0.0, 0.0, 6.0, 0.0], [0.0, 0.0, 0.0, 0.0, 0.0], [0.0, 0.0, 0.0, 10.0, 0.0], [0.0, 0.0, 0.0, 7.0, 0.0], [6.0, 10.0, 7.0, 0.0, 0.0], [0.0, 0.0, 0.0, 0.0, 0.0]], "gtTrans": ["BEWARE", "##", "MAINTENANCE", "VEICHLES"], "detTrans": ["BEWARE OF,0.99651253", "MAINTENANCI,0.9854079", "VEHICLES,0.99813586"], "gtQuery": ["BEWARE", "##", "MAINTENANCE", "VEICHLES"], "detQuery": ["BEWARE OF,0.99651253", "MAINTENANCI,0.9854079", "VEHICLES,0.99813586"]}