{"Rawdata": {"det_correct_num_recall": 3.0, "det_correct_num_precision": 3.0, "chars_gt": 31, "chars_det": 3.0, "num_splitted": 0, "num_merged": 0, "num_false_positive": 0, "char_missed": 28, "char_overlapped": 0, "char_false_positive": 0, "e2e_correct_num_recall": 2.0, "e2e_correct_num_precision": 2.0, "chars_recog": 12, "e2e_char_missed": 29.0, "e2e_char_false_positive": 10.0, "e2e_recog_score_chars": 12, "e2e_recog_score_correct_num": 2.0}, "Detection": {"precision": 1.0, "recall": 0.0967741935483871, "hmean": 0.17647058823529413}, "pairs": [{"gt": [2], "det": [0], "type": "OO"}], "detectionMat": [[0.0, 0.0, 0.0], [0.0, 0.0, 0.0], [3.0, 3.0, 0.0], [0.0, 0.0, 0.0], [0.0, 0.0, 0.0], [0.0, 0.0, 0.0], [0.0, 0.0, 0.0], [3.0, 0.0, 0.0], [0.0, 0.0, 0.0]], "precisionMat": [[0.0], [0.0], [0.9780768763549381], [0.0], [0.0], [0.0], [0.0]], "gtPolPoints": [[12.0, 137.0, 166.0, 86.0, 184.0, 182.0, 30.0, 233.0], [62.0, 255.0, 146.0, 210.0, 160.0, 248.0, 76.0, 292.0], [830.0, 113.0, 921.0, 108.0, 922.0, 180.0, 831.0, 186.0], [849.0, 185.0, 903.0, 189.0, 899.0, 254.0, 846.0, 249.0], [814.0, 242.0, 858.0, 253.0, 859.0, 316.0, 816.0, 305.0], [858.0, 264.0, 955.0, 285.0, 951.0, 348.0, 854.0, 327.0], [834.0, 304.0, 918.0, 335.0, 912.0, 414.0, 829.0, 383.0]], "detPolPoints": [[851.0, 128.0, 907.0, 128.0, 907.0, 184.0, 851.0, 184.0]], "gtCharPoints": [[[32.0, 181.35714285714286], [54.0, 174.07142857142858], [76.0, 166.78571428571428], [98.0, 159.5], [120.0, 152.21428571428572], [142.0, 144.92857142857144], [164.0, 137.64285714285714]], [[79.5, 267.9375], [100.5, 256.8125], [121.5, 245.6875], [142.5, 234.5625]], [[839.6, 148.95], [857.8000000000001, 147.85], [876.0, 146.75], [894.2, 145.64999999999998], [912.4, 144.54999999999998]], [[856.4166666666666, 217.75], [874.25, 219.25], [892.0833333333333, 220.75]], [[822.25, 275.3333333333333], [836.75, 279.0], [851.25, 282.66666666666663]], [[868.125, 298.125], [892.375, 303.375], [916.625, 308.625], [940.875, 313.875]], [[839.85, 346.6], [856.5500000000001, 352.8], [873.25, 359.0], [889.95, 365.20000000000005], [906.65, 371.40000000000003]]], "gtCharCounts": [[0.0, 0.0, 0.0, 0.0, 0.0, 0.0, 0.0], [0.0, 0.0, 0.0, 0.0], [0.0, 1.0, 1.0, 1.0, 0.0], [0.0, 0.0, 0.0], [0.0, 0.0, 0.0], [0.0, 0.0, 0.0, 0.0], [0.0, 0.0, 0.0, 0.0, 0.0]], "gtDontCare": [], "detDontCare": [], "evaluationParams": {"GT_PATH": "gt/gt_IC15.zip", "SUBMIT_PATH": "result/result_paddleOCR_IC15.zip", "OUTPUT_PATH": "output/", "PORT": 8080, "BOX_TYPE": "QUAD", "TRANSCRIPTION": true, "CONFIDENCES": false, "CRLF": false, "E2E": true, "CASE_SENSITIVE": true, "RS": true, "AREA_PRECISION_CONSTRAINT": 0.5, "GRANULARITY_PENALTY_WEIGHT": 1.0, "VERTICAL_ASPECT_RATIO_THRES": 2.0, "NUM_WORKERS": 2, "GT_SAMPLE_NAME_2_ID": "([0-9]+)", "DET_SAMPLE_NAME_2_ID": "([0-9]+)", "PER_SAMPLE_RESULTS": true}, "evaluationLog": "GT polygons: 7 (0 don't care) \nDET polygons: 1\n\nFind one-to-one matches\nMatch GT #2 with Det #0\nFind one-to-many matches\nFind many-to-one matches\n<b>Detection | PRECISION\n</b><b>Detection | RECALL\n</b><b># of false positive chars\n</b>0\n=================================\n<b>End-to-End | Recall\n</b><b>End-to-End | Precision\n</b>", "EndtoEnd": {"precision": 0.16666666666666666, "recall": 0.06451612903225806, "hmean": 0.09302325581395349, "recognition_score": 0.16666666666666666}, "end2endMat": [[0.0, 0.0, 0.0], [0.0, 0.0, 0.0], [0.0, 2.0, 0.0], [0.0, 0.0, 0.0], [0.0, 0.0, 0.0], [0.0, 0.0, 0.0], [0.0, 0.0, 0.0], [2.0, 0.0, 0.0], [0.0, 0.0, 0.0]], "gtTrans": ["Opening", "Soon", "Gifts", "for", "all", "your", "girls"], "detTrans": ["it,0.5185821"], "gtQuery": ["Opening", "Soon", "Gifts", "for", "all", "your", "girls"], "detQuery": ["it,0.5185821"]}