{"Rawdata": {"det_correct_num_recall": 10.0, "det_correct_num_precision": 9.0, "chars_gt": 20, "chars_det": 10.0, "num_splitted": 0, "num_merged": 1, "num_false_positive": 0, "char_missed": 10, "char_overlapped": 0, "char_false_positive": 0, "e2e_correct_num_recall": 10.0, "e2e_correct_num_precision": 9.0, "chars_recog": 20, "e2e_char_missed": 10.0, "e2e_char_false_positive": 10.0, "e2e_recog_score_chars": 20, "e2e_recog_score_correct_num": 10.0}, "Detection": {"precision": 0.9, "recall": 0.5, "hmean": 0.6428571428571429}, "pairs": [{"gt": [1], "det": [0], "type": "OO"}, {"gt": [0, 1], "det": [0], "type": "MO"}], "detectionMat": [[4.0, 4.0, 0.0], [6.0, 6.0, 0.0], [0.0, 0.0, 0.0], [0.0, 0.0, 0.0], [0.0, 0.0, 0.0], [0.0, 0.0, 0.0], [0.0, 0.0, 0.0], [0.0, 0.0, 0.0], [0.0, 0.0, 0.0], [0.0, 0.0, 0.0], [0.0, 0.0, 0.0], [0.0, 0.0, 0.0], [10.0, 0.0, 0.0], [1.0, 0.0, 0.0]], "precisionMat": [[0.4643796299166858], [0.5276136640091668], [0.0], [0.0], [0.0], [0.0], [0.0], [0.0], [0.0], [0.0], [0.0], [0.0]], "gtPolPoints": [[611.0, 127.0, 687.0, 118.0, 692.0, 153.0, 617.0, 162.0], [687.0, 116.0, 767.0, 102.0, 772.0, 134.0, 692.0, 148.0], [1036.0, 81.0, 1065.0, 74.0, 1065.0, 85.0, 1036.0, 92.0], [1062.0, 72.0, 1102.0, 68.0, 1103.0, 80.0, 1062.0, 85.0], [1102.0, 70.0, 1129.0, 65.0, 1130.0, 77.0, 1103.0, 82.0], [1129.0, 65.0, 1172.0, 57.0, 1172.0, 68.0, 1128.0, 76.0], [1174.0, 57.0, 1203.0, 53.0, 1202.0, 67.0, 1173.0, 70.0], [1053.0, 87.0, 1166.0, 72.0, 1167.0, 86.0, 1055.0, 102.0], [1165.0, 72.0, 1202.0, 66.0, 1203.0, 80.0, 1167.0, 86.0], [1158.0, 115.0, 1183.0, 112.0, 1185.0, 131.0, 1160.0, 135.0], [1162.0, 136.0, 1186.0, 131.0, 1187.0, 149.0, 1163.0, 154.0], [979.0, 130.0, 1006.0, 124.0, 1008.0, 136.0, 980.0, 142.0]], "detPolPoints": [[614.0, 129.0, 767.0, 103.0, 772.0, 132.0, 619.0, 157.0]], "gtCharPoints": [[[623.4375, 143.375], [642.3125, 141.125], [661.1875, 138.875], [680.0625, 136.625]], [[696.1666666666666, 130.83333333333334], [709.5, 128.5], [722.8333333333333, 126.16666666666667], [736.1666666666666, 123.83333333333334], [749.5, 121.50000000000001], [762.8333333333333, 119.16666666666667]], [[1040.8333333333333, 85.33333333333333], [1050.5, 83.0], [1060.1666666666665, 80.66666666666666]], [[1068.75, 77.75], [1082.25, 76.25], [1095.75, 74.75]], [[1107.0, 75.16666666666667], [1116.0, 73.5], [1125.0, 71.83333333333334]], [[1133.9375, 69.5], [1144.8125, 67.5], [1155.6875, 65.5], [1166.5625, 63.5]], [[1178.3333333333333, 62.916666666666664], [1188.0, 61.75], [1197.6666666666665, 60.58333333333333]], [[1061.03125, 93.53125], [1075.09375, 91.59375], [1089.15625, 89.65625], [1103.21875, 87.71875], [1117.28125, 85.78125], [1131.34375, 83.84375], [1145.40625, 81.90625], [1159.46875, 79.96875]], [[1172.0833333333333, 78.0], [1184.25, 76.0], [1196.4166666666665, 74.0]], [[1165.25, 124.125], [1177.75, 122.375]], [[1168.5, 143.75], [1180.5, 141.25]], [[984.0833333333334, 135.0], [993.25, 133.0], [1002.4166666666667, 131.0]]], "gtCharCounts": [[1.0, 1.0, 1.0, 1.0], [1.0, 1.0, 1.0, 1.0, 1.0, 1.0], [0.0, 0.0, 0.0], [0.0, 0.0, 0.0], [0.0, 0.0, 0.0], [0.0, 0.0, 0.0, 0.0], [0.0, 0.0, 0.0], [0.0, 0.0, 0.0, 0.0, 0.0, 0.0, 0.0, 0.0], [0.0, 0.0, 0.0], [0.0, 0.0], [0.0, 0.0], [0.0, 0.0, 0.0]], "gtDontCare": [2, 4, 6, 7, 9, 10, 11], "detDontCare": [], "evaluationParams": {"GT_PATH": "gt/gt_IC15.zip", "SUBMIT_PATH": "result/result_paddleOCR_IC15.zip", "OUTPUT_PATH": "output/", "PORT": 8080, "BOX_TYPE": "QUAD", "TRANSCRIPTION": true, "CONFIDENCES": false, "CRLF": false, "E2E": true, "CASE_SENSITIVE": true, "RS": true, "AREA_PRECISION_CONSTRAINT": 0.5, "GRANULARITY_PENALTY_WEIGHT": 1.0, "VERTICAL_ASPECT_RATIO_THRES": 2.0, "NUM_WORKERS": 2, "GT_SAMPLE_NAME_2_ID": "([0-9]+)", "DET_SAMPLE_NAME_2_ID": "([0-9]+)", "PER_SAMPLE_RESULTS": true}, "evaluationLog": "GT polygons: 12 (7 don't care) \nDET polygons: 1\n\nFind one-to-one matches\nMatch GT #1 with Det #0\nFind one-to-many matches\nFind many-to-one matches\nMatch GT #[0, 1] with Det #0\n<b>Detection | PRECISION\n</b><b>Detection | RECALL\n</b><b># of false positive chars\n</b>0\n=================================\n<b>End-to-End | Recall\n</b><b>End-to-End | Precision\n</b>", "EndtoEnd": {"precision": 0.45, "recall": 0.5, "hmean": 0.4736842105263158, "recognition_score": 0.5}, "end2endMat": [[0.0, 4.0, 0.0], [0.0, 6.0, 0.0], [0.0, 0.0, 0.0], [0.0, 0.0, 0.0], [0.0, 0.0, 0.0], [0.0, 0.0, 0.0], [0.0, 0.0, 0.0], [0.0, 0.0, 0.0], [0.0, 0.0, 0.0], [0.0, 0.0, 0.0], [0.0, 0.0, 0.0], [0.0, 0.0, 0.0], [10.0, 0.0, 0.0], [1.0, 0.0, 0.0]], "gtTrans": ["JOHN", "LITTLE", "###", "WAY", "###", "YOUR", "###", "########", "CHO", "##", "##", "###"], "detTrans": ["JOHN LITTLE,0.968512"], "gtQuery": ["JOHN", "LITTLE", "###", "WAY", "###", "YOUR", "###", "########", "CHO", "##", "##", "###"], "detQuery": ["JOHN LITTLE,0.968512"]}