{"Rawdata": {"det_correct_num_recall": 12.0, "det_correct_num_precision": 12.0, "chars_gt": 13, "chars_det": 12.0, "num_splitted": 0, "num_merged": 0, "num_false_positive": 0, "char_missed": 1, "char_overlapped": 0, "char_false_positive": 0, "e2e_correct_num_recall": 12.0, "e2e_correct_num_precision": 12.0, "chars_recog": 34, "e2e_char_missed": 1.0, "e2e_char_false_positive": 22.0, "e2e_recog_score_chars": 34, "e2e_recog_score_correct_num": 12.0}, "Detection": {"precision": 1.0, "recall": 0.9230769230769231, "hmean": 0.9600000000000001}, "pairs": [{"gt": [0], "det": [1], "type": "OO"}, {"gt": [4], "det": [0], "type": "OO"}], "detectionMat": [[0.0, 7.0, 7.0, 0.0], [0.0, 0.0, 0.0, 0.0], [0.0, 0.0, 0.0, 0.0], [0.0, 0.0, 0.0, 0.0], [5.0, 0.0, 5.0, 0.0], [0.0, 0.0, 0.0, 0.0], [0.0, 0.0, 0.0, 0.0], [5.0, 7.0, 0.0, 0.0], [0.0, 0.0, 0.0, 0.0]], "precisionMat": [[0.0, 0.7205029594148465], [0.0, 0.11424758708986882], [0.0, 0.0004661008933192649], [0.0, 0.0], [0.8776131687242769, 0.0], [0.06269503546099292, 0.0], [0.0, 0.0]], "gtPolPoints": [[330.0, 70.0, 509.0, 93.0, 512.0, 143.0, 332.0, 120.0], [520.0, 103.0, 551.0, 104.0, 552.0, 146.0, 520.0, 143.0], [189.0, 80.0, 462.0, 114.0, 459.0, 151.0, 187.0, 117.0], [556.0, 162.0, 623.0, 159.0, 625.0, 189.0, 558.0, 192.0], [648.0, 3.0, 705.0, 5.0, 708.0, 239.0, 654.0, 238.0], [653.0, 253.0, 700.0, 251.0, 703.0, 316.0, 656.0, 318.0], [760.0, 168.0, 782.0, 168.0, 782.0, 184.0, 763.0, 183.0]], "detPolPoints": [[661.0, 41.0, 697.0, 41.0, 697.0, 266.0, 661.0, 266.0], [348.0, 65.0, 559.0, 100.0, 551.0, 152.0, 339.0, 117.0]], "gtCharPoints": [[[343.82142857142856, 96.64285714285714], [369.4642857142857, 99.92857142857143], [395.10714285714283, 103.21428571428571], [420.75, 106.5], [446.3928571428571, 109.78571428571428], [472.0357142857143, 113.07142857142857], [497.67857142857144, 116.35714285714286]], [[527.875, 123.5], [543.625, 124.5]], [[205.03125, 100.625], [239.09375, 104.875], [273.15625, 109.125], [307.21875, 113.375], [341.28125, 117.625], [375.34375, 121.875], [409.40625, 126.125], [443.46875, 130.375]], [[568.1666666666666, 176.5], [590.5, 175.5], [612.8333333333333, 174.5]], [[680.625, 218.95833333333334], [679.875, 179.875], [679.125, 140.79166666666669], [678.375, 101.70833333333334], [677.625, 62.625], [676.875, 23.541666666666657]], [[666.25, 285.0], [689.75, 284.0]], [[766.625, 175.625], [776.875, 175.875]]], "gtCharCounts": [[1.0, 1.0, 1.0, 1.0, 1.0, 1.0, 1.0], [0.0, 0.0], [0.0, 0.0, 0.0, 0.0, 0.0, 0.0, 0.0, 0.0], [0.0, 0.0, 0.0], [1.0, 1.0, 1.0, 1.0, 1.0, 0.0], [0.0, 0.0], [0.0, 0.0]], "gtDontCare": [1, 2, 3, 5, 6], "detDontCare": [], "evaluationParams": {"GT_PATH": "gt/gt_IC15.zip", "SUBMIT_PATH": "result/result_paddleOCR_IC15.zip", "OUTPUT_PATH": "output/", "PORT": 8080, "BOX_TYPE": "QUAD", "TRANSCRIPTION": true, "CONFIDENCES": false, "CRLF": false, "E2E": true, "CASE_SENSITIVE": true, "RS": true, "AREA_PRECISION_CONSTRAINT": 0.5, "GRANULARITY_PENALTY_WEIGHT": 1.0, "VERTICAL_ASPECT_RATIO_THRES": 2.0, "NUM_WORKERS": 2, "GT_SAMPLE_NAME_2_ID": "([0-9]+)", "DET_SAMPLE_NAME_2_ID": "([0-9]+)", "PER_SAMPLE_RESULTS": true}, "evaluationLog": "GT polygons: 7 (5 don't care) \nDET polygons: 2\n\nFind one-to-one matches\nMatch GT #0 with Det #1\nMatch GT #4 with Det #0\nFind one-to-many matches\nFind many-to-one matches\n<b>Detection | PRECISION\n</b><b>Detection | RECALL\n</b><b># of false positive chars\n</b>0\n=================================\n<b>End-to-End | Recall\n</b><b>End-to-End | Precision\n</b>", "EndtoEnd": {"precision": 0.35294117647058826, "recall": 0.9230769230769231, "hmean": 0.5106382978723405, "recognition_score": 0.35294117647058826}, "end2endMat": [[0.0, 0.0, 7.0, 0.0], [0.0, 0.0, 0.0, 0.0], [0.0, 0.0, 0.0, 0.0], [0.0, 0.0, 0.0, 0.0], [0.0, 0.0, 5.0, 0.0], [0.0, 0.0, 0.0, 0.0], [0.0, 0.0, 0.0, 0.0], [5.0, 7.0, 0.0, 0.0], [0.0, 0.0, 0.0, 0.0]], "gtTrans": ["FOREVER", "##", "########", "###", "OREVER", "##", "##"], "detTrans": ["REVER,0.9902102", "FOREVER21,0.9559183"], "gtQuery": ["FOREVER", "##", "########", "###", "OREVER", "##", "##"], "detQuery": ["REVER,0.9902102", "FOREVER21,0.9559183"]}