{"Rawdata": {"det_correct_num_recall": 3.0, "det_correct_num_precision": 3.0, "chars_gt": 3, "chars_det": 3.0, "num_splitted": 0, "num_merged": 0, "num_false_positive": 0, "char_missed": 0, "char_overlapped": 0, "char_false_positive": 0, "e2e_correct_num_recall": 3.0, "e2e_correct_num_precision": 3.0, "chars_recog": 14, "e2e_char_missed": 0.0, "e2e_char_false_positive": 11.0, "e2e_recog_score_chars": 14, "e2e_recog_score_correct_num": 3.0}, "Detection": {"precision": 1.0, "recall": 1.0, "hmean": 1.0}, "pairs": [{"gt": [0], "det": [0], "type": "OO"}], "detectionMat": [[3.0, 0.0, 3.0, 0.0], [0.0, 0.0, 0.0, 0.0], [0.0, 0.0, 0.0, 0.0], [0.0, 0.0, 0.0, 0.0], [0.0, 0.0, 0.0, 0.0], [0.0, 0.0, 0.0, 0.0], [0.0, 0.0, 0.0, 0.0], [0.0, 0.0, 0.0, 0.0], [0.0, 0.0, 0.0, 0.0], [0.0, 0.0, 0.0, 0.0], [0.0, 0.0, 0.0, 0.0], [3.0, 0.0, 0.0, 0.0], [0.0, 0.0, 0.0, 0.0]], "precisionMat": [[0.84259058232992, 0.0], [0.0, 0.9317637574145969], [0.0, 0.0], [0.0, 0.0], [0.0, 0.0], [0.0, 0.0], [0.0, 0.0], [0.0, 0.0], [0.0, 0.0], [0.0, 0.0], [0.0, 0.0]], "gtPolPoints": [[1154.0, 203.0, 1278.0, 169.0, 1278.0, 226.0, 1167.0, 255.0], [1207.0, 248.0, 1254.0, 240.0, 1264.0, 263.0, 1204.0, 276.0], [1264.0, 243.0, 1275.0, 239.0, 1278.0, 261.0, 1267.0, 263.0], [1034.0, 351.0, 1090.0, 353.0, 1086.0, 366.0, 1027.0, 362.0], [1033.0, 360.0, 1086.0, 363.0, 1082.0, 372.0, 1031.0, 369.0], [710.0, 408.0, 796.0, 395.0, 809.0, 433.0, 714.0, 451.0], [507.0, 298.0, 541.0, 301.0, 534.0, 368.0, 504.0, 366.0], [746.0, 227.0, 770.0, 213.0, 777.0, 255.0, 752.0, 269.0], [324.0, 392.0, 341.0, 390.0, 344.0, 464.0, 323.0, 465.0], [960.0, 258.0, 1042.0, 252.0, 1044.0, 283.0, 969.0, 285.0], [1050.0, 154.0, 1070.0, 151.0, 1090.0, 304.0, 1068.0, 308.0]], "detPolPoints": [[1148.0, 194.0, 1268.0, 166.0, 1279.0, 225.0, 1163.0, 254.0], [1206.0, 248.0, 1261.0, 241.0, 1264.0, 265.0, 1209.0, 272.0]], "gtCharPoints": [[[1180.0833333333333, 223.75], [1219.25, 213.25], [1258.4166666666665, 202.75]], [[1214.4166666666667, 260.25], [1232.25, 256.75], [1250.0833333333335, 253.25]], [[1268.25, 252.25], [1273.75, 250.75]], [[1036.25, 356.8], [1047.75, 357.40000000000003], [1059.25, 358.0], [1070.75, 358.6], [1082.25, 359.2]], [[1036.3333333333333, 364.75], [1045.0, 365.25], [1053.6666666666665, 365.75], [1062.3333333333333, 366.25], [1071.0, 366.75], [1079.6666666666665, 367.25]], [[727.0833333333334, 426.9166666666667], [757.25, 421.75], [787.4166666666667, 416.58333333333337]], [[519.8333333333334, 355.75], [521.5, 333.25], [523.1666666666667, 310.75]], [[755.125, 244.5], [767.375, 237.5]], [[333.375, 455.3125], [333.125, 436.9375], [332.875, 418.5625], [332.625, 400.1875]], [[977.5833333333334, 270.8333333333333], [1003.75, 269.5], [1029.9166666666667, 268.16666666666663]], [[1077.8125, 296.40625], [1075.4375, 277.21875], [1073.0625, 258.03125], [1070.6875, 238.84375], [1068.3125, 219.65625], [1065.9375, 200.46875], [1063.5625, 181.28125], [1061.1875, 162.09375]]], "gtCharCounts": [[1.0, 1.0, 1.0], [0.0, 0.0, 0.0], [0.0, 0.0], [0.0, 0.0, 0.0, 0.0, 0.0], [0.0, 0.0, 0.0, 0.0, 0.0, 0.0], [0.0, 0.0, 0.0], [0.0, 0.0, 0.0], [0.0, 0.0], [0.0, 0.0, 0.0, 0.0], [0.0, 0.0, 0.0], [0.0, 0.0, 0.0, 0.0, 0.0, 0.0, 0.0, 0.0]], "gtDontCare": [1, 2, 3, 4, 5, 6, 7, 8, 9, 10], "detDontCare": [1], "evaluationParams": {"GT_PATH": "gt/gt_IC15.zip", "SUBMIT_PATH": "result/result_paddleOCR_IC15.zip", "OUTPUT_PATH": "output/", "PORT": 8080, "BOX_TYPE": "QUAD", "TRANSCRIPTION": true, "CONFIDENCES": false, "CRLF": false, "E2E": true, "CASE_SENSITIVE": true, "RS": true, "AREA_PRECISION_CONSTRAINT": 0.5, "GRANULARITY_PENALTY_WEIGHT": 1.0, "VERTICAL_ASPECT_RATIO_THRES": 2.0, "NUM_WORKERS": 2, "GT_SAMPLE_NAME_2_ID": "([0-9]+)", "DET_SAMPLE_NAME_2_ID": "([0-9]+)", "PER_SAMPLE_RESULTS": true}, "evaluationLog": "GT polygons: 11 (10 don't care) \nDET polygons: 2\n (1 don't care)\nFind one-to-one matches\nMatch GT #0 with Det #0\nFind one-to-many matches\nFind many-to-one matches\n<b>Detection | PRECISION\n</b><b>Detection | RECALL\n</b><b># of false positive chars\n</b>0\n=================================\n<b>End-to-End | Recall\n</b><b>End-to-End | Precision\n</b>", "EndtoEnd": {"precision": 0.21428571428571427, "recall": 1.0, "hmean": 0.35294117647058826, "recognition_score": 0.21428571428571427}, "end2endMat": [[0.0, 0.0, 3.0, 0.0], [0.0, 0.0, 0.0, 0.0], [0.0, 0.0, 0.0, 0.0], [0.0, 0.0, 0.0, 0.0], [0.0, 0.0, 0.0, 0.0], [0.0, 0.0, 0.0, 0.0], [0.0, 0.0, 0.0, 0.0], [0.0, 0.0, 0.0, 0.0], [0.0, 0.0, 0.0, 0.0], [0.0, 0.0, 0.0, 0.0], [0.0, 0.0, 0.0, 0.0], [3.0, 0.0, 0.0, 0.0], [0.0, 0.0, 0.0, 0.0]], "gtTrans": ["SHA", "###", "##", "#####", "######", "###", "###", "##", "####", "###", "########"], "detTrans": ["SHAI,0.9570265", "Shabu,0.943213"], "gtQuery": ["SHA", "###", "##", "#####", "######", "###", "###", "##", "####", "###", "########"], "detQuery": ["SHAI,0.9570265", "Shabu,0.943213"]}