{"Rawdata": {"det_correct_num_recall": 16.0, "det_correct_num_precision": 15.0, "chars_gt": 30, "chars_det": 21.0, "num_splitted": 0, "num_merged": 1, "num_false_positive": 1, "char_missed": 14, "char_overlapped": 0, "char_false_positive": 5, "e2e_correct_num_recall": 9.0, "e2e_correct_num_precision": 8.0, "chars_recog": 52, "e2e_char_missed": 21.0, "e2e_char_false_positive": 43.0, "e2e_recog_score_chars": 36, "e2e_recog_score_correct_num": 9.0}, "Detection": {"precision": 0.7142857142857143, "recall": 0.5333333333333333, "hmean": 0.6106870229007633}, "pairs": [{"gt": [2], "det": [1], "type": "OO"}, {"gt": [0, 1], "det": [0], "type": "MO"}], "detectionMat": [[5.0, 0.0, 0.0, 5.0, 0.0], [5.0, 0.0, 0.0, 5.0, 0.0], [0.0, 6.0, 0.0, 6.0, 0.0], [0.0, 0.0, 0.0, 0.0, 0.0], [0.0, 0.0, 0.0, 0.0, 0.0], [10.0, 6.0, 0.0, 0.0, 0.0], [1.0, 0.0, 0.0, 0.0, 0.0]], "precisionMat": [[0.46764126078557317, 0.0, 0.0], [0.3069180881900508, 0.0, 0.0], [0.0, 0.6632687582393278, 0.0], [0.0, 0.0, 0.0], [0.0, 0.0, 0.0]], "gtPolPoints": [[60.0, 140.0, 131.0, 145.0, 130.0, 170.0, 58.0, 165.0], [133.0, 143.0, 188.0, 148.0, 187.0, 172.0, 136.0, 168.0], [613.0, 165.0, 717.0, 160.0, 720.0, 182.0, 615.0, 186.0], [1058.0, 101.0, 1225.0, 67.0, 1228.0, 102.0, 1058.0, 130.0], [328.0, 132.0, 371.0, 135.0, 368.0, 153.0, 327.0, 152.0]], "detPolPoints": [[67.0, 139.0, 184.0, 150.0, 181.0, 180.0, 64.0, 168.0], [620.0, 160.0, 734.0, 156.0, 735.0, 184.0, 621.0, 188.0], [570.0, 213.0, 786.0, 209.0, 787.0, 260.0, 571.0, 265.0]], "gtCharPoints": [[[64.95833333333333, 152.91666666666666], [76.875, 153.75], [88.79166666666666, 154.58333333333331], [100.70833333333333, 155.41666666666666], [112.625, 156.25], [124.54166666666666, 157.08333333333331]], [[139.8, 155.95], [150.4, 156.85], [161.0, 157.75], [171.60000000000002, 158.64999999999998], [182.20000000000002, 159.54999999999998]], [[622.7083333333334, 175.125], [640.125, 174.375], [657.5416666666667, 173.625], [674.9583333333334, 172.875], [692.375, 172.125], [709.7916666666667, 171.375]], [[1067.361111111111, 113.77777777777777], [1086.0833333333333, 110.33333333333333], [1104.8055555555554, 106.88888888888889], [1123.5277777777778, 103.44444444444444], [1142.25, 100.0], [1160.9722222222222, 96.55555555555554], [1179.6944444444443, 93.1111111111111], [1198.4166666666665, 89.66666666666666], [1217.138888888889, 86.22222222222221]], [[332.75, 142.25], [343.25, 142.75], [353.75, 143.25], [364.25, 143.75]]], "gtCharCounts": [[0.0, 1.0, 1.0, 1.0, 1.0, 1.0], [1.0, 1.0, 1.0, 1.0, 1.0], [1.0, 1.0, 1.0, 1.0, 1.0, 1.0], [0.0, 0.0, 0.0, 0.0, 0.0, 0.0, 0.0, 0.0, 0.0], [0.0, 0.0, 0.0, 0.0]], "gtDontCare": [], "detDontCare": [], "evaluationParams": {"GT_PATH": "gt/gt_IC15.zip", "SUBMIT_PATH": "result/result_paddleOCR_IC15.zip", "OUTPUT_PATH": "output/", "PORT": 8080, "BOX_TYPE": "QUAD", "TRANSCRIPTION": true, "CONFIDENCES": false, "CRLF": false, "E2E": true, "CASE_SENSITIVE": true, "RS": true, "AREA_PRECISION_CONSTRAINT": 0.5, "GRANULARITY_PENALTY_WEIGHT": 1.0, "VERTICAL_ASPECT_RATIO_THRES": 2.0, "NUM_WORKERS": 2, "GT_SAMPLE_NAME_2_ID": "([0-9]+)", "DET_SAMPLE_NAME_2_ID": "([0-9]+)", "PER_SAMPLE_RESULTS": true}, "evaluationLog": "GT polygons: 5 (0 don't care) \nDET polygons: 3\n\nFind one-to-one matches\nMatch GT #2 with Det #1\nFind one-to-many matches\nFind many-to-one matches\nMatch GT #[0, 1] with Det #0\n<b>Detection | PRECISION\n</b><b>Detection | RECALL\n</b><b># of false positive chars\n</b>5\n=================================\n<b>End-to-End | Recall\n</b><b>End-to-End | Precision\n</b>", "EndtoEnd": {"precision": 0.15384615384615385, "recall": 0.3, "hmean": 0.2033898305084746, "recognition_score": 0.25}, "end2endMat": [[0.0, 0.0, 0.0, 1.0, 0.0], [0.0, 0.0, 0.0, 2.0, 0.0], [0.0, 0.0, 0.0, 6.0, 0.0], [0.0, 0.0, 0.0, 0.0, 0.0], [0.0, 0.0, 0.0, 0.0, 0.0], [3.0, 6.0, 0.0, 0.0, 0.0], [1.0, 0.0, 0.0, 0.0, 0.0]], "gtTrans": ["Calvin", "Klein", "swatch", "O-FACTORY", "EXIT"], "detTrans": ["cayp KeR,0.7151491", "swatch+,0.97911465", "OONEO,0.87256163"], "gtQuery": ["Calvin", "Klein", "swatch", "O-FACTORY", "EXIT"], "detQuery": ["cayp KeR,0.7151491", "swatch+,0.97911465", "OONEO,0.87256163"]}