{"Rawdata": {"det_correct_num_recall": 0.0, "det_correct_num_precision": 0.0, "chars_gt": 36, "chars_det": 0, "num_splitted": 0, "num_merged": 0, "num_false_positive": 0, "char_missed": 36, "char_overlapped": 0, "char_false_positive": 0, "e2e_correct_num_recall": 0.0, "e2e_correct_num_precision": 0.0, "chars_recog": 0, "e2e_char_missed": 36.0, "e2e_char_false_positive": 0.0, "e2e_recog_score_chars": 0, "e2e_recog_score_correct_num": 0.0}, "Detection": {"precision": 0.0, "recall": 0.0, "hmean": 0}, "pairs": [], "detectionMat": [[0.0, 0.0], [0.0, 0.0], [0.0, 0.0], [0.0, 0.0], [0.0, 0.0], [0.0, 0.0], [0.0, 0.0], [0.0, 0.0]], "precisionMat": [[], [], [], [], [], []], "gtPolPoints": [[342.0, 228.0, 381.0, 220.0, 381.0, 237.0, 341.0, 245.0], [385.0, 218.0, 425.0, 214.0, 427.0, 230.0, 384.0, 237.0], [347.0, 243.0, 393.0, 236.0, 395.0, 253.0, 349.0, 261.0], [398.0, 234.0, 423.0, 231.0, 425.0, 246.0, 397.0, 252.0], [342.0, 262.0, 380.0, 256.0, 382.0, 272.0, 345.0, 280.0], [384.0, 255.0, 427.0, 246.0, 427.0, 265.0, 385.0, 272.0]], "detPolPoints": [], "gtCharPoints": [[[344.7916666666667, 235.83333333333334], [351.375, 234.5], [357.95833333333337, 233.16666666666669], [364.5416666666667, 231.83333333333334], [371.125, 230.5], [377.70833333333337, 229.16666666666669]], [[387.4642857142857, 227.10714285714286], [393.39285714285717, 226.32142857142858], [399.32142857142856, 225.53571428571428], [405.25, 224.75], [411.17857142857144, 223.96428571428572], [417.1071428571429, 223.17857142857144], [423.0357142857143, 222.39285714285714]], [[351.2857142857143, 251.46428571428572], [357.85714285714283, 250.39285714285714], [364.42857142857144, 249.32142857142858], [371.0, 248.25], [377.57142857142856, 247.17857142857144], [384.1428571428571, 246.10714285714286], [390.7142857142857, 245.0357142857143]], [[400.8125, 242.4375], [407.4375, 241.3125], [414.0625, 240.1875], [420.6875, 239.0625]], [[346.625, 270.4166666666667], [352.875, 269.25], [359.125, 268.08333333333337], [365.375, 266.9166666666667], [371.625, 265.75], [377.875, 264.58333333333337]], [[388.0416666666667, 262.8333333333333], [395.125, 261.5], [402.20833333333337, 260.16666666666663], [409.2916666666667, 258.8333333333333], [416.375, 257.5], [423.45833333333337, 256.16666666666663]]], "gtCharCounts": [0.0, 0.0, 0.0, 0.0, 0.0, 0.0], "gtDontCare": [], "detDontCare": [], "evaluationParams": {"GT_PATH": "gt/gt_IC15.zip", "SUBMIT_PATH": "result/result_paddleOCR_IC15.zip", "OUTPUT_PATH": "output/", "PORT": 8080, "BOX_TYPE": "QUAD", "TRANSCRIPTION": true, "CONFIDENCES": false, "CRLF": false, "E2E": true, "CASE_SENSITIVE": true, "RS": true, "AREA_PRECISION_CONSTRAINT": 0.5, "GRANULARITY_PENALTY_WEIGHT": 1.0, "VERTICAL_ASPECT_RATIO_THRES": 2.0, "NUM_WORKERS": 2, "GT_SAMPLE_NAME_2_ID": "([0-9]+)", "DET_SAMPLE_NAME_2_ID": "([0-9]+)", "PER_SAMPLE_RESULTS": true}, "evaluationLog": "GT polygons: 6 (0 don't care) \nDET polygons: 0\n\nFind one-to-one matches\nFind one-to-many matches\nFind many-to-one matches\n<b>Detection | PRECISION\n</b><b>Detection | RECALL\n</b><b># of false positive chars\n</b>0\n=================================\n<b>End-to-End | Recall\n</b><b>End-to-End | Precision\n</b>", "EndtoEnd": {"precision": 0.0, "recall": 0.0, "hmean": 0, "recognition_score": 0.0}, "end2endMat": [[0.0, 0.0], [0.0, 0.0], [0.0, 0.0], [0.0, 0.0], [0.0, 0.0], [0.0, 0.0], [0.0, 0.0], [0.0, 0.0]], "gtTrans": ["EXCEPT", "TRAFFIC", "TURNING", "INTO", "ISTANA", "DOMAIN"], "detTrans": [], "gtQuery": ["EXCEPT", "TRAFFIC", "TURNING", "INTO", "ISTANA", "DOMAIN"], "detQuery": []}