{"Rawdata": {"det_correct_num_recall": 8.0, "det_correct_num_precision": 8.0, "chars_gt": 24, "chars_det": 8.0, "num_splitted": 0, "num_merged": 0, "num_false_positive": 0, "char_missed": 16, "char_overlapped": 0, "char_false_positive": 0, "e2e_correct_num_recall": 7.0, "e2e_correct_num_precision": 7.0, "chars_recog": 19, "e2e_char_missed": 17.0, "e2e_char_false_positive": 12.0, "e2e_recog_score_chars": 19, "e2e_recog_score_correct_num": 7.0}, "Detection": {"precision": 1.0, "recall": 0.3333333333333333, "hmean": 0.5}, "pairs": [{"gt": [2], "det": [0], "type": "OO"}], "detectionMat": [[0.0, 0.0, 0.0], [0.0, 0.0, 0.0], [8.0, 8.0, 0.0], [0.0, 0.0, 0.0], [0.0, 0.0, 0.0], [0.0, 0.0, 0.0], [0.0, 0.0, 0.0], [0.0, 0.0, 0.0], [0.0, 0.0, 0.0], [0.0, 0.0, 0.0], [8.0, 0.0, 0.0], [0.0, 0.0, 0.0]], "precisionMat": [[0.0], [0.5321176958143393], [0.9288771929824559], [0.0], [0.0], [0.0], [0.0], [0.0], [0.0], [0.0]], "gtPolPoints": [[498.0, 250.0, 545.0, 257.0, 551.0, 289.0, 497.0, 283.0], [201.0, 262.0, 318.0, 269.0, 329.0, 313.0, 202.0, 303.0], [206.0, 295.0, 275.0, 297.0, 275.0, 317.0, 202.0, 315.0], [668.0, 309.0, 715.0, 314.0, 717.0, 337.0, 673.0, 333.0], [18.0, 224.0, 69.0, 230.0, 69.0, 280.0, 13.0, 273.0], [0.0, 279.0, 83.0, 280.0, 80.0, 337.0, 0.0, 328.0], [0.0, 329.0, 82.0, 337.0, 81.0, 379.0, 0.0, 369.0], [7.0, 388.0, 82.0, 382.0, 83.0, 422.0, 0.0, 424.0], [101.0, 364.0, 132.0, 366.0, 134.0, 442.0, 106.0, 443.0], [106.0, 469.0, 134.0, 466.0, 123.0, 505.0, 110.0, 507.0]], "detPolPoints": [[204.0, 296.0, 279.0, 296.0, 279.0, 315.0, 204.0, 315.0]], "gtCharPoints": [[[505.9166666666667, 267.5833333333333], [522.75, 269.75], [539.5833333333334, 271.91666666666663]], [[213.7, 283.35], [238.1, 285.05], [262.5, 286.75], [286.9, 288.45000000000005], [311.29999999999995, 290.15000000000003]], [[208.4375, 305.125], [217.3125, 305.375], [226.1875, 305.625], [235.0625, 305.875], [243.9375, 306.125], [252.8125, 306.375], [261.6875, 306.625], [270.5625, 306.875]], [[681.875, 322.125], [704.625, 324.375]], [[28.875, 250.125], [55.625, 253.375]], [[20.375, 304.75], [61.125, 307.25]], [[13.583333333333334, 350.5], [40.75, 353.5], [67.91666666666667, 356.5]], [[11.4, 405.6], [27.200000000000003, 404.8], [43.0, 404.0], [58.800000000000004, 403.20000000000005], [74.60000000000001, 402.40000000000003]], [[119.41666666666667, 429.5833333333333], [118.25, 403.75], [117.08333333333334, 377.91666666666663]], [[113.125, 487.375], [123.375, 486.125]]], "gtCharCounts": [[0.0, 0.0, 0.0], [0.0, 0.0, 0.0, 0.0, 0.0], [1.0, 1.0, 1.0, 1.0, 1.0, 1.0, 1.0, 1.0], [0.0, 0.0], [0.0, 0.0], [0.0, 0.0], [0.0, 0.0, 0.0], [0.0, 0.0, 0.0, 0.0, 0.0], [0.0, 0.0, 0.0], [0.0, 0.0]], "gtDontCare": [3, 4, 5, 8, 9], "detDontCare": [], "evaluationParams": {"GT_PATH": "gt/gt_IC15.zip", "SUBMIT_PATH": "result/result_paddleOCR_IC15.zip", "OUTPUT_PATH": "output/", "PORT": 8080, "BOX_TYPE": "QUAD", "TRANSCRIPTION": true, "CONFIDENCES": false, "CRLF": false, "E2E": true, "CASE_SENSITIVE": true, "RS": true, "AREA_PRECISION_CONSTRAINT": 0.5, "GRANULARITY_PENALTY_WEIGHT": 1.0, "VERTICAL_ASPECT_RATIO_THRES": 2.0, "NUM_WORKERS": 2, "GT_SAMPLE_NAME_2_ID": "([0-9]+)", "DET_SAMPLE_NAME_2_ID": "([0-9]+)", "PER_SAMPLE_RESULTS": true}, "evaluationLog": "GT polygons: 10 (5 don't care) \nDET polygons: 1\n\nFind one-to-one matches\nMatch GT #2 with Det #0\nFind one-to-many matches\nFind many-to-one matches\n<b>Detection | PRECISION\n</b><b>Detection | RECALL\n</b><b># of false positive chars\n</b>0\n=================================\n<b>End-to-End | Recall\n</b><b>End-to-End | Precision\n</b>", "EndtoEnd": {"precision": 0.3684210526315789, "recall": 0.2916666666666667, "hmean": 0.32558139534883723, "recognition_score": 0.3684210526315789}, "end2endMat": [[0.0, 0.0, 0.0], [0.0, 0.0, 0.0], [0.0, 7.0, 0.0], [0.0, 0.0, 0.0], [0.0, 0.0, 0.0], [0.0, 0.0, 0.0], [0.0, 0.0, 0.0], [0.0, 0.0, 0.0], [0.0, 0.0, 0.0], [0.0, 0.0, 0.0], [7.0, 0.0, 0.0], [0.0, 0.0, 0.0]], "gtTrans": ["ANK", "origo", "creation", "##", "##", "##", "rom", "ature", "###", "##"], "detTrans": ["ereation,0.88730764"], "gtQuery": ["ANK", "origo", "creation", "##", "##", "##", "rom", "ature", "###", "##"], "detQuery": ["ereation,0.88730764"]}