{"Rawdata": {"det_correct_num_recall": 10.0, "det_correct_num_precision": 10.0, "chars_gt": 10, "chars_det": 10.0, "num_splitted": 0, "num_merged": 0, "num_false_positive": 0, "char_missed": 0, "char_overlapped": 0, "char_false_positive": 0, "e2e_correct_num_recall": 10.0, "e2e_correct_num_precision": 10.0, "chars_recog": 41, "e2e_char_missed": 0.0, "e2e_char_false_positive": 31.0, "e2e_recog_score_chars": 41, "e2e_recog_score_correct_num": 10.0}, "Detection": {"precision": 1.0, "recall": 1.0, "hmean": 1.0}, "pairs": [{"gt": [0], "det": [0], "type": "OO"}, {"gt": [1], "det": [1], "type": "OO"}, {"gt": [2], "det": [2], "type": "OO"}], "detectionMat": [[3.0, 0.0, 0.0, 3.0, 0.0], [0.0, 3.0, 0.0, 3.0, 0.0], [0.0, 0.0, 4.0, 4.0, 0.0], [0.0, 0.0, 0.0, 0.0, 0.0], [0.0, 0.0, 0.0, 0.0, 0.0], [0.0, 0.0, 0.0, 0.0, 0.0], [0.0, 0.0, 0.0, 0.0, 0.0], [0.0, 0.0, 0.0, 0.0, 0.0], [0.0, 0.0, 0.0, 0.0, 0.0], [3.0, 3.0, 4.0, 0.0, 0.0], [0.0, 0.0, 0.0, 0.0, 0.0]], "precisionMat": [[1.0, 0.0563726216175017, 0.0], [0.0, 0.8216876197727189, 0.0], [0.0, 0.0, 0.7446140193477931], [0.0, 0.0, 0.06624559812928549], [0.0, 0.0, 0.0], [0.0, 0.0, 0.0], [0.0, 0.0, 0.0], [0.0, 0.0, 0.0], [0.0, 0.0, 0.0]], "gtPolPoints": [[997.0, 255.0, 1061.0, 256.0, 1061.0, 280.0, 999.0, 283.0], [997.0, 282.0, 1060.0, 282.0, 1060.0, 307.0, 1001.0, 306.0], [1004.0, 326.0, 1062.0, 319.0, 1062.0, 353.0, 1001.0, 352.0], [997.0, 318.0, 1021.0, 320.0, 1016.0, 335.0, 999.0, 330.0], [1014.0, 361.0, 1050.0, 360.0, 1050.0, 376.0, 1014.0, 377.0], [521.0, 332.0, 580.0, 330.0, 581.0, 348.0, 521.0, 350.0], [540.0, 252.0, 578.0, 251.0, 577.0, 291.0, 537.0, 287.0], [939.0, 3.0, 1041.0, 0.0, 1045.0, 66.0, 943.0, 68.0], [952.0, 1.0, 1100.0, 1.0, 1132.0, 1.0, 947.0, 59.0]], "detPolPoints": [[1003.0, 258.0, 1056.0, 258.0, 1056.0, 278.0, 1003.0, 278.0], [997.0, 283.0, 1057.0, 277.0, 1059.0, 306.0, 999.0, 312.0], [995.0, 320.0, 1063.0, 316.0, 1065.0, 350.0, 997.0, 354.0]], "gtCharPoints": [[[1008.5, 268.8333333333333], [1029.5, 268.5], [1050.5, 268.16666666666663]], [[1009.1666666666666, 294.0833333333333], [1029.5, 294.25], [1049.8333333333333, 294.41666666666663]], [[1009.9375, 338.625], [1024.8125, 337.875], [1039.6875, 337.125], [1054.5625, 336.375]], [[1003.125, 324.875], [1013.375, 326.625]], [[1020.0, 368.8333333333333], [1032.0, 368.5], [1044.0, 368.16666666666663]], [[528.4375, 340.75], [543.3125, 340.25], [558.1875, 339.75], [573.0625, 339.25]], [[548.25, 269.875], [567.75, 270.625]], [[966.5, 34.875], [1017.5, 33.625]], [[970.3125, 26.375], [1011.9375, 19.125], [1053.5625, 11.875], [1095.1875, 4.625]]], "gtCharCounts": [[1.0, 1.0, 1.0], [1.0, 1.0, 1.0], [1.0, 1.0, 1.0, 1.0], [0.0, 0.0], [0.0, 0.0, 0.0], [0.0, 0.0, 0.0, 0.0], [0.0, 0.0], [0.0, 0.0], [0.0, 0.0, 0.0, 0.0]], "gtDontCare": [3, 4, 5, 6, 7, 8], "detDontCare": [], "evaluationParams": {"GT_PATH": "gt/gt_IC15.zip", "SUBMIT_PATH": "result/result_paddleOCR_IC15.zip", "OUTPUT_PATH": "output/", "PORT": 8080, "BOX_TYPE": "QUAD", "TRANSCRIPTION": true, "CONFIDENCES": false, "CRLF": false, "E2E": true, "CASE_SENSITIVE": true, "RS": true, "AREA_PRECISION_CONSTRAINT": 0.5, "GRANULARITY_PENALTY_WEIGHT": 1.0, "VERTICAL_ASPECT_RATIO_THRES": 2.0, "NUM_WORKERS": 2, "GT_SAMPLE_NAME_2_ID": "([0-9]+)", "DET_SAMPLE_NAME_2_ID": "([0-9]+)", "PER_SAMPLE_RESULTS": true}, "evaluationLog": "GT polygons: 9 (6 don't care) \nDET polygons: 3\n\nFind one-to-one matches\nMatch GT #0 with Det #0\nMatch GT #1 with Det #1\nMatch GT #2 with Det #2\nFind one-to-many matches\nFind many-to-one matches\n<b>Detection | PRECISION\n</b><b>Detection | RECALL\n</b><b># of false positive chars\n</b>0\n=================================\n<b>End-to-End | Recall\n</b><b>End-to-End | Precision\n</b>", "EndtoEnd": {"precision": 0.24390243902439024, "recall": 1.0, "hmean": 0.39215686274509803, "recognition_score": 0.24390243902439024}, "end2endMat": [[0.0, 0.0, 0.0, 3.0, 0.0], [0.0, 0.0, 0.0, 3.0, 0.0], [0.0, 0.0, 0.0, 4.0, 0.0], [0.0, 0.0, 0.0, 0.0, 0.0], [0.0, 0.0, 0.0, 0.0, 0.0], [0.0, 0.0, 0.0, 0.0, 0.0], [0.0, 0.0, 0.0, 0.0, 0.0], [0.0, 0.0, 0.0, 0.0, 0.0], [0.0, 0.0, 0.0, 0.0, 0.0], [3.0, 3.0, 4.0, 0.0, 0.0], [0.0, 0.0, 0.0, 0.0, 0.0]], "gtTrans": ["50%", "OFF", "sale", "##", "###", "####", "##", "##", "####"], "detTrans": ["50%,0.8140555", "OFF,0.94903976", "sale,0.8656273"], "gtQuery": ["50%", "OFF", "sale", "##", "###", "####", "##", "##", "####"], "detQuery": ["50%,0.8140555", "OFF,0.94903976", "sale,0.8656273"]}