{"Rawdata": {"det_correct_num_recall": 11.0, "det_correct_num_precision": 10.0, "chars_gt": 11, "chars_det": 11.0, "num_splitted": 0, "num_merged": 1, "num_false_positive": 0, "char_missed": 0, "char_overlapped": 0, "char_false_positive": 0, "e2e_correct_num_recall": 9.0, "e2e_correct_num_precision": 8.0, "chars_recog": 19, "e2e_char_missed": 2.0, "e2e_char_false_positive": 10.0, "e2e_recog_score_chars": 19, "e2e_recog_score_correct_num": 9.0}, "Detection": {"precision": 0.9090909090909091, "recall": 1.0, "hmean": 0.9523809523809523}, "pairs": [{"gt": [0], "det": [0], "type": "OO"}, {"gt": [0, 1], "det": [0], "type": "MO"}], "detectionMat": [[7.0, 7.0, 0.0], [4.0, 4.0, 0.0], [0.0, 0.0, 0.0], [0.0, 0.0, 0.0], [0.0, 0.0, 0.0], [0.0, 0.0, 0.0], [0.0, 0.0, 0.0], [0.0, 0.0, 0.0], [0.0, 0.0, 0.0], [0.0, 0.0, 0.0], [11.0, 0.0, 0.0], [1.0, 0.0, 0.0]], "precisionMat": [[0.6075287723785173], [0.37942128563417177], [0.0], [0.0], [0.0], [0.0], [0.0], [0.0], [0.0], [0.0]], "gtPolPoints": [[920.0, 554.0, 1000.0, 550.0, 1003.0, 581.0, 925.0, 590.0], [1002.0, 547.0, 1053.0, 548.0, 1055.0, 578.0, 1001.0, 583.0], [1148.0, 173.0, 1162.0, 172.0, 1164.0, 197.0, 1146.0, 201.0], [1192.0, 161.0, 1219.0, 153.0, 1223.0, 165.0, 1194.0, 172.0], [1236.0, 183.0, 1260.0, 179.0, 1263.0, 193.0, 1236.0, 197.0], [1242.0, 131.0, 1277.0, 119.0, 1278.0, 136.0, 1246.0, 143.0], [1192.0, 178.0, 1242.0, 166.0, 1243.0, 177.0, 1196.0, 190.0], [1188.0, 145.0, 1241.0, 131.0, 1243.0, 145.0, 1191.0, 159.0], [1205.0, 191.0, 1222.0, 186.0, 1222.0, 200.0, 1203.0, 205.0], [0.0, 646.0, 84.0, 636.0, 87.0, 694.0, 2.0, 702.0]], "detPolPoints": [[923.0, 554.0, 1049.0, 546.0, 1051.0, 578.0, 925.0, 586.0]], "gtCharPoints": [[[928.1428571428571, 571.5357142857143], [939.4285714285714, 570.6071428571429], [950.7142857142857, 569.6785714285714], [962.0, 568.75], [973.2857142857142, 567.8214285714287], [984.5714285714286, 566.8928571428572], [995.8571428571429, 565.9642857142858]], [[1008.0625, 564.75], [1021.1875, 564.25], [1034.3125, 563.75], [1047.4375, 563.25]], [[1151.0, 186.375], [1159.0, 185.125]], [[1197.6666666666667, 165.25], [1207.0, 162.75], [1216.3333333333335, 160.25]], [[1242.375, 189.0], [1255.125, 187.0]], [[1249.5833333333333, 135.41666666666666], [1260.75, 132.25], [1271.9166666666665, 129.08333333333331]], [[1198.85, 182.75], [1208.55, 180.25], [1218.25, 177.75], [1227.9499999999998, 175.25], [1237.6499999999999, 172.75]], [[1196.0625, 150.25], [1209.1875, 146.75], [1222.3125, 143.25], [1235.4375, 139.75]], [[1208.5, 196.75], [1217.5, 194.25]], [[22.125, 671.75], [64.375, 667.25]]], "gtCharCounts": [[1.0, 1.0, 1.0, 1.0, 1.0, 1.0, 1.0], [1.0, 1.0, 1.0, 1.0], [0.0, 0.0], [0.0, 0.0, 0.0], [0.0, 0.0], [0.0, 0.0, 0.0], [0.0, 0.0, 0.0, 0.0, 0.0], [0.0, 0.0, 0.0, 0.0], [0.0, 0.0], [0.0, 0.0]], "gtDontCare": [2, 3, 4, 5, 6, 7, 8, 9], "detDontCare": [], "evaluationParams": {"GT_PATH": "gt/gt_IC15.zip", "SUBMIT_PATH": "result/result_paddleOCR_IC15.zip", "OUTPUT_PATH": "output/", "PORT": 8080, "BOX_TYPE": "QUAD", "TRANSCRIPTION": true, "CONFIDENCES": false, "CRLF": false, "E2E": true, "CASE_SENSITIVE": true, "RS": true, "AREA_PRECISION_CONSTRAINT": 0.5, "GRANULARITY_PENALTY_WEIGHT": 1.0, "VERTICAL_ASPECT_RATIO_THRES": 2.0, "NUM_WORKERS": 2, "GT_SAMPLE_NAME_2_ID": "([0-9]+)", "DET_SAMPLE_NAME_2_ID": "([0-9]+)", "PER_SAMPLE_RESULTS": true}, "evaluationLog": "GT polygons: 10 (8 don't care) \nDET polygons: 1\n\nFind one-to-one matches\nMatch GT #0 with Det #0\nFind one-to-many matches\nFind many-to-one matches\nMatch GT #[0, 1] with Det #0\n<b>Detection | PRECISION\n</b><b>Detection | RECALL\n</b><b># of false positive chars\n</b>0\n=================================\n<b>End-to-End | Recall\n</b><b>End-to-End | Precision\n</b>", "EndtoEnd": {"precision": 0.42105263157894735, "recall": 0.8181818181818182, "hmean": 0.555984555984556, "recognition_score": 0.47368421052631576}, "end2endMat": [[0.0, 6.0, 0.0], [0.0, 3.0, 0.0], [0.0, 0.0, 0.0], [0.0, 0.0, 0.0], [0.0, 0.0, 0.0], [0.0, 0.0, 0.0], [0.0, 0.0, 0.0], [0.0, 0.0, 0.0], [0.0, 0.0, 0.0], [0.0, 0.0, 0.0], [9.0, 0.0, 0.0], [1.0, 0.0, 0.0]], "gtTrans": ["raffles", "City", "##", "###", "##", "###", "#####", "####", "##", "##"], "detTrans": ["RafflesCit,0.978841"], "gtQuery": ["raffles", "City", "##", "###", "##", "###", "#####", "####", "##", "##"], "detQuery": ["RafflesCit,0.978841"]}