{"Rawdata": {"det_correct_num_recall": 0.0, "det_correct_num_precision": 0.0, "chars_gt": 26, "chars_det": 0, "num_splitted": 0, "num_merged": 0, "num_false_positive": 0, "char_missed": 26, "char_overlapped": 0, "char_false_positive": 0, "e2e_correct_num_recall": 0.0, "e2e_correct_num_precision": 0.0, "chars_recog": 0, "e2e_char_missed": 26.0, "e2e_char_false_positive": 0.0, "e2e_recog_score_chars": 0, "e2e_recog_score_correct_num": 0.0}, "Detection": {"precision": 0.0, "recall": 0.0, "hmean": 0}, "pairs": [], "detectionMat": [[0.0, 0.0], [0.0, 0.0], [0.0, 0.0], [0.0, 0.0], [0.0, 0.0], [0.0, 0.0], [0.0, 0.0], [0.0, 0.0], [0.0, 0.0], [0.0, 0.0], [0.0, 0.0], [0.0, 0.0], [0.0, 0.0], [0.0, 0.0]], "precisionMat": [[], [], [], [], [], [], [], [], [], [], [], []], "gtPolPoints": [[320.0, 612.0, 332.0, 609.0, 340.0, 633.0, 325.0, 637.0], [282.0, 618.0, 321.0, 607.0, 325.0, 640.0, 287.0, 651.0], [112.0, 105.0, 192.0, 119.0, 193.0, 210.0, 111.0, 203.0], [805.0, 261.0, 832.0, 271.0, 831.0, 300.0, 803.0, 286.0], [475.0, 470.0, 495.0, 465.0, 496.0, 490.0, 477.0, 495.0], [92.0, 79.0, 155.0, 86.0, 152.0, 101.0, 96.0, 93.0], [115.0, 149.0, 189.0, 160.0, 188.0, 180.0, 114.0, 171.0], [336.0, 611.0, 366.0, 602.0, 364.0, 627.0, 338.0, 632.0], [564.0, 512.0, 574.0, 510.0, 581.0, 536.0, 567.0, 541.0], [217.0, 634.0, 234.0, 630.0, 237.0, 653.0, 217.0, 660.0], [181.0, 653.0, 215.0, 639.0, 223.0, 687.0, 193.0, 694.0], [474.0, 428.0, 502.0, 426.0, 503.0, 439.0, 479.0, 440.0]], "detPolPoints": [], "gtCharPoints": [[[325.875, 623.625], [332.625, 621.875]], [[289.3125, 633.125], [298.9375, 630.375], [308.5625, 627.625], [318.1875, 624.875]], [[118.25, 154.875], [131.75, 156.625], [145.25, 158.375], [158.75, 160.125], [172.25, 161.875], [185.75, 163.625]], [[810.875, 276.5], [824.625, 282.5]], [[480.875, 481.25], [490.625, 478.75]], [[98.25, 86.53571428571429], [106.75, 87.60714285714286], [115.25, 88.67857142857143], [123.75, 89.75], [132.25, 90.82142857142858], [140.75, 91.89285714285715], [149.25, 92.96428571428572]], [[120.66666666666667, 160.83333333333334], [133.0, 162.5], [145.33333333333334, 164.16666666666669], [157.66666666666669, 165.83333333333334], [170.0, 167.5], [182.33333333333334, 169.16666666666669]], [[341.6666666666667, 620.3333333333334], [351.0, 618.0], [360.33333333333337, 615.6666666666667]], [[573.1666666666666, 533.9166666666666], [571.5, 524.75], [569.8333333333333, 515.5833333333333]], [[221.625, 645.625], [230.875, 642.875]], [[195.0, 670.875], [211.0, 665.625]], [[480.8333333333333, 433.75], [489.5, 433.25], [498.16666666666663, 432.75]]], "gtCharCounts": [0.0, 0.0, 0.0, 0.0, 0.0, 0.0, 0.0, 0.0, 0.0, 0.0, 0.0, 0.0], "gtDontCare": [0, 3, 4, 8, 9, 10, 11], "detDontCare": [], "evaluationParams": {"GT_PATH": "gt/gt_IC15.zip", "SUBMIT_PATH": "result/result_paddleOCR_IC15.zip", "OUTPUT_PATH": "output/", "PORT": 8080, "BOX_TYPE": "QUAD", "TRANSCRIPTION": true, "CONFIDENCES": false, "CRLF": false, "E2E": true, "CASE_SENSITIVE": true, "RS": true, "AREA_PRECISION_CONSTRAINT": 0.5, "GRANULARITY_PENALTY_WEIGHT": 1.0, "VERTICAL_ASPECT_RATIO_THRES": 2.0, "NUM_WORKERS": 2, "GT_SAMPLE_NAME_2_ID": "([0-9]+)", "DET_SAMPLE_NAME_2_ID": "([0-9]+)", "PER_SAMPLE_RESULTS": true}, "evaluationLog": "GT polygons: 12 (7 don't care) \nDET polygons: 0\n\nFind one-to-one matches\nFind one-to-many matches\nFind many-to-one matches\n<b>Detection | PRECISION\n</b><b>Detection | RECALL\n</b><b># of false positive chars\n</b>0\n=================================\n<b>End-to-End | Recall\n</b><b>End-to-End | Precision\n</b>", "EndtoEnd": {"precision": 0.0, "recall": 0.0, "hmean": 0, "recognition_score": 0.0}, "end2endMat": [[0.0, 0.0], [0.0, 0.0], [0.0, 0.0], [0.0, 0.0], [0.0, 0.0], [0.0, 0.0], [0.0, 0.0], [0.0, 0.0], [0.0, 0.0], [0.0, 0.0], [0.0, 0.0], [0.0, 0.0], [0.0, 0.0], [0.0, 0.0]], "gtTrans": ["##", "HEAT", "ELEVEN", "##", "##", "WELCOME", "ELEVEN", "EAT", "###", "##", "##", "###"], "detTrans": [], "gtQuery": ["##", "HEAT", "ELEVEN", "##", "##", "WELCOME", "ELEVEN", "EAT", "###", "##", "##", "###"], "detQuery": []}