{"Rawdata": {"det_correct_num_recall": 0.0, "det_correct_num_precision": 0.0, "chars_gt": 24, "chars_det": 0, "num_splitted": 0, "num_merged": 0, "num_false_positive": 0, "char_missed": 24, "char_overlapped": 0, "char_false_positive": 0, "e2e_correct_num_recall": 0.0, "e2e_correct_num_precision": 0.0, "chars_recog": 0, "e2e_char_missed": 24.0, "e2e_char_false_positive": 0.0, "e2e_recog_score_chars": 0, "e2e_recog_score_correct_num": 0.0}, "Detection": {"precision": 0.0, "recall": 0.0, "hmean": 0}, "pairs": [], "detectionMat": [[0.0, 0.0], [0.0, 0.0], [0.0, 0.0], [0.0, 0.0], [0.0, 0.0], [0.0, 0.0], [0.0, 0.0], [0.0, 0.0]], "precisionMat": [[], [], [], [], [], []], "gtPolPoints": [[289.0, 425.0, 405.0, 431.0, 405.0, 458.0, 289.0, 449.0], [202.0, 196.0, 300.0, 193.0, 302.0, 221.0, 206.0, 221.0], [309.0, 193.0, 461.0, 196.0, 459.0, 225.0, 314.0, 225.0], [704.0, 439.0, 805.0, 444.0, 801.0, 477.0, 707.0, 472.0], [1145.0, 294.0, 1184.0, 298.0, 1184.0, 312.0, 1145.0, 307.0], [592.0, 282.0, 654.0, 283.0, 654.0, 294.0, 592.0, 293.0]], "detPolPoints": [], "gtCharPoints": [[[298.6666666666667, 437.625], [318.0, 438.875], [337.33333333333337, 440.125], [356.6666666666667, 441.375], [376.0, 442.625], [395.33333333333337, 443.875]], [[212.08333333333334, 208.375], [228.25, 208.125], [244.41666666666669, 207.875], [260.58333333333337, 207.625], [276.75, 207.375], [292.9166666666667, 207.125]], [[320.78125, 209.09375], [339.34375, 209.28125], [357.90625, 209.46875], [376.46875, 209.65625], [395.03125, 209.84375], [413.59375, 210.03125], [432.15625, 210.21875], [450.71875, 210.40625]], [[717.6875, 456.125], [742.0625, 457.375], [766.4375, 458.625], [790.8125, 459.875]], [[1151.5, 301.25], [1164.5, 302.75], [1177.5, 304.25]], [[597.1666666666666, 287.5833333333333], [607.5, 287.75], [617.8333333333333, 287.91666666666663], [628.1666666666666, 288.0833333333333], [638.5, 288.25], [648.8333333333333, 288.41666666666663]]], "gtCharCounts": [0.0, 0.0, 0.0, 0.0, 0.0, 0.0], "gtDontCare": [4, 5], "detDontCare": [], "evaluationParams": {"GT_PATH": "gt/gt_IC15.zip", "SUBMIT_PATH": "result/result_paddleOCR_IC15.zip", "OUTPUT_PATH": "output/", "PORT": 8080, "BOX_TYPE": "QUAD", "TRANSCRIPTION": true, "CONFIDENCES": false, "CRLF": false, "E2E": true, "CASE_SENSITIVE": true, "RS": true, "AREA_PRECISION_CONSTRAINT": 0.5, "GRANULARITY_PENALTY_WEIGHT": 1.0, "VERTICAL_ASPECT_RATIO_THRES": 2.0, "NUM_WORKERS": 2, "GT_SAMPLE_NAME_2_ID": "([0-9]+)", "DET_SAMPLE_NAME_2_ID": "([0-9]+)", "PER_SAMPLE_RESULTS": true}, "evaluationLog": "GT polygons: 6 (2 don't care) \nDET polygons: 0\n\nFind one-to-one matches\nFind one-to-many matches\nFind many-to-one matches\n<b>Detection | PRECISION\n</b><b>Detection | RECALL\n</b><b># of false positive chars\n</b>0\n=================================\n<b>End-to-End | Recall\n</b><b>End-to-End | Precision\n</b>", "EndtoEnd": {"precision": 0.0, "recall": 0.0, "hmean": 0, "recognition_score": 0.0}, "end2endMat": [[0.0, 0.0], [0.0, 0.0], [0.0, 0.0], [0.0, 0.0], [0.0, 0.0], [0.0, 0.0], [0.0, 0.0], [0.0, 0.0]], "gtTrans": ["GODIVA", "BROOKS", "BROTHERS", "SALE", "###", "######"], "detTrans": [], "gtQuery": ["GODIVA", "BROOKS", "BROTHERS", "SALE", "###", "######"], "detQuery": []}