{"Rawdata": {"det_correct_num_recall": 17.0, "det_correct_num_precision": 16.0, "chars_gt": 17, "chars_det": 17.0, "num_splitted": 0, "num_merged": 1, "num_false_positive": 0, "char_missed": 0, "char_overlapped": 0, "char_false_positive": 0, "e2e_correct_num_recall": 17.0, "e2e_correct_num_precision": 16.0, "chars_recog": 42, "e2e_char_missed": 0.0, "e2e_char_false_positive": 25.0, "e2e_recog_score_chars": 42, "e2e_recog_score_correct_num": 17.0}, "Detection": {"precision": 0.9411764705882353, "recall": 1.0, "hmean": 0.9696969696969697}, "pairs": [{"gt": [0], "det": [0], "type": "OO"}, {"gt": [2, 3], "det": [1], "type": "MO"}], "detectionMat": [[8.0, 0.0, 8.0, 0.0], [0.0, 0.0, 0.0, 0.0], [0.0, 4.0, 4.0, 0.0], [0.0, 5.0, 5.0, 0.0], [0.0, 0.0, 0.0, 0.0], [0.0, 0.0, 0.0, 0.0], [0.0, 0.0, 0.0, 0.0], [8.0, 9.0, 0.0, 0.0], [0.0, 1.0, 0.0, 0.0]], "precisionMat": [[0.6480122156380457, 0.06158740459318547], [0.19406469649941951, 0.0], [0.0, 0.44772482933924057], [0.0, 0.4830549062049816], [0.0, 0.0], [0.0, 0.0], [0.0, 0.0]], "gtPolPoints": [[810.0, 34.0, 942.0, 31.0, 945.0, 71.0, 806.0, 76.0], [947.0, 25.0, 983.0, 27.0, 985.0, 60.0, 949.0, 61.0], [820.0, 71.0, 894.0, 70.0, 891.0, 106.0, 820.0, 108.0], [903.0, 69.0, 979.0, 69.0, 978.0, 100.0, 900.0, 105.0], [514.0, 194.0, 520.0, 195.0, 520.0, 202.0, 512.0, 203.0], [521.0, 205.0, 526.0, 206.0, 526.0, 214.0, 512.0, 220.0], [638.0, 151.0, 652.0, 153.0, 652.0, 162.0, 636.0, 162.0]], "detPolPoints": [[814.0, 29.0, 986.0, 25.0, 987.0, 62.0, 815.0, 66.0], [822.0, 73.0, 978.0, 67.0, 979.0, 100.0, 824.0, 106.0]], "gtCharPoints": [[[816.46875, 54.75], [833.40625, 54.25], [850.34375, 53.75], [867.28125, 53.25], [884.21875, 52.75], [901.15625, 52.25], [918.09375, 51.75], [935.03125, 51.25]], [[957.0, 43.125], [975.0, 43.375]], [[829.0625, 89.3125], [847.1875, 88.9375], [865.3125, 88.5625], [883.4375, 88.1875]], [[909.2, 86.75], [924.6, 86.25], [940.0, 85.75], [955.4000000000001, 85.25], [970.8000000000001, 84.75]], [[514.75, 198.5], [518.25, 198.5]], [[518.875, 211.875], [523.625, 210.625]], [[640.75, 156.75], [648.25, 157.25]]], "gtCharCounts": [[1.0, 1.0, 1.0, 1.0, 1.0, 1.0, 1.0, 1.0], [0.0, 0.0], [1.0, 1.0, 1.0, 1.0], [1.0, 1.0, 1.0, 1.0, 1.0], [0.0, 0.0], [0.0, 0.0], [0.0, 0.0]], "gtDontCare": [1, 4, 5, 6], "detDontCare": [], "evaluationParams": {"GT_PATH": "gt/gt_IC15.zip", "SUBMIT_PATH": "result/result_paddleOCR_IC15.zip", "OUTPUT_PATH": "output/", "PORT": 8080, "BOX_TYPE": "QUAD", "TRANSCRIPTION": true, "CONFIDENCES": false, "CRLF": false, "E2E": true, "CASE_SENSITIVE": true, "RS": true, "AREA_PRECISION_CONSTRAINT": 0.5, "GRANULARITY_PENALTY_WEIGHT": 1.0, "VERTICAL_ASPECT_RATIO_THRES": 2.0, "NUM_WORKERS": 2, "GT_SAMPLE_NAME_2_ID": "([0-9]+)", "DET_SAMPLE_NAME_2_ID": "([0-9]+)", "PER_SAMPLE_RESULTS": true}, "evaluationLog": "GT polygons: 7 (4 don't care) \nDET polygons: 2\n\nFind one-to-one matches\nMatch GT #0 with Det #0\nFind one-to-many matches\nFind many-to-one matches\nMatch GT #[2, 3] with Det #1\n<b>Detection | PRECISION\n</b><b>Detection | RECALL\n</b><b># of false positive chars\n</b>0\n=================================\n<b>End-to-End | Recall\n</b><b>End-to-End | Precision\n</b>", "EndtoEnd": {"precision": 0.38095238095238093, "recall": 1.0, "hmean": 0.5517241379310345, "recognition_score": 0.40476190476190477}, "end2endMat": [[0.0, 0.0, 8.0, 0.0], [0.0, 0.0, 0.0, 0.0], [0.0, 0.0, 4.0, 0.0], [0.0, 0.0, 5.0, 0.0], [0.0, 0.0, 0.0, 0.0], [0.0, 0.0, 0.0, 0.0], [0.0, 0.0, 0.0, 0.0], [8.0, 9.0, 0.0, 0.0], [0.0, 1.0, 0.0, 0.0]], "gtTrans": ["Cavenagh", "##", "KEEP", "RIGHT", "##", "##", "##"], "detTrans": ["Cavenagh Rd,0.9926947", "KEEP RIGHT,0.98941004"], "gtQuery": ["Cavenagh", "##", "KEEP", "RIGHT", "##", "##", "##"], "detQuery": ["Cavenagh Rd,0.9926947", "KEEP RIGHT,0.98941004"]}