{"Rawdata": {"det_correct_num_recall": 0.0, "det_correct_num_precision": 0.0, "chars_gt": 19, "chars_det": 0, "num_splitted": 0, "num_merged": 0, "num_false_positive": 0, "char_missed": 19, "char_overlapped": 0, "char_false_positive": 0, "e2e_correct_num_recall": 0.0, "e2e_correct_num_precision": 0.0, "chars_recog": 0, "e2e_char_missed": 19.0, "e2e_char_false_positive": 0.0, "e2e_recog_score_chars": 0, "e2e_recog_score_correct_num": 0.0}, "Detection": {"precision": 0.0, "recall": 0.0, "hmean": 0}, "pairs": [], "detectionMat": [[0.0, 0.0], [0.0, 0.0], [0.0, 0.0], [0.0, 0.0], [0.0, 0.0], [0.0, 0.0], [0.0, 0.0], [0.0, 0.0], [0.0, 0.0]], "precisionMat": [[], [], [], [], [], [], []], "gtPolPoints": [[293.0, 296.0, 356.0, 303.0, 355.0, 316.0, 288.0, 308.0], [651.0, 343.0, 690.0, 336.0, 690.0, 357.0, 653.0, 360.0], [653.0, 363.0, 691.0, 356.0, 691.0, 375.0, 650.0, 378.0], [650.0, 382.0, 691.0, 377.0, 692.0, 396.0, 650.0, 397.0], [357.0, 392.0, 423.0, 383.0, 421.0, 412.0, 361.0, 416.0], [295.0, 282.0, 354.0, 289.0, 355.0, 302.0, 296.0, 295.0], [4.0, 243.0, 45.0, 239.0, 41.0, 298.0, 0.0, 302.0]], "detPolPoints": [], "gtCharPoints": [[[295.14285714285717, 302.5357142857143], [304.42857142857144, 303.60714285714283], [313.7142857142857, 304.67857142857144], [323.0, 305.75], [332.28571428571433, 306.82142857142856], [341.5714285714286, 307.8928571428571], [350.8571428571429, 308.9642857142857]], [[658.3333333333334, 350.6666666666667], [671.0, 349.0], [683.6666666666667, 347.33333333333337]], [[658.0833333333334, 369.6666666666667], [671.25, 368.0], [684.4166666666667, 366.33333333333337]], [[656.9166666666666, 389.0], [670.75, 388.0], [684.5833333333333, 387.0]], [[369.5, 402.9166666666667], [390.5, 400.75], [411.5, 398.58333333333337]], [[305.3333333333333, 289.6666666666667], [325.0, 292.0], [344.66666666666663, 294.33333333333337]], [[12.25, 271.5], [32.75, 269.5]]], "gtCharCounts": [0.0, 0.0, 0.0, 0.0, 0.0, 0.0, 0.0], "gtDontCare": [4, 6], "detDontCare": [], "evaluationParams": {"GT_PATH": "gt/gt_IC15.zip", "SUBMIT_PATH": "result/result_paddleOCR_IC15.zip", "OUTPUT_PATH": "output/", "PORT": 8080, "BOX_TYPE": "QUAD", "TRANSCRIPTION": true, "CONFIDENCES": false, "CRLF": false, "E2E": true, "CASE_SENSITIVE": true, "RS": true, "AREA_PRECISION_CONSTRAINT": 0.5, "GRANULARITY_PENALTY_WEIGHT": 1.0, "VERTICAL_ASPECT_RATIO_THRES": 2.0, "NUM_WORKERS": 2, "GT_SAMPLE_NAME_2_ID": "([0-9]+)", "DET_SAMPLE_NAME_2_ID": "([0-9]+)", "PER_SAMPLE_RESULTS": true}, "evaluationLog": "GT polygons: 7 (2 don't care) \nDET polygons: 0\n\nFind one-to-one matches\nFind one-to-many matches\nFind many-to-one matches\n<b>Detection | PRECISION\n</b><b>Detection | RECALL\n</b><b># of false positive chars\n</b>0\n=================================\n<b>End-to-End | Recall\n</b><b>End-to-End | Precision\n</b>", "EndtoEnd": {"precision": 0.0, "recall": 0.0, "hmean": 0, "recognition_score": 0.0}, "end2endMat": [[0.0, 0.0], [0.0, 0.0], [0.0, 0.0], [0.0, 0.0], [0.0, 0.0], [0.0, 0.0], [0.0, 0.0], [0.0, 0.0], [0.0, 0.0]], "gtTrans": ["SPECIAL", "PED", "DER", "RED", "###", "TSC", "##"], "detTrans": [], "gtQuery": ["SPECIAL", "PED", "DER", "RED", "###", "TSC", "##"], "detQuery": []}