{"Rawdata": {"det_correct_num_recall": 10.0, "det_correct_num_precision": 10.0, "chars_gt": 17, "chars_det": 10.0, "num_splitted": 0, "num_merged": 0, "num_false_positive": 0, "char_missed": 7, "char_overlapped": 0, "char_false_positive": 0, "e2e_correct_num_recall": 10.0, "e2e_correct_num_precision": 10.0, "chars_recog": 30, "e2e_char_missed": 7.0, "e2e_char_false_positive": 20.0, "e2e_recog_score_chars": 30, "e2e_recog_score_correct_num": 10.0}, "Detection": {"precision": 1.0, "recall": 0.5882352941176471, "hmean": 0.7407407407407407}, "pairs": [{"gt": [1], "det": [0], "type": "OO"}, {"gt": [2], "det": [1], "type": "OO"}], "detectionMat": [[0.0, 0.0, 0.0, 0.0], [5.0, 0.0, 5.0, 0.0], [0.0, 5.0, 5.0, 0.0], [0.0, 0.0, 0.0, 0.0], [0.0, 0.0, 0.0, 0.0], [0.0, 0.0, 0.0, 0.0], [0.0, 0.0, 0.0, 0.0], [0.0, 0.0, 0.0, 0.0], [5.0, 5.0, 0.0, 0.0], [0.0, 0.0, 0.0, 0.0]], "precisionMat": [[0.10423763079432963, 0.0], [0.7737813350725951, 0.05122806457248812], [0.0, 0.8243510750973864], [0.0, 0.0], [0.0, 0.0], [0.0, 0.0], [0.0, 0.0], [0.0, 0.0]], "gtPolPoints": [[148.0, 195.0, 208.0, 212.0, 205.0, 242.0, 145.0, 225.0], [147.0, 233.0, 207.0, 243.0, 203.0, 273.0, 143.0, 263.0], [147.0, 268.0, 208.0, 276.0, 203.0, 306.0, 142.0, 298.0], [2.0, 114.0, 63.0, 110.0, 61.0, 145.0, 0.0, 150.0], [1.0, 151.0, 12.0, 151.0, 13.0, 195.0, 0.0, 194.0], [739.0, 100.0, 817.0, 0.0, 917.0, 1.0, 752.0, 175.0], [505.0, 318.0, 565.0, 317.0, 565.0, 332.0, 506.0, 333.0], [99.0, 493.0, 189.0, 467.0, 189.0, 497.0, 100.0, 517.0]], "detPolPoints": [[148.0, 227.0, 208.0, 233.0, 204.0, 271.0, 144.0, 265.0], [149.0, 261.0, 209.0, 273.0, 201.0, 309.0, 142.0, 297.0]], "gtCharPoints": [[[154.0, 212.125], [169.0, 216.375], [184.0, 220.625], [199.0, 224.875]], [[151.0, 249.0], [163.0, 251.0], [175.0, 253.0], [187.0, 255.0], [199.0, 257.0]], [[150.6, 283.8], [162.79999999999998, 285.40000000000003], [175.0, 287.0], [187.2, 288.6], [199.39999999999998, 290.2]], [[11.166666666666666, 131.25], [31.5, 129.75], [51.83333333333333, 128.25]], [[6.5, 189.0625], [6.5, 178.1875], [6.5, 167.3125], [6.5, 156.4375]], [[765.75, 114.66666666666667], [806.25, 69.0], [846.75, 23.333333333333343]], [[512.9375, 325.375], [527.8125, 325.125], [542.6875, 324.875], [557.5625, 324.625]], [[110.6875, 502.125], [133.0625, 496.375], [155.4375, 490.625], [177.8125, 484.875]]], "gtCharCounts": [[0.0, 0.0, 0.0, 0.0], [1.0, 1.0, 1.0, 1.0, 1.0], [1.0, 1.0, 1.0, 1.0, 1.0], [0.0, 0.0, 0.0], [0.0, 0.0, 0.0, 0.0], [0.0, 0.0, 0.0], [0.0, 0.0, 0.0, 0.0], [0.0, 0.0, 0.0, 0.0]], "gtDontCare": [4, 5, 6, 7], "detDontCare": [], "evaluationParams": {"GT_PATH": "gt/gt_IC15.zip", "SUBMIT_PATH": "result/result_paddleOCR_IC15.zip", "OUTPUT_PATH": "output/", "PORT": 8080, "BOX_TYPE": "QUAD", "TRANSCRIPTION": true, "CONFIDENCES": false, "CRLF": false, "E2E": true, "CASE_SENSITIVE": true, "RS": true, "AREA_PRECISION_CONSTRAINT": 0.5, "GRANULARITY_PENALTY_WEIGHT": 1.0, "VERTICAL_ASPECT_RATIO_THRES": 2.0, "NUM_WORKERS": 2, "GT_SAMPLE_NAME_2_ID": "([0-9]+)", "DET_SAMPLE_NAME_2_ID": "([0-9]+)", "PER_SAMPLE_RESULTS": true}, "evaluationLog": "GT polygons: 8 (4 don't care) \nDET polygons: 2\n\nFind one-to-one matches\nMatch GT #1 with Det #0\nMatch GT #2 with Det #1\nFind one-to-many matches\nFind many-to-one matches\n<b>Detection | PRECISION\n</b><b>Detection | RECALL\n</b><b># of false positive chars\n</b>0\n=================================\n<b>End-to-End | Recall\n</b><b>End-to-End | Precision\n</b>", "EndtoEnd": {"precision": 0.3333333333333333, "recall": 0.5882352941176471, "hmean": 0.42553191489361697, "recognition_score": 0.3333333333333333}, "end2endMat": [[0.0, 0.0, 0.0, 0.0], [0.0, 0.0, 5.0, 0.0], [0.0, 0.0, 5.0, 0.0], [0.0, 0.0, 0.0, 0.0], [0.0, 0.0, 0.0, 0.0], [0.0, 0.0, 0.0, 0.0], [0.0, 0.0, 0.0, 0.0], [0.0, 0.0, 0.0, 0.0], [5.0, 5.0, 0.0, 0.0], [0.0, 0.0, 0.0, 0.0]], "gtTrans": ["MORE", "SHOPS", "AHEAD", "OPS", "####", "###", "####", "####"], "detTrans": ["SHOPS,0.9894451", "AHEAD,0.9978573"], "gtQuery": ["MORE", "SHOPS", "AHEAD", "OPS", "####", "###", "####", "####"], "detQuery": ["SHOPS,0.9894451", "AHEAD,0.9978573"]}