{"Rawdata": {"det_correct_num_recall": 0.0, "det_correct_num_precision": 0.0, "chars_gt": 19, "chars_det": 0, "num_splitted": 0, "num_merged": 0, "num_false_positive": 0, "char_missed": 19, "char_overlapped": 0, "char_false_positive": 0, "e2e_correct_num_recall": 0.0, "e2e_correct_num_precision": 0.0, "chars_recog": 0, "e2e_char_missed": 19.0, "e2e_char_false_positive": 0.0, "e2e_recog_score_chars": 0, "e2e_recog_score_correct_num": 0.0}, "Detection": {"precision": 0.0, "recall": 0.0, "hmean": 0}, "pairs": [], "detectionMat": [[0.0, 0.0], [0.0, 0.0], [0.0, 0.0], [0.0, 0.0], [0.0, 0.0], [0.0, 0.0], [0.0, 0.0]], "precisionMat": [[], [], [], [], []], "gtPolPoints": [[903.0, 420.0, 960.0, 426.0, 957.0, 445.0, 902.0, 440.0], [959.0, 429.0, 994.0, 433.0, 996.0, 451.0, 957.0, 446.0], [919.0, 367.0, 982.0, 355.0, 982.0, 369.0, 923.0, 381.0], [922.0, 381.0, 986.0, 367.0, 988.0, 390.0, 922.0, 405.0], [277.0, 304.0, 297.0, 304.0, 294.0, 313.0, 277.0, 311.0]], "detPolPoints": [], "gtCharPoints": [[[908.1, 430.55], [919.3000000000001, 431.65000000000003], [930.5, 432.75], [941.7, 433.85], [952.9, 434.95]], [[962.625, 438.0625], [971.875, 439.1875], [981.125, 440.3125], [990.375, 441.4375]], [[926.0833333333334, 373.0], [936.25, 371.0], [946.4166666666667, 369.0], [956.5833333333334, 367.0], [966.75, 365.0], [976.9166666666667, 363.0]], [[930.125, 391.1875], [946.375, 387.5625], [962.625, 383.9375], [978.875, 380.3125]], [[280.0833333333333, 307.6666666666667], [286.25, 308.0], [292.41666666666663, 308.33333333333337]]], "gtCharCounts": [0.0, 0.0, 0.0, 0.0, 0.0], "gtDontCare": [4], "detDontCare": [], "evaluationParams": {"GT_PATH": "gt/gt_IC15.zip", "SUBMIT_PATH": "result/result_paddleOCR_IC15.zip", "OUTPUT_PATH": "output/", "PORT": 8080, "BOX_TYPE": "QUAD", "TRANSCRIPTION": true, "CONFIDENCES": false, "CRLF": false, "E2E": true, "CASE_SENSITIVE": true, "RS": true, "AREA_PRECISION_CONSTRAINT": 0.5, "GRANULARITY_PENALTY_WEIGHT": 1.0, "VERTICAL_ASPECT_RATIO_THRES": 2.0, "NUM_WORKERS": 2, "GT_SAMPLE_NAME_2_ID": "([0-9]+)", "DET_SAMPLE_NAME_2_ID": "([0-9]+)", "PER_SAMPLE_RESULTS": true}, "evaluationLog": "GT polygons: 5 (1 don't care) \nDET polygons: 0\n\nFind one-to-one matches\nFind one-to-many matches\nFind many-to-one matches\n<b>Detection | PRECISION\n</b><b>Detection | RECALL\n</b><b># of false positive chars\n</b>0\n=================================\n<b>End-to-End | Recall\n</b><b>End-to-End | Precision\n</b>", "EndtoEnd": {"precision": 0.0, "recall": 0.0, "hmean": 0, "recognition_score": 0.0}, "end2endMat": [[0.0, 0.0], [0.0, 0.0], [0.0, 0.0], [0.0, 0.0], [0.0, 0.0], [0.0, 0.0], [0.0, 0.0]], "gtTrans": ["SINCE", "1954", "BURGER", "KING", "###"], "detTrans": [], "gtQuery": ["SINCE", "1954", "BURGER", "KING", "###"], "detQuery": []}