{"Rawdata": {"det_correct_num_recall": 0.0, "det_correct_num_precision": 0.0, "chars_gt": 32, "chars_det": 0, "num_splitted": 0, "num_merged": 0, "num_false_positive": 0, "char_missed": 32, "char_overlapped": 0, "char_false_positive": 0, "e2e_correct_num_recall": 0.0, "e2e_correct_num_precision": 0.0, "chars_recog": 0, "e2e_char_missed": 32.0, "e2e_char_false_positive": 0.0, "e2e_recog_score_chars": 0, "e2e_recog_score_correct_num": 0.0}, "Detection": {"precision": 0.0, "recall": 0.0, "hmean": 0}, "pairs": [], "detectionMat": [[0.0, 0.0], [0.0, 0.0], [0.0, 0.0], [0.0, 0.0], [0.0, 0.0], [0.0, 0.0], [0.0, 0.0], [0.0, 0.0], [0.0, 0.0], [0.0, 0.0], [0.0, 0.0], [0.0, 0.0], [0.0, 0.0], [0.0, 0.0], [0.0, 0.0], [0.0, 0.0], [0.0, 0.0], [0.0, 0.0]], "precisionMat": [[], [], [], [], [], [], [], [], [], [], [], [], [], [], [], []], "gtPolPoints": [[783.0, 397.0, 809.0, 399.0, 809.0, 411.0, 788.0, 414.0], [821.0, 452.0, 836.0, 450.0, 835.0, 464.0, 823.0, 464.0], [578.0, 366.0, 603.0, 366.0, 602.0, 389.0, 577.0, 389.0], [618.0, 434.0, 659.0, 436.0, 656.0, 451.0, 619.0, 453.0], [616.0, 417.0, 660.0, 416.0, 659.0, 436.0, 615.0, 433.0], [228.0, 320.0, 291.0, 324.0, 286.0, 336.0, 229.0, 329.0], [530.0, 363.0, 578.0, 365.0, 576.0, 390.0, 531.0, 387.0], [785.0, 355.0, 807.0, 356.0, 805.0, 396.0, 785.0, 394.0], [1180.0, 374.0, 1250.0, 373.0, 1252.0, 398.0, 1181.0, 398.0], [900.0, 230.0, 1004.0, 162.0, 1010.0, 228.0, 900.0, 285.0], [994.0, 108.0, 1145.0, 103.0, 1154.0, 144.0, 1004.0, 230.0], [706.0, 314.0, 746.0, 291.0, 738.0, 336.0, 710.0, 346.0], [729.0, 298.0, 811.0, 281.0, 813.0, 324.0, 737.0, 348.0], [510.0, 603.0, 590.0, 612.0, 588.0, 637.0, 508.0, 628.0], [620.0, 364.0, 662.0, 366.0, 659.0, 419.0, 617.0, 417.0], [624.0, 363.0, 658.0, 365.0, 657.0, 417.0, 622.0, 415.0]], "detPolPoints": [], "gtCharPoints": [[[791.375, 405.375], [803.125, 405.125]], [[825.375, 457.75], [832.125, 457.25]], [[583.75, 377.5], [596.25, 377.5]], [[625.0, 443.5], [638.0, 443.5], [651.0, 443.5]], [[619.9, 425.1], [628.6999999999999, 425.3], [637.5, 425.5], [646.3, 425.70000000000005], [655.1, 425.90000000000003]], [[233.5, 324.9583333333333], [243.5, 325.875], [253.5, 326.79166666666663], [263.5, 327.7083333333333], [273.5, 328.625], [283.5, 329.54166666666663]], [[535.15, 375.25], [544.4499999999999, 375.75], [553.75, 376.25], [563.05, 376.75], [572.35, 377.25]], [[788.5, 374.75], [795.5, 375.25], [802.5, 375.75]], [[1186.375, 385.9583333333333], [1198.125, 385.875], [1209.875, 385.79166666666663], [1221.625, 385.7083333333333], [1233.375, 385.625], [1245.125, 385.54166666666663]], [[906.6875, 253.59375], [920.0625, 245.78125], [933.4375, 237.96875], [946.8125, 230.15625], [960.1875, 222.34375], [973.5625, 214.53125], [986.9375, 206.71875], [1000.3125, 198.90625]], [[1036.625, 157.625], [1111.875, 134.875]], [[716.5, 325.875], [733.5, 317.625]], [[740.9, 320.95], [756.6999999999999, 316.84999999999997], [772.5, 312.75], [788.3, 308.65], [804.1, 304.55]], [[519.0, 616.625], [539.0, 618.875], [559.0, 621.125], [579.0, 623.375]], [[629.0, 391.0], [650.0, 392.0]], [[631.625, 389.5], [648.875, 390.5]]], "gtCharCounts": [0.0, 0.0, 0.0, 0.0, 0.0, 0.0, 0.0, 0.0, 0.0, 0.0, 0.0, 0.0, 0.0, 0.0, 0.0, 0.0], "gtDontCare": [0, 1, 2, 3, 5, 10, 11, 13, 14, 15], "detDontCare": [], "evaluationParams": {"GT_PATH": "gt/gt_IC15.zip", "SUBMIT_PATH": "result/result_paddleOCR_IC15.zip", "OUTPUT_PATH": "output/", "PORT": 8080, "BOX_TYPE": "QUAD", "TRANSCRIPTION": true, "CONFIDENCES": false, "CRLF": false, "E2E": true, "CASE_SENSITIVE": true, "RS": true, "AREA_PRECISION_CONSTRAINT": 0.5, "GRANULARITY_PENALTY_WEIGHT": 1.0, "VERTICAL_ASPECT_RATIO_THRES": 2.0, "NUM_WORKERS": 2, "GT_SAMPLE_NAME_2_ID": "([0-9]+)", "DET_SAMPLE_NAME_2_ID": "([0-9]+)", "PER_SAMPLE_RESULTS": true}, "evaluationLog": "GT polygons: 16 (10 don't care) \nDET polygons: 0\n\nFind one-to-one matches\nFind one-to-many matches\nFind many-to-one matches\n<b>Detection | PRECISION\n</b><b>Detection | RECALL\n</b><b># of false positive chars\n</b>0\n=================================\n<b>End-to-End | Recall\n</b><b>End-to-End | Precision\n</b>", "EndtoEnd": {"precision": 0.0, "recall": 0.0, "hmean": 0, "recognition_score": 0.0}, "end2endMat": [[0.0, 0.0], [0.0, 0.0], [0.0, 0.0], [0.0, 0.0], [0.0, 0.0], [0.0, 0.0], [0.0, 0.0], [0.0, 0.0], [0.0, 0.0], [0.0, 0.0], [0.0, 0.0], [0.0, 0.0], [0.0, 0.0], [0.0, 0.0], [0.0, 0.0], [0.0, 0.0], [0.0, 0.0], [0.0, 0.0]], "gtTrans": ["##", "##", "##", "###", "SUSHI", "######", "sushi", "the", "kimmic", "precious", "##", "##", "place", "####", "##", "##"], "detTrans": [], "gtQuery": ["##", "##", "##", "###", "SUSHI", "######", "sushi", "the", "kimmic", "precious", "##", "##", "place", "####", "##", "##"], "detQuery": []}