{"Rawdata": {"det_correct_num_recall": 8.0, "det_correct_num_precision": 8.0, "chars_gt": 15, "chars_det": 8.0, "num_splitted": 0, "num_merged": 0, "num_false_positive": 0, "char_missed": 7, "char_overlapped": 0, "char_false_positive": 0, "e2e_correct_num_recall": 8.0, "e2e_correct_num_precision": 8.0, "chars_recog": 19, "e2e_char_missed": 7.0, "e2e_char_false_positive": 11.0, "e2e_recog_score_chars": 19, "e2e_recog_score_correct_num": 8.0}, "Detection": {"precision": 1.0, "recall": 0.5333333333333333, "hmean": 0.6956521739130436}, "pairs": [{"gt": [3], "det": [0], "type": "OO"}], "detectionMat": [[0.0, 0.0, 0.0], [0.0, 0.0, 0.0], [0.0, 0.0, 0.0], [8.0, 8.0, 0.0], [0.0, 0.0, 0.0], [0.0, 0.0, 0.0], [0.0, 0.0, 0.0], [8.0, 0.0, 0.0], [0.0, 0.0, 0.0]], "precisionMat": [[0.0], [0.0], [0.0], [0.8785749750447113], [0.0], [0.0], [0.0]], "gtPolPoints": [[731.0, 282.0, 797.0, 285.0, 794.0, 315.0, 727.0, 311.0], [831.0, 249.0, 861.0, 244.0, 859.0, 271.0, 832.0, 277.0], [856.0, 258.0, 885.0, 251.0, 885.0, 263.0, 859.0, 269.0], [1074.0, 165.0, 1265.0, 107.0, 1273.0, 173.0, 1075.0, 220.0], [815.0, 322.0, 843.0, 324.0, 841.0, 342.0, 811.0, 340.0], [791.0, 334.0, 813.0, 335.0, 810.0, 353.0, 787.0, 352.0], [353.0, 241.0, 389.0, 247.0, 380.0, 280.0, 351.0, 279.0]], "detPolPoints": [[1063.0, 160.0, 1250.0, 106.0, 1268.0, 167.0, 1081.0, 221.0]], "gtCharPoints": [[[737.3125, 296.9375], [753.9375, 297.8125], [770.5625, 298.6875], [787.1875, 299.5625]], [[836.25, 262.0833333333333], [845.75, 260.25], [855.25, 258.41666666666663]], [[862.0833333333334, 262.4166666666667], [871.25, 260.25], [880.4166666666667, 258.08333333333337]], [[1086.65625, 189.21875], [1110.96875, 182.65625], [1135.28125, 176.09375], [1159.59375, 169.53125], [1183.90625, 162.96875], [1208.21875, 156.40625], [1232.53125, 149.84375], [1256.84375, 143.28125]], [[820.25, 331.5], [834.75, 332.5]], [[794.625, 343.25], [805.875, 343.75]], [[360.125, 260.875], [376.375, 262.625]]], "gtCharCounts": [[0.0, 0.0, 0.0, 0.0], [0.0, 0.0, 0.0], [0.0, 0.0, 0.0], [1.0, 1.0, 1.0, 1.0, 1.0, 1.0, 1.0, 1.0], [0.0, 0.0], [0.0, 0.0], [0.0, 0.0]], "gtDontCare": [2, 4, 5, 6], "detDontCare": [], "evaluationParams": {"GT_PATH": "gt/gt_IC15.zip", "SUBMIT_PATH": "result/result_paddleOCR_IC15.zip", "OUTPUT_PATH": "output/", "PORT": 8080, "BOX_TYPE": "QUAD", "TRANSCRIPTION": true, "CONFIDENCES": false, "CRLF": false, "E2E": true, "CASE_SENSITIVE": true, "RS": true, "AREA_PRECISION_CONSTRAINT": 0.5, "GRANULARITY_PENALTY_WEIGHT": 1.0, "VERTICAL_ASPECT_RATIO_THRES": 2.0, "NUM_WORKERS": 2, "GT_SAMPLE_NAME_2_ID": "([0-9]+)", "DET_SAMPLE_NAME_2_ID": "([0-9]+)", "PER_SAMPLE_RESULTS": true}, "evaluationLog": "GT polygons: 7 (4 don't care) \nDET polygons: 1\n\nFind one-to-one matches\nMatch GT #3 with Det #0\nFind one-to-many matches\nFind many-to-one matches\n<b>Detection | PRECISION\n</b><b>Detection | RECALL\n</b><b># of false positive chars\n</b>0\n=================================\n<b>End-to-End | Recall\n</b><b>End-to-End | Precision\n</b>", "EndtoEnd": {"precision": 0.42105263157894735, "recall": 0.5333333333333333, "hmean": 0.47058823529411764, "recognition_score": 0.42105263157894735}, "end2endMat": [[0.0, 0.0, 0.0], [0.0, 0.0, 0.0], [0.0, 0.0, 0.0], [0.0, 8.0, 0.0], [0.0, 0.0, 0.0], [0.0, 0.0, 0.0], [0.0, 0.0, 0.0], [8.0, 0.0, 0.0], [0.0, 0.0, 0.0]], "gtTrans": ["SONS", "FOX", "###", "GRACIOUS", "##", "##", "##"], "detTrans": ["GRACIOUS,0.74234265"], "gtQuery": ["SONS", "FOX", "###", "GRACIOUS", "##", "##", "##"], "detQuery": ["GRACIOUS,0.74234265"]}