{"Rawdata": {"det_correct_num_recall": 0.0, "det_correct_num_precision": 0.0, "chars_gt": 0, "chars_det": 0, "num_splitted": 0, "num_merged": 0, "num_false_positive": 0, "char_missed": 0, "char_overlapped": 0, "char_false_positive": 0, "e2e_correct_num_recall": 0.0, "e2e_correct_num_precision": 0.0, "chars_recog": 0, "e2e_char_missed": 0.0, "e2e_char_false_positive": 0.0, "e2e_recog_score_chars": 0, "e2e_recog_score_correct_num": 0.0}, "Detection": {"precision": 0.0, "recall": 0.0, "hmean": 0}, "pairs": [], "detectionMat": [[0.0, 0.0], [0.0, 0.0], [0.0, 0.0], [0.0, 0.0], [0.0, 0.0], [0.0, 0.0], [0.0, 0.0], [0.0, 0.0], [0.0, 0.0], [0.0, 0.0], [0.0, 0.0], [0.0, 0.0], [0.0, 0.0], [0.0, 0.0], [0.0, 0.0], [0.0, 0.0], [0.0, 0.0], [0.0, 0.0], [0.0, 0.0], [0.0, 0.0], [0.0, 0.0], [0.0, 0.0], [0.0, 0.0], [0.0, 0.0]], "precisionMat": [[], [], [], [], [], [], [], [], [], [], [], [], [], [], [], [], [], [], [], [], [], []], "gtPolPoints": [[590.0, 286.0, 603.0, 285.0, 605.0, 302.0, 592.0, 303.0], [521.0, 175.0, 540.0, 170.0, 541.0, 185.0, 522.0, 191.0], [642.0, 272.0, 665.0, 270.0, 665.0, 286.0, 642.0, 288.0], [803.0, 285.0, 832.0, 281.0, 835.0, 301.0, 806.0, 305.0], [832.0, 281.0, 845.0, 279.0, 846.0, 289.0, 833.0, 291.0], [886.0, 274.0, 896.0, 272.0, 897.0, 288.0, 887.0, 289.0], [608.0, 278.0, 632.0, 275.0, 635.0, 311.0, 610.0, 314.0], [990.0, 273.0, 996.0, 271.0, 997.0, 282.0, 990.0, 283.0], [937.0, 274.0, 946.0, 273.0, 947.0, 285.0, 938.0, 286.0], [590.0, 563.0, 606.0, 563.0, 605.0, 579.0, 589.0, 579.0], [669.0, 564.0, 681.0, 563.0, 680.0, 576.0, 668.0, 577.0], [523.0, 560.0, 533.0, 560.0, 533.0, 574.0, 523.0, 574.0], [897.0, 271.0, 908.0, 271.0, 908.0, 280.0, 897.0, 280.0], [947.0, 271.0, 957.0, 271.0, 956.0, 278.0, 947.0, 278.0], [580.0, 241.0, 627.0, 235.0, 629.0, 252.0, 582.0, 258.0], [795.0, 259.0, 823.0, 255.0, 824.0, 266.0, 796.0, 271.0], [869.0, 256.0, 893.0, 255.0, 893.0, 263.0, 870.0, 264.0], [547.0, 266.0, 577.0, 262.0, 577.0, 267.0, 547.0, 271.0], [547.0, 274.0, 559.0, 273.0, 559.0, 279.0, 547.0, 280.0], [548.0, 283.0, 567.0, 282.0, 567.0, 288.0, 549.0, 289.0], [167.0, 282.0, 176.0, 281.0, 177.0, 294.0, 168.0, 295.0], [799.0, 287.0, 807.0, 287.0, 807.0, 297.0, 800.0, 297.0]], "detPolPoints": [], "gtCharPoints": [[[594.25, 294.25], [600.75, 293.75]], [[526.25, 181.625], [535.75, 178.875]], [[647.75, 279.5], [659.25, 278.5]], [[811.75, 294.0], [826.25, 292.0]], [[835.75, 285.5], [842.25, 284.5]], [[889.0, 281.125], [894.0, 280.375]], [[615.125, 295.25], [627.375, 293.75]], [[991.625, 277.625], [994.875, 276.875]], [[939.75, 279.75], [944.25, 279.25]], [[593.5, 571.0], [601.5, 571.0]], [[671.5, 570.25], [677.5, 569.75]], [[525.5, 567.0], [530.5, 567.0]], [[899.75, 275.5], [905.25, 275.5]], [[949.375, 274.5], [954.125, 274.5]], [[588.8333333333334, 248.5], [604.5, 246.5], [620.1666666666667, 244.5]], [[800.1666666666666, 264.25], [809.5, 262.75], [818.8333333333333, 261.25]], [[873.4166666666666, 259.8333333333333], [881.25, 259.5], [889.0833333333333, 259.16666666666663]], [[549.1428571428571, 268.2142857142857], [553.4285714285714, 267.64285714285717], [557.7142857142857, 267.07142857142856], [562.0, 266.5], [566.2857142857142, 265.92857142857144], [570.5714285714286, 265.3571428571429], [574.8571428571428, 264.7857142857143]], [[549.0, 276.8333333333333], [553.0, 276.5], [557.0, 276.16666666666663]], [[550.8125, 285.875], [555.4375, 285.625], [560.0625, 285.375], [564.6875, 285.125]], [[169.75, 288.25], [174.25, 287.75]], [[801.375, 292.0], [805.125, 292.0]]], "gtCharCounts": [0.0, 0.0, 0.0, 0.0, 0.0, 0.0, 0.0, 0.0, 0.0, 0.0, 0.0, 0.0, 0.0, 0.0, 0.0, 0.0, 0.0, 0.0, 0.0, 0.0, 0.0, 0.0], "gtDontCare": [0, 1, 2, 3, 4, 5, 6, 7, 8, 9, 10, 11, 12, 13, 14, 15, 16, 17, 18, 19, 20, 21], "detDontCare": [], "evaluationParams": {"GT_PATH": "gt/gt_IC15.zip", "SUBMIT_PATH": "result/result_paddleOCR_IC15.zip", "OUTPUT_PATH": "output/", "PORT": 8080, "BOX_TYPE": "QUAD", "TRANSCRIPTION": true, "CONFIDENCES": false, "CRLF": false, "E2E": true, "CASE_SENSITIVE": true, "RS": true, "AREA_PRECISION_CONSTRAINT": 0.5, "GRANULARITY_PENALTY_WEIGHT": 1.0, "VERTICAL_ASPECT_RATIO_THRES": 2.0, "NUM_WORKERS": 2, "GT_SAMPLE_NAME_2_ID": "([0-9]+)", "DET_SAMPLE_NAME_2_ID": "([0-9]+)", "PER_SAMPLE_RESULTS": true}, "evaluationLog": "GT polygons: 22 (22 don't care) \nDET polygons: 0\n\nFind one-to-one matches\nFind one-to-many matches\nFind many-to-one matches\n<b>Detection | PRECISION\n</b><b>Detection | RECALL\n</b><b># of false positive chars\n</b>0\n=================================\n<b>End-to-End | Recall\n</b><b>End-to-End | Precision\n</b>", "EndtoEnd": {"precision": 0.0, "recall": 0.0, "hmean": 0, "recognition_score": 0.0}, "end2endMat": [[0.0, 0.0], [0.0, 0.0], [0.0, 0.0], [0.0, 0.0], [0.0, 0.0], [0.0, 0.0], [0.0, 0.0], [0.0, 0.0], [0.0, 0.0], [0.0, 0.0], [0.0, 0.0], [0.0, 0.0], [0.0, 0.0], [0.0, 0.0], [0.0, 0.0], [0.0, 0.0], [0.0, 0.0], [0.0, 0.0], [0.0, 0.0], [0.0, 0.0], [0.0, 0.0], [0.0, 0.0], [0.0, 0.0], [0.0, 0.0]], "gtTrans": ["##", "##", "##", "##", "##", "##", "##", "##", "##", "##", "##", "##", "##", "##", "###", "###", "###", "#######", "###", "####", "##", "##"], "detTrans": [], "gtQuery": ["##", "##", "##", "##", "##", "##", "##", "##", "##", "##", "##", "##", "##", "##", "###", "###", "###", "#######", "###", "####", "##", "##"], "detQuery": []}