{"Rawdata": {"det_correct_num_recall": 3.0, "det_correct_num_precision": 3.0, "chars_gt": 17, "chars_det": 3.0, "num_splitted": 0, "num_merged": 0, "num_false_positive": 0, "char_missed": 14, "char_overlapped": 0, "char_false_positive": 0, "e2e_correct_num_recall": 3.0, "e2e_correct_num_precision": 3.0, "chars_recog": 15, "e2e_char_missed": 14.0, "e2e_char_false_positive": 12.0, "e2e_recog_score_chars": 15, "e2e_recog_score_correct_num": 3.0}, "Detection": {"precision": 1.0, "recall": 0.17647058823529413, "hmean": 0.3}, "pairs": [{"gt": [0], "det": [0], "type": "OO"}], "detectionMat": [[3.0, 3.0, 0.0], [0.0, 0.0, 0.0], [0.0, 0.0, 0.0], [0.0, 0.0, 0.0], [0.0, 0.0, 0.0], [0.0, 0.0, 0.0], [3.0, 0.0, 0.0], [0.0, 0.0, 0.0]], "precisionMat": [[0.9987631733021074], [0.0], [0.0], [0.0], [0.0], [0.0]], "gtPolPoints": [[273.0, 49.0, 369.0, 91.0, 366.0, 131.0, 270.0, 89.0], [538.0, 277.0, 580.0, 274.0, 580.0, 289.0, 538.0, 292.0], [569.0, 285.0, 599.0, 281.0, 602.0, 311.0, 572.0, 315.0], [1164.0, 159.0, 1275.0, 150.0, 1278.0, 176.0, 1167.0, 185.0], [229.0, 181.0, 316.0, 194.0, 316.0, 226.0, 229.0, 213.0], [735.0, 189.0, 755.0, 185.0, 755.0, 195.0, 735.0, 199.0]], "detPolPoints": [[312.0, 74.0, 364.0, 88.0, 356.0, 115.0, 304.0, 101.0]], "gtCharPoints": [[[281.1, 73.2], [300.3, 81.60000000000001], [319.5, 90.0], [338.70000000000005, 98.4], [357.90000000000003, 106.80000000000001]], [[545.0, 284.0], [559.0, 283.0], [573.0, 282.0]], [[578.0, 299.0], [593.0, 297.0]], [[1176.6, 171.1], [1198.8, 169.29999999999998], [1221.0, 167.5], [1243.1999999999998, 165.7], [1265.3999999999999, 163.9]], [[243.5, 199.16666666666666], [272.5, 203.5], [301.5, 207.83333333333331]], [[737.5, 193.5], [742.5, 192.5], [747.5, 191.5], [752.5, 190.5]]], "gtCharCounts": [[0.0, 0.0, 1.0, 1.0, 1.0], [0.0, 0.0, 0.0], [0.0, 0.0], [0.0, 0.0, 0.0, 0.0, 0.0], [0.0, 0.0, 0.0], [0.0, 0.0, 0.0, 0.0]], "gtDontCare": [1, 2], "detDontCare": [], "evaluationParams": {"GT_PATH": "gt/gt_IC15.zip", "SUBMIT_PATH": "result/result_paddleOCR_IC15.zip", "OUTPUT_PATH": "output/", "PORT": 8080, "BOX_TYPE": "QUAD", "TRANSCRIPTION": true, "CONFIDENCES": false, "CRLF": false, "E2E": true, "CASE_SENSITIVE": true, "RS": true, "AREA_PRECISION_CONSTRAINT": 0.5, "GRANULARITY_PENALTY_WEIGHT": 1.0, "VERTICAL_ASPECT_RATIO_THRES": 2.0, "NUM_WORKERS": 2, "GT_SAMPLE_NAME_2_ID": "([0-9]+)", "DET_SAMPLE_NAME_2_ID": "([0-9]+)", "PER_SAMPLE_RESULTS": true}, "evaluationLog": "GT polygons: 6 (2 don't care) \nDET polygons: 1\n\nFind one-to-one matches\nMatch GT #0 with Det #0\nFind one-to-many matches\nFind many-to-one matches\n<b>Detection | PRECISION\n</b><b>Detection | RECALL\n</b><b># of false positive chars\n</b>0\n=================================\n<b>End-to-End | Recall\n</b><b>End-to-End | Precision\n</b>", "EndtoEnd": {"precision": 0.2, "recall": 0.17647058823529413, "hmean": 0.18750000000000003, "recognition_score": 0.2}, "end2endMat": [[0.0, 3.0, 0.0], [0.0, 0.0, 0.0], [0.0, 0.0, 0.0], [0.0, 0.0, 0.0], [0.0, 0.0, 0.0], [0.0, 0.0, 0.0], [3.0, 0.0, 0.0], [0.0, 0.0, 0.0]], "gtTrans": ["OMEGA", "###", "##", "PARIS", "OMA", "EXIT"], "detTrans": ["MEGI,0.83871675"], "gtQuery": ["OMEGA", "###", "##", "PARIS", "OMA", "EXIT"], "detQuery": ["MEGI,0.83871675"]}