{"Rawdata": {"det_correct_num_recall": 0.0, "det_correct_num_precision": 0.0, "chars_gt": 15, "chars_det": 0, "num_splitted": 0, "num_merged": 0, "num_false_positive": 0, "char_missed": 15, "char_overlapped": 0, "char_false_positive": 0, "e2e_correct_num_recall": 0.0, "e2e_correct_num_precision": 0.0, "chars_recog": 0, "e2e_char_missed": 15.0, "e2e_char_false_positive": 0.0, "e2e_recog_score_chars": 0, "e2e_recog_score_correct_num": 0.0}, "Detection": {"precision": 0.0, "recall": 0.0, "hmean": 0}, "pairs": [], "detectionMat": [[0.0, 0.0], [0.0, 0.0], [0.0, 0.0], [0.0, 0.0], [0.0, 0.0], [0.0, 0.0], [0.0, 0.0], [0.0, 0.0], [0.0, 0.0], [0.0, 0.0]], "precisionMat": [[], [], [], [], [], [], [], []], "gtPolPoints": [[362.0, 266.0, 410.0, 256.0, 414.0, 280.0, 366.0, 291.0], [420.0, 256.0, 475.0, 245.0, 480.0, 268.0, 425.0, 279.0], [485.0, 244.0, 523.0, 236.0, 529.0, 263.0, 492.0, 271.0], [382.0, 310.0, 425.0, 301.0, 430.0, 325.0, 386.0, 334.0], [472.0, 341.0, 492.0, 336.0, 498.0, 363.0, 478.0, 368.0], [451.0, 220.0, 485.0, 212.0, 491.0, 234.0, 457.0, 242.0], [494.0, 214.0, 506.0, 210.0, 513.0, 232.0, 500.0, 235.0], [353.0, 235.0, 441.0, 218.0, 448.0, 241.0, 360.0, 259.0]], "detPolPoints": [], "gtCharPoints": [[[370.0, 277.1875], [382.0, 274.5625], [394.0, 271.9375], [406.0, 269.3125]], [[428.0, 266.4], [439.0, 264.2], [450.0, 262.0], [461.0, 259.79999999999995], [472.0, 257.59999999999997]], [[494.75, 256.1666666666667], [507.25, 253.50000000000003], [519.75, 250.83333333333334]], [[391.25, 320.5], [405.75, 317.5], [420.25, 314.5]], [[480.0, 353.25], [490.0, 350.75]], [[462.5, 229.0], [479.5, 225.0]], [[500.125, 223.625], [506.375, 221.875]], [[367.5, 244.8125], [389.5, 240.4375], [411.5, 236.0625], [433.5, 231.6875]]], "gtCharCounts": [0.0, 0.0, 0.0, 0.0, 0.0, 0.0, 0.0, 0.0], "gtDontCare": [4, 5, 6, 7], "detDontCare": [], "evaluationParams": {"GT_PATH": "gt/gt_IC15.zip", "SUBMIT_PATH": "result/result_paddleOCR_IC15.zip", "OUTPUT_PATH": "output/", "PORT": 8080, "BOX_TYPE": "QUAD", "TRANSCRIPTION": true, "CONFIDENCES": false, "CRLF": false, "E2E": true, "CASE_SENSITIVE": true, "RS": true, "AREA_PRECISION_CONSTRAINT": 0.5, "GRANULARITY_PENALTY_WEIGHT": 1.0, "VERTICAL_ASPECT_RATIO_THRES": 2.0, "NUM_WORKERS": 2, "GT_SAMPLE_NAME_2_ID": "([0-9]+)", "DET_SAMPLE_NAME_2_ID": "([0-9]+)", "PER_SAMPLE_RESULTS": true}, "evaluationLog": "GT polygons: 8 (4 don't care) \nDET polygons: 0\n\nFind one-to-one matches\nFind one-to-many matches\nFind many-to-one matches\n<b>Detection | PRECISION\n</b><b>Detection | RECALL\n</b><b># of false positive chars\n</b>0\n=================================\n<b>End-to-End | Recall\n</b><b>End-to-End | Precision\n</b>", "EndtoEnd": {"precision": 0.0, "recall": 0.0, "hmean": 0, "recognition_score": 0.0}, "end2endMat": [[0.0, 0.0], [0.0, 0.0], [0.0, 0.0], [0.0, 0.0], [0.0, 0.0], [0.0, 0.0], [0.0, 0.0], [0.0, 0.0], [0.0, 0.0], [0.0, 0.0]], "gtTrans": ["West", "Coast", "Way", "PIE", "##", "##", "##", "####"], "detTrans": [], "gtQuery": ["West", "Coast", "Way", "PIE", "##", "##", "##", "####"], "detQuery": []}