{"Rawdata": {"det_correct_num_recall": 0.0, "det_correct_num_precision": 0.0, "chars_gt": 25, "chars_det": 4.0, "num_splitted": 0, "num_merged": 0, "num_false_positive": 1, "char_missed": 25, "char_overlapped": 0, "char_false_positive": 4, "e2e_correct_num_recall": 0.0, "e2e_correct_num_precision": 0.0, "chars_recog": 12, "e2e_char_missed": 25.0, "e2e_char_false_positive": 12.0, "e2e_recog_score_chars": 0, "e2e_recog_score_correct_num": 0.0}, "Detection": {"precision": 0.0, "recall": 0.0, "hmean": 0}, "pairs": [], "detectionMat": [[0.0, 0.0, 0.0], [0.0, 0.0, 0.0], [0.0, 0.0, 0.0], [0.0, 0.0, 0.0], [0.0, 0.0, 0.0], [0.0, 0.0, 0.0], [0.0, 0.0, 0.0], [0.0, 0.0, 0.0], [0.0, 0.0, 0.0]], "precisionMat": [[0.0], [0.0], [0.0], [0.0], [0.0], [0.0], [0.0]], "gtPolPoints": [[1.0, 201.0, 101.0, 199.0, 100.0, 231.0, 0.0, 234.0], [395.0, 303.0, 431.0, 305.0, 428.0, 326.0, 392.0, 324.0], [640.0, 311.0, 711.0, 313.0, 713.0, 348.0, 642.0, 346.0], [663.0, 385.0, 727.0, 388.0, 727.0, 408.0, 663.0, 405.0], [1122.0, 281.0, 1185.0, 281.0, 1191.0, 304.0, 1128.0, 304.0], [875.0, 291.0, 937.0, 296.0, 942.0, 315.0, 880.0, 310.0], [155.0, 343.0, 220.0, 348.0, 217.0, 363.0, 152.0, 358.0]], "detPolPoints": [[467.0, 277.0, 527.0, 277.0, 527.0, 296.0, 467.0, 296.0]], "gtCharPoints": [[[8.833333333333334, 217.29166666666666], [25.5, 216.875], [42.16666666666667, 216.45833333333331], [58.833333333333336, 216.04166666666666], [75.5, 215.625], [92.16666666666667, 215.20833333333331]], [[398.0, 313.75], [407.0, 314.25], [416.0, 314.75], [425.0, 315.25]], [[652.8333333333334, 328.8333333333333], [676.5, 329.5], [700.1666666666667, 330.16666666666663]], [[671.0, 395.375], [687.0, 396.125], [703.0, 396.875], [719.0, 397.625]], [[1135.5, 292.5], [1156.5, 292.5], [1177.5, 292.5]], [[885.25, 301.125], [900.75, 302.375], [916.25, 303.625], [931.75, 304.875]], [[156.45454545454547, 350.72727272727275], [162.36363636363637, 351.1818181818182], [168.27272727272728, 351.6363636363637], [174.1818181818182, 352.0909090909091], [180.0909090909091, 352.54545454545456], [186.0, 353.0], [191.90909090909093, 353.4545454545455], [197.81818181818184, 353.90909090909093], [203.72727272727275, 354.3636363636364], [209.63636363636365, 354.8181818181818], [215.54545454545456, 355.2727272727273]]], "gtCharCounts": [[0.0, 0.0, 0.0, 0.0, 0.0, 0.0], [0.0, 0.0, 0.0, 0.0], [0.0, 0.0, 0.0], [0.0, 0.0, 0.0, 0.0], [0.0, 0.0, 0.0], [0.0, 0.0, 0.0, 0.0], [0.0, 0.0, 0.0, 0.0, 0.0, 0.0, 0.0, 0.0, 0.0, 0.0, 0.0]], "gtDontCare": [2, 4, 5], "detDontCare": [], "evaluationParams": {"GT_PATH": "gt/gt_IC15.zip", "SUBMIT_PATH": "result/result_paddleOCR_IC15.zip", "OUTPUT_PATH": "output/", "PORT": 8080, "BOX_TYPE": "QUAD", "TRANSCRIPTION": true, "CONFIDENCES": false, "CRLF": false, "E2E": true, "CASE_SENSITIVE": true, "RS": true, "AREA_PRECISION_CONSTRAINT": 0.5, "GRANULARITY_PENALTY_WEIGHT": 1.0, "VERTICAL_ASPECT_RATIO_THRES": 2.0, "NUM_WORKERS": 2, "GT_SAMPLE_NAME_2_ID": "([0-9]+)", "DET_SAMPLE_NAME_2_ID": "([0-9]+)", "PER_SAMPLE_RESULTS": true}, "evaluationLog": "GT polygons: 7 (3 don't care) \nDET polygons: 1\n\nFind one-to-one matches\nFind one-to-many matches\nFind many-to-one matches\n<b>Detection | PRECISION\n</b><b>Detection | RECALL\n</b><b># of false positive chars\n</b>4\n=================================\n<b>End-to-End | Recall\n</b><b>End-to-End | Precision\n</b>", "EndtoEnd": {"precision": 0.0, "recall": 0.0, "hmean": 0, "recognition_score": 0.0}, "end2endMat": [[0.0, 0.0, 0.0], [0.0, 0.0, 0.0], [0.0, 0.0, 0.0], [0.0, 0.0, 0.0], [0.0, 0.0, 0.0], [0.0, 0.0, 0.0], [0.0, 0.0, 0.0], [0.0, 0.0, 0.0], [0.0, 0.0, 0.0]], "gtTrans": ["ground", "WAKA", "###", "SALE", "###", "####", "Underground"], "detTrans": ["AA,0.5505564"], "gtQuery": ["ground", "WAKA", "###", "SALE", "###", "####", "Underground"], "detQuery": ["AA,0.5505564"]}