{"Rawdata": {"det_correct_num_recall": 10.0, "det_correct_num_precision": 10.0, "chars_gt": 20, "chars_det": 10.0, "num_splitted": 0, "num_merged": 0, "num_false_positive": 0, "char_missed": 10, "char_overlapped": 0, "char_false_positive": 0, "e2e_correct_num_recall": 10.0, "e2e_correct_num_precision": 10.0, "chars_recog": 21, "e2e_char_missed": 10.0, "e2e_char_false_positive": 11.0, "e2e_recog_score_chars": 21, "e2e_recog_score_correct_num": 10.0}, "Detection": {"precision": 1.0, "recall": 0.5, "hmean": 0.6666666666666666}, "pairs": [{"gt": [0], "det": [0], "type": "OO"}], "detectionMat": [[10.0, 10.0, 0.0], [0.0, 0.0, 0.0], [0.0, 0.0, 0.0], [0.0, 0.0, 0.0], [0.0, 0.0, 0.0], [10.0, 0.0, 0.0], [0.0, 0.0, 0.0]], "precisionMat": [[0.6195662559986013], [0.0], [0.0], [0.0], [0.05290201218057588]], "gtPolPoints": [[1032.0, 262.0, 1166.0, 261.0, 1169.0, 287.0, 1035.0, 289.0], [699.0, 105.0, 738.0, 98.0, 739.0, 115.0, 700.0, 122.0], [576.0, 125.0, 606.0, 121.0, 607.0, 137.0, 577.0, 142.0], [845.0, 77.0, 896.0, 67.0, 897.0, 85.0, 847.0, 95.0], [1035.0, 253.0, 1066.0, 253.0, 1066.0, 262.0, 1035.0, 262.0]], "detPolPoints": [[1004.0, 250.0, 1168.0, 257.0, 1167.0, 289.0, 1002.0, 281.0]], "gtCharPoints": [[[1040.2, 275.425], [1053.6000000000001, 275.27500000000003], [1067.0, 275.125], [1080.4, 274.975], [1093.8, 274.825], [1107.2, 274.675], [1120.6000000000001, 274.52500000000003], [1134.0, 274.375], [1147.4, 274.225], [1160.8, 274.075]], [[703.4, 112.8], [711.1999999999999, 111.39999999999999], [719.0, 110.0], [726.8, 108.6], [734.6, 107.2]], [[584.0, 132.375], [599.0, 130.125]], [[851.05, 85.0], [861.15, 83.0], [871.25, 81.0], [881.3499999999999, 79.0], [891.4499999999999, 77.0]], [[1038.875, 257.5], [1046.625, 257.5], [1054.375, 257.5], [1062.125, 257.5]]], "gtCharCounts": [[1.0, 1.0, 1.0, 1.0, 1.0, 1.0, 1.0, 1.0, 1.0, 1.0], [0.0, 0.0, 0.0, 0.0, 0.0], [0.0, 0.0], [0.0, 0.0, 0.0, 0.0, 0.0], [0.0, 0.0, 0.0, 0.0]], "gtDontCare": [2, 4], "detDontCare": [], "evaluationParams": {"GT_PATH": "gt/gt_IC15.zip", "SUBMIT_PATH": "result/result_paddleOCR_IC15.zip", "OUTPUT_PATH": "output/", "PORT": 8080, "BOX_TYPE": "QUAD", "TRANSCRIPTION": true, "CONFIDENCES": false, "CRLF": false, "E2E": true, "CASE_SENSITIVE": true, "RS": true, "AREA_PRECISION_CONSTRAINT": 0.5, "GRANULARITY_PENALTY_WEIGHT": 1.0, "VERTICAL_ASPECT_RATIO_THRES": 2.0, "NUM_WORKERS": 2, "GT_SAMPLE_NAME_2_ID": "([0-9]+)", "DET_SAMPLE_NAME_2_ID": "([0-9]+)", "PER_SAMPLE_RESULTS": true}, "evaluationLog": "GT polygons: 5 (2 don't care) \nDET polygons: 1\n\nFind one-to-one matches\nMatch GT #0 with Det #0\nFind one-to-many matches\nFind many-to-one matches\n<b>Detection | PRECISION\n</b><b>Detection | RECALL\n</b><b># of false positive chars\n</b>0\n=================================\n<b>End-to-End | Recall\n</b><b>End-to-End | Precision\n</b>", "EndtoEnd": {"precision": 0.47619047619047616, "recall": 0.5, "hmean": 0.4878048780487805, "recognition_score": 0.47619047619047616}, "end2endMat": [[0.0, 10.0, 0.0], [0.0, 0.0, 0.0], [0.0, 0.0, 0.0], [0.0, 0.0, 0.0], [0.0, 0.0, 0.0], [10.0, 0.0, 0.0], [0.0, 0.0, 0.0]], "gtTrans": ["Kinokuniya", "MANGA", "##", "MANGA", "####"], "detTrans": ["Kinokuniya,0.96993953"], "gtQuery": ["Kinokuniya", "MANGA", "##", "MANGA", "####"], "detQuery": ["Kinokuniya,0.96993953"]}