{"Rawdata": {"det_correct_num_recall": 0.0, "det_correct_num_precision": 0.0, "chars_gt": 22, "chars_det": 0, "num_splitted": 0, "num_merged": 0, "num_false_positive": 0, "char_missed": 22, "char_overlapped": 0, "char_false_positive": 0, "e2e_correct_num_recall": 0.0, "e2e_correct_num_precision": 0.0, "chars_recog": 0, "e2e_char_missed": 22.0, "e2e_char_false_positive": 0.0, "e2e_recog_score_chars": 0, "e2e_recog_score_correct_num": 0.0}, "Detection": {"precision": 0.0, "recall": 0.0, "hmean": 0}, "pairs": [], "detectionMat": [[0.0, 0.0], [0.0, 0.0], [0.0, 0.0], [0.0, 0.0], [0.0, 0.0], [0.0, 0.0], [0.0, 0.0], [0.0, 0.0], [0.0, 0.0], [0.0, 0.0], [0.0, 0.0], [0.0, 0.0], [0.0, 0.0], [0.0, 0.0], [0.0, 0.0]], "precisionMat": [[], [], [], [], [], [], [], [], [], [], [], [], []], "gtPolPoints": [[710.0, 236.0, 757.0, 236.0, 755.0, 252.0, 712.0, 250.0], [707.0, 253.0, 763.0, 255.0, 763.0, 268.0, 708.0, 267.0], [861.0, 147.0, 961.0, 148.0, 961.0, 176.0, 862.0, 176.0], [588.0, 108.0, 688.0, 117.0, 690.0, 136.0, 590.0, 130.0], [525.0, 128.0, 581.0, 128.0, 582.0, 140.0, 522.0, 140.0], [197.0, 97.0, 297.0, 115.0, 297.0, 133.0, 197.0, 115.0], [720.0, 272.0, 748.0, 272.0, 747.0, 282.0, 722.0, 280.0], [902.0, 202.0, 973.0, 197.0, 972.0, 362.0, 906.0, 355.0], [431.0, 222.0, 453.0, 223.0, 456.0, 248.0, 432.0, 248.0], [864.0, 135.0, 892.0, 136.0, 892.0, 146.0, 864.0, 144.0], [1033.0, 181.0, 1159.0, 188.0, 1160.0, 381.0, 1036.0, 373.0], [793.0, 184.0, 877.0, 201.0, 871.0, 354.0, 787.0, 337.0], [565.0, 83.0, 581.0, 83.0, 579.0, 119.0, 563.0, 119.0]], "detPolPoints": [], "gtCharPoints": [[[715.5, 243.1], [724.5, 243.29999999999998], [733.5, 243.5], [742.5, 243.7], [751.5, 243.9]], [[711.4642857142857, 260.10714285714283], [719.3928571428571, 260.32142857142856], [727.3214285714286, 260.5357142857143], [735.25, 260.75], [743.1785714285713, 260.96428571428567], [751.1071428571428, 261.1785714285714], [759.0357142857142, 261.3928571428571]], [[866.475, 161.525], [876.4250000000001, 161.57500000000002], [886.375, 161.625], [896.325, 161.675], [906.275, 161.725], [916.225, 161.775], [926.1750000000001, 161.82500000000002], [936.125, 161.875], [946.075, 161.925], [956.025, 161.975]], [[599.0, 119.75], [619.0, 121.25], [639.0, 122.75], [659.0, 124.25], [679.0, 125.75]], [[529.3, 134.0], [540.9, 134.0], [552.5, 134.0], [564.0999999999999, 134.0], [575.6999999999999, 134.0]], [[205.33333333333334, 107.5], [222.0, 110.5], [238.66666666666669, 113.5], [255.33333333333334, 116.5], [272.0, 119.5], [288.6666666666667, 122.5]], [[725.4166666666666, 276.1666666666667], [734.25, 276.5], [743.0833333333333, 276.83333333333337]], [[938.75, 332.0], [938.25, 279.0], [937.75, 226.0]], [[437.25, 235.125], [448.75, 235.375]], [[868.6666666666666, 139.75], [878.0, 140.25], [887.3333333333333, 140.75]], [[1065.75, 278.875], [1128.25, 282.625]], [[811.0, 264.75], [853.0, 273.25]], [[571.3333333333334, 113.0], [572.0, 101.0], [572.6666666666667, 89.0]]], "gtCharCounts": [0.0, 0.0, 0.0, 0.0, 0.0, 0.0, 0.0, 0.0, 0.0, 0.0, 0.0, 0.0, 0.0], "gtDontCare": [3, 4, 5, 6, 7, 8, 9, 10, 11, 12], "detDontCare": [], "evaluationParams": {"GT_PATH": "gt/gt_IC15.zip", "SUBMIT_PATH": "result/result_paddleOCR_IC15.zip", "OUTPUT_PATH": "output/", "PORT": 8080, "BOX_TYPE": "QUAD", "TRANSCRIPTION": true, "CONFIDENCES": false, "CRLF": false, "E2E": true, "CASE_SENSITIVE": true, "RS": true, "AREA_PRECISION_CONSTRAINT": 0.5, "GRANULARITY_PENALTY_WEIGHT": 1.0, "VERTICAL_ASPECT_RATIO_THRES": 2.0, "NUM_WORKERS": 2, "GT_SAMPLE_NAME_2_ID": "([0-9]+)", "DET_SAMPLE_NAME_2_ID": "([0-9]+)", "PER_SAMPLE_RESULTS": true}, "evaluationLog": "GT polygons: 13 (10 don't care) \nDET polygons: 0\n\nFind one-to-one matches\nFind one-to-many matches\nFind many-to-one matches\n<b>Detection | PRECISION\n</b><b>Detection | RECALL\n</b><b># of false positive chars\n</b>0\n=================================\n<b>End-to-End | Recall\n</b><b>End-to-End | Precision\n</b>", "EndtoEnd": {"precision": 0.0, "recall": 0.0, "hmean": 0, "recognition_score": 0.0}, "end2endMat": [[0.0, 0.0], [0.0, 0.0], [0.0, 0.0], [0.0, 0.0], [0.0, 0.0], [0.0, 0.0], [0.0, 0.0], [0.0, 0.0], [0.0, 0.0], [0.0, 0.0], [0.0, 0.0], [0.0, 0.0], [0.0, 0.0], [0.0, 0.0], [0.0, 0.0]], "gtTrans": ["MONEY", "CHANGER", "Kinokuniva", "#####", "#####", "######", "###", "###", "##", "###", "##", "##", "###"], "detTrans": [], "gtQuery": ["MONEY", "CHANGER", "Kinokuniva", "#####", "#####", "######", "###", "###", "##", "###", "##", "##", "###"], "detQuery": []}