{"Rawdata": {"det_correct_num_recall": 3.0, "det_correct_num_precision": 2.0, "chars_gt": 19, "chars_det": 3.0, "num_splitted": 0, "num_merged": 1, "num_false_positive": 0, "char_missed": 16, "char_overlapped": 0, "char_false_positive": 0, "e2e_correct_num_recall": 2.0, "e2e_correct_num_precision": 1.0, "chars_recog": 14, "e2e_char_missed": 17.0, "e2e_char_false_positive": 12.0, "e2e_recog_score_chars": 14, "e2e_recog_score_correct_num": 2.0}, "Detection": {"precision": 0.6666666666666666, "recall": 0.15789473684210525, "hmean": 0.25531914893617025}, "pairs": [{"gt": [6], "det": [0], "type": "OO"}, {"gt": [0, 6], "det": [0], "type": "MO"}], "detectionMat": [[1.0, 1.0, 0.0], [0.0, 0.0, 0.0], [0.0, 0.0, 0.0], [0.0, 0.0, 0.0], [0.0, 0.0, 0.0], [0.0, 0.0, 0.0], [2.0, 2.0, 0.0], [0.0, 0.0, 0.0], [0.0, 0.0, 0.0], [3.0, 0.0, 0.0], [1.0, 0.0, 0.0]], "precisionMat": [[0.33976833976833964], [0.0], [0.0], [0.0], [0.0], [0.0], [0.6939586645468998], [0.0], [0.0]], "gtPolPoints": [[50.0, 224.0, 112.0, 224.0, 114.0, 250.0, 46.0, 238.0], [226.0, 34.0, 284.0, 28.0, 284.0, 124.0, 242.0, 122.0], [135.0, 320.0, 175.0, 315.0, 176.0, 328.0, 136.0, 333.0], [343.0, 345.0, 391.0, 338.0, 412.0, 442.0, 364.0, 448.0], [348.0, 455.0, 400.0, 473.0, 362.0, 596.0, 311.0, 578.0], [306.0, 464.0, 341.0, 475.0, 315.0, 547.0, 281.0, 536.0], [0.0, 224.0, 51.0, 222.0, 48.0, 239.0, 0.0, 240.0], [213.0, 0.0, 263.0, 0.0, 264.0, 16.0, 229.0, 21.0], [293.0, 0.0, 336.0, 0.0, 324.0, 66.0, 286.0, 59.0]], "detPolPoints": [[24.0, 225.0, 61.0, 225.0, 61.0, 234.0, 24.0, 234.0]], "gtCharPoints": [[[54.5, 231.6], [67.5, 232.79999999999998], [80.5, 234.0], [93.5, 235.2], [106.5, 236.4]], [[238.16666666666666, 77.83333333333333], [246.5, 77.5], [254.83333333333331, 77.16666666666666], [263.16666666666663, 76.83333333333333], [271.5, 76.5], [279.8333333333333, 76.16666666666666]], [[140.5, 325.875], [150.5, 324.625], [160.5, 323.375], [170.5, 322.125]], [[384.5, 427.75], [377.5, 393.25], [370.5, 358.75]], [[342.75, 566.5], [355.25, 525.5], [367.75, 484.5]], [[302.25, 529.5], [310.75, 505.5], [319.25, 481.5]], [[6.1875, 231.8125], [18.5625, 231.4375], [30.9375, 231.0625], [43.3125, 230.6875]], [[228.08333333333334, 10.083333333333334], [242.25, 9.25], [256.4166666666667, 8.416666666666668]], [[294.5625, 29.9375], [304.6875, 30.8125], [314.8125, 31.6875], [324.9375, 32.5625]]], "gtCharCounts": [[1.0, 0.0, 0.0, 0.0, 0.0], [0.0, 0.0, 0.0, 0.0, 0.0, 0.0], [0.0, 0.0, 0.0, 0.0], [0.0, 0.0, 0.0], [0.0, 0.0, 0.0], [0.0, 0.0, 0.0], [0.0, 0.0, 1.0, 1.0], [0.0, 0.0, 0.0], [0.0, 0.0, 0.0, 0.0]], "gtDontCare": [2, 3, 4, 5, 7], "detDontCare": [], "evaluationParams": {"GT_PATH": "gt/gt_IC15.zip", "SUBMIT_PATH": "result/result_paddleOCR_IC15.zip", "OUTPUT_PATH": "output/", "PORT": 8080, "BOX_TYPE": "QUAD", "TRANSCRIPTION": true, "CONFIDENCES": false, "CRLF": false, "E2E": true, "CASE_SENSITIVE": true, "RS": true, "AREA_PRECISION_CONSTRAINT": 0.5, "GRANULARITY_PENALTY_WEIGHT": 1.0, "VERTICAL_ASPECT_RATIO_THRES": 2.0, "NUM_WORKERS": 2, "GT_SAMPLE_NAME_2_ID": "([0-9]+)", "DET_SAMPLE_NAME_2_ID": "([0-9]+)", "PER_SAMPLE_RESULTS": true}, "evaluationLog": "GT polygons: 9 (5 don't care) \nDET polygons: 1\n\nFind one-to-one matches\nMatch GT #6 with Det #0\nFind one-to-many matches\nFind many-to-one matches\nMatch GT #[0, 6] with Det #0\n<b>Detection | PRECISION\n</b><b>Detection | RECALL\n</b><b># of false positive chars\n</b>0\n=================================\n<b>End-to-End | Recall\n</b><b>End-to-End | Precision\n</b>", "EndtoEnd": {"precision": 0.07142857142857142, "recall": 0.10526315789473684, "hmean": 0.0851063829787234, "recognition_score": 0.14285714285714285}, "end2endMat": [[0.0, 0.0, 0.0], [0.0, 0.0, 0.0], [0.0, 0.0, 0.0], [0.0, 0.0, 0.0], [0.0, 0.0, 0.0], [0.0, 0.0, 0.0], [0.0, 2.0, 0.0], [0.0, 0.0, 0.0], [0.0, 0.0, 0.0], [2.0, 0.0, 0.0], [1.0, 0.0, 0.0]], "gtTrans": ["place", "bright", "####", "###", "###", "###", "RKET", "###", "WALK"], "detTrans": ["ETR,0.89063495"], "gtQuery": ["place", "bright", "####", "###", "###", "###", "RKET", "###", "WALK"], "detQuery": ["ETR,0.89063495"]}