{"Rawdata": {"det_correct_num_recall": 9.0, "det_correct_num_precision": 9.0, "chars_gt": 22, "chars_det": 9.0, "num_splitted": 0, "num_merged": 0, "num_false_positive": 0, "char_missed": 13, "char_overlapped": 0, "char_false_positive": 0, "e2e_correct_num_recall": 6.0, "e2e_correct_num_precision": 6.0, "chars_recog": 17, "e2e_char_missed": 16.0, "e2e_char_false_positive": 11.0, "e2e_recog_score_chars": 17, "e2e_recog_score_correct_num": 6.0}, "Detection": {"precision": 1.0, "recall": 0.4090909090909091, "hmean": 0.5806451612903226}, "pairs": [{"gt": [0], "det": [0], "type": "OO"}], "detectionMat": [[9.0, 9.0, 0.0], [0.0, 0.0, 0.0], [0.0, 0.0, 0.0], [0.0, 0.0, 0.0], [0.0, 0.0, 0.0], [9.0, 0.0, 0.0], [0.0, 0.0, 0.0]], "precisionMat": [[0.7571734131376869], [0.0], [0.0], [0.0], [0.0]], "gtPolPoints": [[67.0, 46.0, 239.0, 107.0, 235.0, 152.0, 59.0, 103.0], [80.0, 290.0, 160.0, 281.0, 163.0, 304.0, 78.0, 309.0], [244.0, 341.0, 320.0, 336.0, 319.0, 356.0, 246.0, 358.0], [633.0, 238.0, 674.0, 233.0, 680.0, 252.0, 632.0, 257.0], [800.0, 208.0, 861.0, 200.0, 868.0, 225.0, 806.0, 233.0]], "detPolPoints": [[26.0, 31.0, 236.0, 105.0, 219.0, 152.0, 9.0, 78.0]], "gtCharPoints": [[[72.66666666666667, 77.55555555555556], [92.0, 83.66666666666667], [111.33333333333334, 89.77777777777777], [130.66666666666669, 95.88888888888889], [150.0, 102.0], [169.33333333333331, 108.11111111111111], [188.66666666666669, 114.22222222222223], [208.0, 120.33333333333333], [227.33333333333331, 126.44444444444444]], [[89.3125, 298.625], [109.9375, 296.875], [130.5625, 295.125], [151.1875, 293.375]], [[252.45, 349.15], [267.34999999999997, 348.45], [282.25, 347.75], [297.15, 347.04999999999995], [312.05, 346.34999999999997]], [[636.95, 247.0], [645.85, 246.0], [654.75, 245.0], [663.6500000000001, 244.0], [672.5500000000001, 243.0]], [[806.84375, 220.0], [814.53125, 219.0], [822.21875, 218.0], [829.90625, 217.0], [837.59375, 216.0], [845.28125, 215.0], [852.96875, 214.0], [860.65625, 213.0]]], "gtCharCounts": [[1.0, 1.0, 1.0, 1.0, 1.0, 1.0, 1.0, 1.0, 1.0], [0.0, 0.0, 0.0, 0.0], [0.0, 0.0, 0.0, 0.0, 0.0], [0.0, 0.0, 0.0, 0.0, 0.0], [0.0, 0.0, 0.0, 0.0, 0.0, 0.0, 0.0, 0.0]], "gtDontCare": [1, 2], "detDontCare": [], "evaluationParams": {"GT_PATH": "gt/gt_IC15.zip", "SUBMIT_PATH": "result/result_paddleOCR_IC15.zip", "OUTPUT_PATH": "output/", "PORT": 8080, "BOX_TYPE": "QUAD", "TRANSCRIPTION": true, "CONFIDENCES": false, "CRLF": false, "E2E": true, "CASE_SENSITIVE": true, "RS": true, "AREA_PRECISION_CONSTRAINT": 0.5, "GRANULARITY_PENALTY_WEIGHT": 1.0, "VERTICAL_ASPECT_RATIO_THRES": 2.0, "NUM_WORKERS": 2, "GT_SAMPLE_NAME_2_ID": "([0-9]+)", "DET_SAMPLE_NAME_2_ID": "([0-9]+)", "PER_SAMPLE_RESULTS": true}, "evaluationLog": "GT polygons: 5 (2 don't care) \nDET polygons: 1\n\nFind one-to-one matches\nMatch GT #0 with Det #0\nFind one-to-many matches\nFind many-to-one matches\n<b>Detection | PRECISION\n</b><b>Detection | RECALL\n</b><b># of false positive chars\n</b>0\n=================================\n<b>End-to-End | Recall\n</b><b>End-to-End | Precision\n</b>", "EndtoEnd": {"precision": 0.35294117647058826, "recall": 0.2727272727272727, "hmean": 0.30769230769230765, "recognition_score": 0.35294117647058826}, "end2endMat": [[0.0, 6.0, 0.0], [0.0, 0.0, 0.0], [0.0, 0.0, 0.0], [0.0, 0.0, 0.0], [0.0, 0.0, 0.0], [6.0, 0.0, 0.0], [0.0, 0.0, 0.0]], "gtTrans": ["SWAROVSKI", "####", "#####", "Levis", "TM Lewin"], "detTrans": ["SWAROEK,0.9300384"], "gtQuery": ["SWAROVSKI", "####", "#####", "Levis", "TM Lewin"], "detQuery": ["SWAROEK,0.9300384"]}