{"Rawdata": {"det_correct_num_recall": 9.0, "det_correct_num_precision": 9.0, "chars_gt": 14, "chars_det": 9.0, "num_splitted": 0, "num_merged": 0, "num_false_positive": 0, "char_missed": 5, "char_overlapped": 0, "char_false_positive": 0, "e2e_correct_num_recall": 6.0, "e2e_correct_num_precision": 6.0, "chars_recog": 20, "e2e_char_missed": 8.0, "e2e_char_false_positive": 14.0, "e2e_recog_score_chars": 20, "e2e_recog_score_correct_num": 6.0}, "Detection": {"precision": 1.0, "recall": 0.6428571428571429, "hmean": 0.782608695652174}, "pairs": [{"gt": [0], "det": [0], "type": "OO"}], "detectionMat": [[9.0, 9.0, 0.0], [0.0, 0.0, 0.0], [0.0, 0.0, 0.0], [0.0, 0.0, 0.0], [0.0, 0.0, 0.0], [0.0, 0.0, 0.0], [0.0, 0.0, 0.0], [9.0, 0.0, 0.0], [0.0, 0.0, 0.0]], "precisionMat": [[1.0], [0.0], [0.0], [0.0], [0.0], [0.0], [0.0]], "gtPolPoints": [[1043.0, 187.0, 1275.0, 189.0, 1277.0, 251.0, 1052.0, 251.0], [1063.0, 365.0, 1110.0, 362.0, 1111.0, 378.0, 1064.0, 380.0], [762.0, 240.0, 804.0, 223.0, 807.0, 270.0, 765.0, 288.0], [526.0, 253.0, 590.0, 253.0, 590.0, 265.0, 526.0, 264.0], [317.0, 314.0, 361.0, 309.0, 361.0, 323.0, 317.0, 329.0], [316.0, 328.0, 360.0, 321.0, 360.0, 332.0, 316.0, 339.0], [833.0, 319.0, 873.0, 318.0, 874.0, 327.0, 834.0, 328.0]], "detPolPoints": [[1060.0, 206.0, 1267.0, 206.0, 1267.0, 244.0, 1060.0, 244.0]], "gtCharPoints": [[[1060.1944444444443, 219.05555555555554], [1085.5833333333333, 219.16666666666666], [1110.9722222222222, 219.27777777777777], [1136.361111111111, 219.38888888888889], [1161.75, 219.5], [1187.1388888888887, 219.6111111111111], [1212.5277777777776, 219.7222222222222], [1237.9166666666665, 219.83333333333331], [1263.3055555555554, 219.94444444444443]], [[1068.2, 372.25], [1077.6000000000001, 371.75], [1087.0, 371.25], [1096.4, 370.75], [1105.8, 370.25]], [[774.0, 259.625], [795.0, 250.875]], [[531.3333333333334, 258.5416666666667], [542.0, 258.625], [552.6666666666667, 258.70833333333337], [563.3333333333334, 258.7916666666667], [574.0, 258.875], [584.6666666666667, 258.95833333333337]], [[322.5, 320.8125], [333.5, 319.4375], [344.5, 318.0625], [355.5, 316.6875]], [[320.4, 332.8], [329.2, 331.40000000000003], [338.0, 330.0], [346.79999999999995, 328.6], [355.59999999999997, 327.2]], [[837.5, 323.4], [845.5, 323.2], [853.5, 323.0], [861.5, 322.79999999999995], [869.5, 322.59999999999997]]], "gtCharCounts": [[1.0, 1.0, 1.0, 1.0, 1.0, 1.0, 1.0, 1.0, 1.0], [0.0, 0.0, 0.0, 0.0, 0.0], [0.0, 0.0], [0.0, 0.0, 0.0, 0.0, 0.0, 0.0], [0.0, 0.0, 0.0, 0.0], [0.0, 0.0, 0.0, 0.0, 0.0], [0.0, 0.0, 0.0, 0.0, 0.0]], "gtDontCare": [2, 3, 4, 5, 6], "detDontCare": [], "evaluationParams": {"GT_PATH": "gt/gt_IC15.zip", "SUBMIT_PATH": "result/result_paddleOCR_IC15.zip", "OUTPUT_PATH": "output/", "PORT": 8080, "BOX_TYPE": "QUAD", "TRANSCRIPTION": true, "CONFIDENCES": false, "CRLF": false, "E2E": true, "CASE_SENSITIVE": true, "RS": true, "AREA_PRECISION_CONSTRAINT": 0.5, "GRANULARITY_PENALTY_WEIGHT": 1.0, "VERTICAL_ASPECT_RATIO_THRES": 2.0, "NUM_WORKERS": 2, "GT_SAMPLE_NAME_2_ID": "([0-9]+)", "DET_SAMPLE_NAME_2_ID": "([0-9]+)", "PER_SAMPLE_RESULTS": true}, "evaluationLog": "GT polygons: 7 (5 don't care) \nDET polygons: 1\n\nFind one-to-one matches\nMatch GT #0 with Det #0\nFind one-to-many matches\nFind many-to-one matches\n<b>Detection | PRECISION\n</b><b>Detection | RECALL\n</b><b># of false positive chars\n</b>0\n=================================\n<b>End-to-End | Recall\n</b><b>End-to-End | Precision\n</b>", "EndtoEnd": {"precision": 0.3, "recall": 0.42857142857142855, "hmean": 0.3529411764705882, "recognition_score": 0.3}, "end2endMat": [[0.0, 6.0, 0.0], [0.0, 0.0, 0.0], [0.0, 0.0, 0.0], [0.0, 0.0, 0.0], [0.0, 0.0, 0.0], [0.0, 0.0, 0.0], [0.0, 0.0, 0.0], [6.0, 0.0, 0.0], [0.0, 0.0, 0.0]], "gtTrans": ["epiCentre", "GUESS", "##", "######", "####", "#####", "#####"], "detTrans": ["CDlCentre,0.92627513"], "gtQuery": ["epiCentre", "GUESS", "##", "######", "####", "#####", "#####"], "detQuery": ["CDlCentre,0.92627513"]}