{"Rawdata": {"det_correct_num_recall": 3.0, "det_correct_num_precision": 3.0, "chars_gt": 20, "chars_det": 3.0, "num_splitted": 0, "num_merged": 0, "num_false_positive": 0, "char_missed": 17, "char_overlapped": 0, "char_false_positive": 0, "e2e_correct_num_recall": 2.0, "e2e_correct_num_precision": 2.0, "chars_recog": 13, "e2e_char_missed": 18.0, "e2e_char_false_positive": 11.0, "e2e_recog_score_chars": 13, "e2e_recog_score_correct_num": 2.0}, "Detection": {"precision": 1.0, "recall": 0.15, "hmean": 0.2608695652173913}, "pairs": [{"gt": [4], "det": [0], "type": "OO"}], "detectionMat": [[0.0, 0.0, 0.0], [0.0, 0.0, 0.0], [0.0, 0.0, 0.0], [0.0, 0.0, 0.0], [3.0, 3.0, 0.0], [0.0, 0.0, 0.0], [0.0, 0.0, 0.0], [3.0, 0.0, 0.0], [0.0, 0.0, 0.0]], "precisionMat": [[0.0], [0.0], [0.0], [0.0], [1.0], [0.0], [0.0]], "gtPolPoints": [[675.0, 198.0, 700.0, 177.0, 704.0, 194.0, 679.0, 215.0], [692.0, 135.0, 745.0, 93.0, 752.0, 150.0, 700.0, 191.0], [738.0, 85.0, 824.0, 12.0, 837.0, 76.0, 750.0, 149.0], [831.0, 1.0, 875.0, 1.0, 835.0, 45.0, 825.0, 9.0], [984.0, 196.0, 1071.0, 179.0, 1079.0, 248.0, 991.0, 265.0], [720.0, 329.0, 752.0, 327.0, 751.0, 344.0, 719.0, 346.0], [473.0, 329.0, 557.0, 330.0, 557.0, 341.0, 473.0, 340.0]], "detPolPoints": [[987.0, 200.0, 1065.0, 184.0, 1076.0, 238.0, 998.0, 254.0]], "gtCharPoints": [[[683.25, 201.25], [695.75, 190.75]], [[700.375, 159.54166666666666], [709.125, 152.625], [717.875, 145.70833333333331], [726.625, 138.79166666666666], [735.375, 131.875], [744.125, 124.95833333333331]], [[752.65, 109.7], [769.9499999999999, 95.10000000000001], [787.25, 80.5], [804.55, 65.9], [821.85, 51.300000000000004]], [[834.75, 9.5], [848.25, 18.5]], [[1002.0833333333334, 227.66666666666666], [1031.25, 222.0], [1060.4166666666667, 216.33333333333331]], [[722.1666666666666, 337.3333333333333], [727.5, 337.0], [732.8333333333333, 336.66666666666663], [738.1666666666666, 336.3333333333333], [743.5, 336.0], [748.8333333333333, 335.66666666666663]], [[478.25, 334.5625], [488.75, 334.6875], [499.25, 334.8125], [509.75, 334.9375], [520.25, 335.0625], [530.75, 335.1875], [541.25, 335.3125], [551.75, 335.4375]]], "gtCharCounts": [[0.0, 0.0], [0.0, 0.0, 0.0, 0.0, 0.0, 0.0], [0.0, 0.0, 0.0, 0.0, 0.0], [0.0, 0.0], [1.0, 1.0, 1.0], [0.0, 0.0, 0.0, 0.0, 0.0, 0.0], [0.0, 0.0, 0.0, 0.0, 0.0, 0.0, 0.0, 0.0]], "gtDontCare": [0, 3, 6], "detDontCare": [], "evaluationParams": {"GT_PATH": "gt/gt_IC15.zip", "SUBMIT_PATH": "result/result_paddleOCR_IC15.zip", "OUTPUT_PATH": "output/", "PORT": 8080, "BOX_TYPE": "QUAD", "TRANSCRIPTION": true, "CONFIDENCES": false, "CRLF": false, "E2E": true, "CASE_SENSITIVE": true, "RS": true, "AREA_PRECISION_CONSTRAINT": 0.5, "GRANULARITY_PENALTY_WEIGHT": 1.0, "VERTICAL_ASPECT_RATIO_THRES": 2.0, "NUM_WORKERS": 2, "GT_SAMPLE_NAME_2_ID": "([0-9]+)", "DET_SAMPLE_NAME_2_ID": "([0-9]+)", "PER_SAMPLE_RESULTS": true}, "evaluationLog": "GT polygons: 7 (3 don't care) \nDET polygons: 1\n\nFind one-to-one matches\nMatch GT #4 with Det #0\nFind one-to-many matches\nFind many-to-one matches\n<b>Detection | PRECISION\n</b><b>Detection | RECALL\n</b><b># of false positive chars\n</b>0\n=================================\n<b>End-to-End | Recall\n</b><b>End-to-End | Precision\n</b>", "EndtoEnd": {"precision": 0.15384615384615385, "recall": 0.1, "hmean": 0.12121212121212123, "recognition_score": 0.15384615384615385}, "end2endMat": [[0.0, 0.0, 0.0], [0.0, 0.0, 0.0], [0.0, 0.0, 0.0], [0.0, 0.0, 0.0], [0.0, 2.0, 0.0], [0.0, 0.0, 0.0], [0.0, 0.0, 0.0], [2.0, 0.0, 0.0], [0.0, 0.0, 0.0]], "gtTrans": ["##", "Robert", "Timms", "##", "321", "SAYOUR", "########"], "detTrans": ["32,0.87679654"], "gtQuery": ["##", "Robert", "Timms", "##", "321", "SAYOUR", "########"], "detQuery": ["32,0.87679654"]}