{"Rawdata": {"det_correct_num_recall": 9.0, "det_correct_num_precision": 9.0, "chars_gt": 13, "chars_det": 9.0, "num_splitted": 0, "num_merged": 0, "num_false_positive": 0, "char_missed": 4, "char_overlapped": 0, "char_false_positive": 0, "e2e_correct_num_recall": 9.0, "e2e_correct_num_precision": 9.0, "chars_recog": 20, "e2e_char_missed": 4.0, "e2e_char_false_positive": 11.0, "e2e_recog_score_chars": 20, "e2e_recog_score_correct_num": 9.0}, "Detection": {"precision": 1.0, "recall": 0.6923076923076923, "hmean": 0.8181818181818181}, "pairs": [{"gt": [0], "det": [0], "type": "OO"}], "detectionMat": [[9.0, 9.0, 0.0], [0.0, 0.0, 0.0], [0.0, 0.0, 0.0], [0.0, 0.0, 0.0], [0.0, 0.0, 0.0], [9.0, 0.0, 0.0], [0.0, 0.0, 0.0]], "precisionMat": [[0.7719889805335012], [0.0], [0.0], [0.0], [0.0]], "gtPolPoints": [[16.0, 243.0, 187.0, 310.0, 183.0, 341.0, 17.0, 286.0], [731.0, 375.0, 791.0, 373.0, 792.0, 392.0, 732.0, 391.0], [727.0, 245.0, 787.0, 247.0, 785.0, 268.0, 727.0, 266.0], [335.0, 370.0, 355.0, 375.0, 352.0, 386.0, 337.0, 378.0], [370.0, 380.0, 382.0, 386.0, 382.0, 396.0, 370.0, 388.0]], "detPolPoints": [[28.0, 243.0, 194.0, 302.0, 178.0, 344.0, 13.0, 286.0]], "gtCharPoints": [[[25.86111111111111, 267.8888888888889], [44.58333333333333, 274.6666666666667], [63.30555555555556, 281.44444444444446], [82.02777777777777, 288.22222222222223], [100.75, 295.0], [119.47222222222223, 301.7777777777778], [138.19444444444443, 308.5555555555556], [156.91666666666666, 315.33333333333337], [175.63888888888889, 322.11111111111114]], [[739.0, 382.9375], [754.0, 382.8125], [769.0, 382.6875], [784.0, 382.5625]], [[736.8333333333334, 255.83333333333334], [756.5, 256.5], [776.1666666666667, 257.1666666666667]], [[340.375, 375.625], [349.125, 378.875]], [[373.0, 385.75], [379.0, 389.25]]], "gtCharCounts": [[1.0, 1.0, 1.0, 1.0, 1.0, 1.0, 1.0, 1.0, 1.0], [0.0, 0.0, 0.0, 0.0], [0.0, 0.0, 0.0], [0.0, 0.0], [0.0, 0.0]], "gtDontCare": [2, 3, 4], "detDontCare": [], "evaluationParams": {"GT_PATH": "gt/gt_IC15.zip", "SUBMIT_PATH": "result/result_paddleOCR_IC15.zip", "OUTPUT_PATH": "output/", "PORT": 8080, "BOX_TYPE": "QUAD", "TRANSCRIPTION": true, "CONFIDENCES": false, "CRLF": false, "E2E": true, "CASE_SENSITIVE": true, "RS": true, "AREA_PRECISION_CONSTRAINT": 0.5, "GRANULARITY_PENALTY_WEIGHT": 1.0, "VERTICAL_ASPECT_RATIO_THRES": 2.0, "NUM_WORKERS": 2, "GT_SAMPLE_NAME_2_ID": "([0-9]+)", "DET_SAMPLE_NAME_2_ID": "([0-9]+)", "PER_SAMPLE_RESULTS": true}, "evaluationLog": "GT polygons: 5 (3 don't care) \nDET polygons: 1\n\nFind one-to-one matches\nMatch GT #0 with Det #0\nFind one-to-many matches\nFind many-to-one matches\n<b>Detection | PRECISION\n</b><b>Detection | RECALL\n</b><b># of false positive chars\n</b>0\n=================================\n<b>End-to-End | Recall\n</b><b>End-to-End | Precision\n</b>", "EndtoEnd": {"precision": 0.45, "recall": 0.6923076923076923, "hmean": 0.5454545454545455, "recognition_score": 0.45}, "end2endMat": [[0.0, 9.0, 0.0], [0.0, 0.0, 0.0], [0.0, 0.0, 0.0], [0.0, 0.0, 0.0], [0.0, 0.0, 0.0], [9.0, 0.0, 0.0], [0.0, 0.0, 0.0]], "gtTrans": ["WAREHOUSE", "GEOX", "###", "##", "##"], "detTrans": ["WAREHOUSE,0.94420475"], "gtQuery": ["WAREHOUSE", "GEOX", "###", "##", "##"], "detQuery": ["WAREHOUSE,0.94420475"]}