{"Rawdata": {"det_correct_num_recall": 6.0, "det_correct_num_precision": 6.0, "chars_gt": 11, "chars_det": 6.0, "num_splitted": 0, "num_merged": 0, "num_false_positive": 0, "char_missed": 5, "char_overlapped": 0, "char_false_positive": 0, "e2e_correct_num_recall": 6.0, "e2e_correct_num_precision": 6.0, "chars_recog": 16, "e2e_char_missed": 5.0, "e2e_char_false_positive": 10.0, "e2e_recog_score_chars": 16, "e2e_recog_score_correct_num": 6.0}, "Detection": {"precision": 1.0, "recall": 0.5454545454545454, "hmean": 0.7058823529411764}, "pairs": [{"gt": [0], "det": [0], "type": "OO"}], "detectionMat": [[6.0, 6.0, 0.0], [0.0, 0.0, 0.0], [6.0, 0.0, 0.0], [0.0, 0.0, 0.0]], "precisionMat": [[1.0], [0.0]], "gtPolPoints": [[824.0, 367.0, 1008.0, 365.0, 997.0, 400.0, 821.0, 396.0], [751.0, 426.0, 797.0, 433.0, 789.0, 451.0, 749.0, 445.0]], "detPolPoints": [[847.0, 369.0, 996.0, 369.0, 996.0, 392.0, 847.0, 392.0]], "gtCharPoints": [[[835.3571428571429, 381.57142857142856], [861.0714285714286, 381.7142857142857], [886.7857142857143, 381.85714285714283], [912.5, 382.0], [938.2142857142858, 382.1428571428571], [963.9285714285714, 382.2857142857143], [989.6428571428571, 382.4285714285714]], [[755.375, 436.3125], [766.125, 437.9375], [776.875, 439.5625], [787.625, 441.1875]]], "gtCharCounts": [[0.0, 1.0, 1.0, 1.0, 1.0, 1.0, 1.0], [0.0, 0.0, 0.0, 0.0]], "gtDontCare": [], "detDontCare": [], "evaluationParams": {"GT_PATH": "gt/gt_IC15.zip", "SUBMIT_PATH": "result/result_paddleOCR_IC15.zip", "OUTPUT_PATH": "output/", "PORT": 8080, "BOX_TYPE": "QUAD", "TRANSCRIPTION": true, "CONFIDENCES": false, "CRLF": false, "E2E": true, "CASE_SENSITIVE": true, "RS": true, "AREA_PRECISION_CONSTRAINT": 0.5, "GRANULARITY_PENALTY_WEIGHT": 1.0, "VERTICAL_ASPECT_RATIO_THRES": 2.0, "NUM_WORKERS": 2, "GT_SAMPLE_NAME_2_ID": "([0-9]+)", "DET_SAMPLE_NAME_2_ID": "([0-9]+)", "PER_SAMPLE_RESULTS": true}, "evaluationLog": "GT polygons: 2 (0 don't care) \nDET polygons: 1\n\nFind one-to-one matches\nMatch GT #0 with Det #0\nFind one-to-many matches\nFind many-to-one matches\n<b>Detection | PRECISION\n</b><b>Detection | RECALL\n</b><b># of false positive chars\n</b>0\n=================================\n<b>End-to-End | Recall\n</b><b>End-to-End | Precision\n</b>", "EndtoEnd": {"precision": 0.375, "recall": 0.5454545454545454, "hmean": 0.4444444444444444, "recognition_score": 0.375}, "end2endMat": [[0.0, 6.0, 0.0], [0.0, 0.0, 0.0], [6.0, 0.0, 0.0], [0.0, 0.0, 0.0]], "gtTrans": ["SKECHER", "2015"], "detTrans": ["KECHER,0.9723405"], "gtQuery": ["SKECHER", "2015"], "detQuery": ["KECHER,0.9723405"]}