{"Rawdata": {"det_correct_num_recall": 6.0, "det_correct_num_precision": 6.0, "chars_gt": 7, "chars_det": 6.0, "num_splitted": 0, "num_merged": 0, "num_false_positive": 0, "char_missed": 1, "char_overlapped": 0, "char_false_positive": 0, "e2e_correct_num_recall": 6.0, "e2e_correct_num_precision": 6.0, "chars_recog": 17, "e2e_char_missed": 1.0, "e2e_char_false_positive": 11.0, "e2e_recog_score_chars": 17, "e2e_recog_score_correct_num": 6.0}, "Detection": {"precision": 1.0, "recall": 0.8571428571428571, "hmean": 0.923076923076923}, "pairs": [{"gt": [0], "det": [0], "type": "OO"}], "detectionMat": [[6.0, 6.0, 0.0], [0.0, 0.0, 0.0], [6.0, 0.0, 0.0], [0.0, 0.0, 0.0]], "precisionMat": [[0.941567779010135], [0.0]], "gtPolPoints": [[553.0, 321.0, 712.0, 305.0, 715.0, 339.0, 556.0, 355.0], [56.0, 250.0, 217.0, 210.0, 212.0, 264.0, 51.0, 304.0]], "detPolPoints": [[544.0, 328.0, 695.0, 311.0, 698.0, 339.0, 548.0, 356.0]], "gtCharPoints": [[[565.8571428571429, 336.85714285714283], [588.5714285714286, 334.57142857142856], [611.2857142857143, 332.2857142857143], [634.0, 330.0], [656.7142857142858, 327.71428571428567], [679.4285714285714, 325.4285714285714], [702.1428571428571, 323.1428571428571]], [[73.625, 272.0], [113.875, 262.0], [154.125, 252.0], [194.375, 242.0]]], "gtCharCounts": [[1.0, 1.0, 1.0, 1.0, 1.0, 1.0, 0.0], [0.0, 0.0, 0.0, 0.0]], "gtDontCare": [1], "detDontCare": [], "evaluationParams": {"GT_PATH": "gt/gt_IC15.zip", "SUBMIT_PATH": "result/result_paddleOCR_IC15.zip", "OUTPUT_PATH": "output/", "PORT": 8080, "BOX_TYPE": "QUAD", "TRANSCRIPTION": true, "CONFIDENCES": false, "CRLF": false, "E2E": true, "CASE_SENSITIVE": true, "RS": true, "AREA_PRECISION_CONSTRAINT": 0.5, "GRANULARITY_PENALTY_WEIGHT": 1.0, "VERTICAL_ASPECT_RATIO_THRES": 2.0, "NUM_WORKERS": 2, "GT_SAMPLE_NAME_2_ID": "([0-9]+)", "DET_SAMPLE_NAME_2_ID": "([0-9]+)", "PER_SAMPLE_RESULTS": true}, "evaluationLog": "GT polygons: 2 (1 don't care) \nDET polygons: 1\n\nFind one-to-one matches\nMatch GT #0 with Det #0\nFind one-to-many matches\nFind many-to-one matches\n<b>Detection | PRECISION\n</b><b>Detection | RECALL\n</b><b># of false positive chars\n</b>0\n=================================\n<b>End-to-End | Recall\n</b><b>End-to-End | Precision\n</b>", "EndtoEnd": {"precision": 0.35294117647058826, "recall": 0.8571428571428571, "hmean": 0.5, "recognition_score": 0.35294117647058826}, "end2endMat": [[0.0, 6.0, 0.0], [0.0, 0.0, 0.0], [6.0, 0.0, 0.0], [0.0, 0.0, 0.0]], "gtTrans": ["OWNDAYS", "####"], "detTrans": ["OWNDAY,0.97995687"], "gtQuery": ["OWNDAYS", "####"], "detQuery": ["OWNDAY,0.97995687"]}