{"Rawdata": {"det_correct_num_recall": 10.0, "det_correct_num_precision": 10.0, "chars_gt": 10, "chars_det": 10.0, "num_splitted": 0, "num_merged": 0, "num_false_positive": 0, "char_missed": 0, "char_overlapped": 0, "char_false_positive": 0, "e2e_correct_num_recall": 10.0, "e2e_correct_num_precision": 10.0, "chars_recog": 21, "e2e_char_missed": 0.0, "e2e_char_false_positive": 11.0, "e2e_recog_score_chars": 21, "e2e_recog_score_correct_num": 10.0}, "Detection": {"precision": 1.0, "recall": 1.0, "hmean": 1.0}, "pairs": [{"gt": [0], "det": [1], "type": "OO"}], "detectionMat": [[0.0, 10.0, 10.0, 0.0], [0.0, 0.0, 0.0, 0.0], [0.0, 0.0, 0.0, 0.0], [0.0, 0.0, 0.0, 0.0], [0.0, 0.0, 0.0, 0.0], [0.0, 0.0, 0.0, 0.0], [0.0, 0.0, 0.0, 0.0], [0.0, 0.0, 0.0, 0.0], [0.0, 10.0, 0.0, 0.0], [0.0, 0.0, 0.0, 0.0]], "precisionMat": [[0.03600318071724397, 0.9707089552238807], [0.8249679471959732, 0.0], [0.0, 0.0], [0.0, 0.0], [0.0, 0.0], [0.0, 0.0], [0.0, 0.0], [0.0, 0.0]], "gtPolPoints": [[229.0, 200.0, 338.0, 184.0, 342.0, 211.0, 233.0, 226.0], [197.0, 49.0, 314.0, 32.0, 338.0, 177.0, 221.0, 194.0], [278.0, 221.0, 297.0, 217.0, 299.0, 226.0, 279.0, 229.0], [261.0, 234.0, 279.0, 231.0, 281.0, 239.0, 263.0, 241.0], [283.0, 230.0, 319.0, 223.0, 321.0, 231.0, 285.0, 237.0], [272.0, 242.0, 291.0, 238.0, 294.0, 246.0, 274.0, 249.0], [295.0, 239.0, 314.0, 235.0, 316.0, 241.0, 296.0, 245.0], [268.0, 255.0, 320.0, 245.0, 323.0, 251.0, 271.0, 261.0]], "detPolPoints": [[193.0, 43.0, 317.0, 24.0, 342.0, 190.0, 218.0, 209.0], [229.0, 199.0, 335.0, 184.0, 339.0, 208.0, 233.0, 223.0]], "gtCharPoints": [[[236.45, 212.225], [247.35, 210.67499999999998], [258.25, 209.125], [269.15, 207.575], [280.05, 206.025], [290.95, 204.475], [301.85, 202.92499999999998], [312.75, 201.375], [323.65, 199.825], [334.55, 198.275]], [[238.25, 117.25], [296.75, 108.75]], [[281.75, 224.41666666666666], [288.25, 223.25], [294.75, 222.08333333333331]], [[265.0, 237.08333333333334], [271.0, 236.25], [277.0, 235.41666666666669]], [[287.6, 232.85], [294.8, 231.54999999999998], [302.0, 230.25], [309.20000000000005, 228.95], [316.40000000000003, 227.65]], [[276.25, 244.91666666666666], [282.75, 243.75], [289.25, 242.58333333333331]], [[297.9375, 241.5], [302.8125, 240.5], [307.6875, 239.5], [312.5625, 238.5]], [[272.75, 257.375], [279.25, 256.125], [285.75, 254.875], [292.25, 253.625], [298.75, 252.375], [305.25, 251.125], [311.75, 249.875], [318.25, 248.625]]], "gtCharCounts": [[1.0, 1.0, 1.0, 1.0, 1.0, 1.0, 1.0, 1.0, 1.0, 1.0], [0.0, 0.0], [0.0, 0.0, 0.0], [0.0, 0.0, 0.0], [0.0, 0.0, 0.0, 0.0, 0.0], [0.0, 0.0, 0.0], [0.0, 0.0, 0.0, 0.0], [0.0, 0.0, 0.0, 0.0, 0.0, 0.0, 0.0, 0.0]], "gtDontCare": [1, 2, 3, 4, 5, 6, 7], "detDontCare": [0], "evaluationParams": {"GT_PATH": "gt/gt_IC15.zip", "SUBMIT_PATH": "result/result_paddleOCR_IC15.zip", "OUTPUT_PATH": "output/", "PORT": 8080, "BOX_TYPE": "QUAD", "TRANSCRIPTION": true, "CONFIDENCES": false, "CRLF": false, "E2E": true, "CASE_SENSITIVE": true, "RS": true, "AREA_PRECISION_CONSTRAINT": 0.5, "GRANULARITY_PENALTY_WEIGHT": 1.0, "VERTICAL_ASPECT_RATIO_THRES": 2.0, "NUM_WORKERS": 2, "GT_SAMPLE_NAME_2_ID": "([0-9]+)", "DET_SAMPLE_NAME_2_ID": "([0-9]+)", "PER_SAMPLE_RESULTS": true}, "evaluationLog": "GT polygons: 8 (7 don't care) \nDET polygons: 2\n (1 don't care)\nFind one-to-one matches\nMatch GT #0 with Det #1\nFind one-to-many matches\nFind many-to-one matches\n<b>Detection | PRECISION\n</b><b>Detection | RECALL\n</b><b># of false positive chars\n</b>0\n=================================\n<b>End-to-End | Recall\n</b><b>End-to-End | Precision\n</b>", "EndtoEnd": {"precision": 0.47619047619047616, "recall": 1.0, "hmean": 0.6451612903225806, "recognition_score": 0.47619047619047616}, "end2endMat": [[0.0, 0.0, 10.0, 0.0], [0.0, 0.0, 0.0, 0.0], [0.0, 0.0, 0.0, 0.0], [0.0, 0.0, 0.0, 0.0], [0.0, 0.0, 0.0, 0.0], [0.0, 0.0, 0.0, 0.0], [0.0, 0.0, 0.0, 0.0], [0.0, 0.0, 0.0, 0.0], [0.0, 10.0, 0.0, 0.0], [0.0, 0.0, 0.0, 0.0]], "gtTrans": ["VEGETARIAN", "##", "###", "###", "#####", "###", "####", "########"], "detTrans": ["H,0.5906116", "VEGETARIAN,0.97240937"], "gtQuery": ["VEGETARIAN", "##", "###", "###", "#####", "###", "####", "########"], "detQuery": ["H,0.5906116", "VEGETARIAN,0.97240937"]}