{"Rawdata": {"det_correct_num_recall": 0.0, "det_correct_num_precision": 0.0, "chars_gt": 21, "chars_det": 0, "num_splitted": 0, "num_merged": 0, "num_false_positive": 0, "char_missed": 21, "char_overlapped": 0, "char_false_positive": 0, "e2e_correct_num_recall": 0.0, "e2e_correct_num_precision": 0.0, "chars_recog": 0, "e2e_char_missed": 21.0, "e2e_char_false_positive": 0.0, "e2e_recog_score_chars": 0, "e2e_recog_score_correct_num": 0.0}, "Detection": {"precision": 0.0, "recall": 0.0, "hmean": 0}, "pairs": [], "detectionMat": [[0.0, 0.0], [0.0, 0.0], [0.0, 0.0], [0.0, 0.0], [0.0, 0.0], [0.0, 0.0], [0.0, 0.0], [0.0, 0.0], [0.0, 0.0], [0.0, 0.0], [0.0, 0.0], [0.0, 0.0]], "precisionMat": [[], [], [], [], [], [], [], [], [], []], "gtPolPoints": [[201.0, 230.0, 270.0, 235.0, 266.0, 280.0, 193.0, 272.0], [353.0, 245.0, 443.0, 259.0, 436.0, 294.0, 349.0, 282.0], [446.0, 253.0, 499.0, 266.0, 492.0, 299.0, 446.0, 294.0], [500.0, 261.0, 591.0, 275.0, 582.0, 308.0, 504.0, 301.0], [585.0, 274.0, 695.0, 282.0, 696.0, 320.0, 595.0, 311.0], [696.0, 281.0, 746.0, 294.0, 743.0, 319.0, 703.0, 317.0], [0.0, 464.0, 55.0, 463.0, 52.0, 481.0, 1.0, 481.0], [747.0, 278.0, 865.0, 296.0, 860.0, 335.0, 748.0, 323.0], [416.0, 130.0, 785.0, 166.0, 778.0, 262.0, 460.0, 226.0], [1180.0, 318.0, 1278.0, 336.0, 1278.0, 358.0, 1180.0, 339.0]], "detPolPoints": [], "gtCharPoints": [[[204.1, 251.65], [218.29999999999998, 252.95000000000002], [232.5, 254.25], [246.7, 255.55], [260.9, 256.85]], [[365.75, 265.6666666666667], [395.25, 270.0], [424.75, 274.33333333333337]], [[458.375, 275.75], [483.125, 280.25]], [[516.0833333333334, 282.75], [544.25, 286.25], [572.4166666666667, 289.75]], [[603.1875, 293.5625], [629.5625, 295.6875], [655.9375, 297.8125], [682.3125, 299.9375]], [[710.75, 300.875], [733.25, 304.625]], [[7.125, 472.4375], [20.375, 472.3125], [33.625, 472.1875], [46.875, 472.0625]], [[757.0833333333334, 301.75], [776.25, 304.25], [795.4166666666667, 306.75], [814.5833333333334, 309.25], [833.75, 311.75], [852.9166666666667, 314.25]], [[480.9375, 182.5], [566.8125, 191.5], [652.6875, 200.5], [738.5625, 209.5]], [[1189.8, 330.35], [1209.3999999999999, 334.05], [1229.0, 337.75], [1248.6, 341.45000000000005], [1268.2, 345.15000000000003]]], "gtCharCounts": [0.0, 0.0, 0.0, 0.0, 0.0, 0.0, 0.0, 0.0, 0.0, 0.0], "gtDontCare": [2, 5, 6, 8, 9], "detDontCare": [], "evaluationParams": {"GT_PATH": "gt/gt_IC15.zip", "SUBMIT_PATH": "result/result_paddleOCR_IC15.zip", "OUTPUT_PATH": "output/", "PORT": 8080, "BOX_TYPE": "QUAD", "TRANSCRIPTION": true, "CONFIDENCES": false, "CRLF": false, "E2E": true, "CASE_SENSITIVE": true, "RS": true, "AREA_PRECISION_CONSTRAINT": 0.5, "GRANULARITY_PENALTY_WEIGHT": 1.0, "VERTICAL_ASPECT_RATIO_THRES": 2.0, "NUM_WORKERS": 2, "GT_SAMPLE_NAME_2_ID": "([0-9]+)", "DET_SAMPLE_NAME_2_ID": "([0-9]+)", "PER_SAMPLE_RESULTS": true}, "evaluationLog": "GT polygons: 10 (5 don't care) \nDET polygons: 0\n\nFind one-to-one matches\nFind one-to-many matches\nFind many-to-one matches\n<b>Detection | PRECISION\n</b><b>Detection | RECALL\n</b><b># of false positive chars\n</b>0\n=================================\n<b>End-to-End | Recall\n</b><b>End-to-End | Precision\n</b>", "EndtoEnd": {"precision": 0.0, "recall": 0.0, "hmean": 0, "recognition_score": 0.0}, "end2endMat": [[0.0, 0.0], [0.0, 0.0], [0.0, 0.0], [0.0, 0.0], [0.0, 0.0], [0.0, 0.0], [0.0, 0.0], [0.0, 0.0], [0.0, 0.0], [0.0, 0.0], [0.0, 0.0], [0.0, 0.0]], "gtTrans": ["strip", "POP", "##", "OUR", "SORE", "##", "####", "#01-15", "####", "#####"], "detTrans": [], "gtQuery": ["strip", "POP", "##", "OUR", "SORE", "##", "####", "#01-15", "####", "#####"], "detQuery": []}