{"Rawdata": {"det_correct_num_recall": 8.0, "det_correct_num_precision": 8.0, "chars_gt": 19, "chars_det": 8.0, "num_splitted": 0, "num_merged": 0, "num_false_positive": 0, "char_missed": 11, "char_overlapped": 0, "char_false_positive": 0, "e2e_correct_num_recall": 8.0, "e2e_correct_num_precision": 8.0, "chars_recog": 18, "e2e_char_missed": 11.0, "e2e_char_false_positive": 10.0, "e2e_recog_score_chars": 18, "e2e_recog_score_correct_num": 8.0}, "Detection": {"precision": 1.0, "recall": 0.42105263157894735, "hmean": 0.5925925925925926}, "pairs": [{"gt": [0], "det": [0], "type": "OO"}], "detectionMat": [[8.0, 8.0, 0.0], [0.0, 0.0, 0.0], [0.0, 0.0, 0.0], [0.0, 0.0, 0.0], [0.0, 0.0, 0.0], [0.0, 0.0, 0.0], [8.0, 0.0, 0.0], [0.0, 0.0, 0.0]], "precisionMat": [[0.9998590755355126], [0.0], [0.0], [0.0], [0.0], [0.0]], "gtPolPoints": [[417.0, 641.0, 553.0, 635.0, 555.0, 668.0, 418.0, 674.0], [742.0, 246.0, 865.0, 249.0, 868.0, 263.0, 746.0, 260.0], [1001.0, 258.0, 1070.0, 258.0, 1072.0, 274.0, 1003.0, 274.0], [160.0, 321.0, 231.0, 314.0, 232.0, 335.0, 161.0, 342.0], [164.0, 282.0, 243.0, 277.0, 240.0, 312.0, 161.0, 316.0], [165.0, 241.0, 236.0, 240.0, 236.0, 276.0, 165.0, 277.0]], "detPolPoints": [[422.0, 641.0, 552.0, 635.0, 554.0, 661.0, 424.0, 667.0]], "gtCharPoints": [[[426.03125, 657.125], [443.09375, 656.375], [460.15625, 655.625], [477.21875, 654.875], [494.28125, 654.125], [511.34375, 653.375], [528.40625, 652.625], [545.46875, 651.875]], [[749.5681818181819, 253.13636363636363], [760.7045454545455, 253.4090909090909], [771.8409090909091, 253.68181818181816], [782.9772727272727, 253.95454545454544], [794.1136363636364, 254.22727272727272], [805.25, 254.5], [816.3863636363637, 254.77272727272725], [827.5227272727274, 255.04545454545453], [838.659090909091, 255.3181818181818], [849.7954545454546, 255.5909090909091], [860.9318181818182, 255.86363636363635]], [[1008.9, 266.0], [1022.6999999999999, 266.0], [1036.5, 266.0], [1050.3, 266.0], [1064.1, 266.0]], [[169.375, 330.625], [187.125, 328.875], [204.875, 327.125], [222.625, 325.375]], [[175.66666666666666, 298.25], [202.0, 296.75], [228.33333333333331, 295.25]], [[182.75, 258.75], [218.25, 258.25]]], "gtCharCounts": [[1.0, 1.0, 1.0, 1.0, 1.0, 1.0, 1.0, 1.0], [0.0, 0.0, 0.0, 0.0, 0.0, 0.0, 0.0, 0.0, 0.0, 0.0, 0.0], [0.0, 0.0, 0.0, 0.0, 0.0], [0.0, 0.0, 0.0, 0.0], [0.0, 0.0, 0.0], [0.0, 0.0]], "gtDontCare": [2, 3, 4, 5], "detDontCare": [], "evaluationParams": {"GT_PATH": "gt/gt_IC15.zip", "SUBMIT_PATH": "result/result_paddleOCR_IC15.zip", "OUTPUT_PATH": "output/", "PORT": 8080, "BOX_TYPE": "QUAD", "TRANSCRIPTION": true, "CONFIDENCES": false, "CRLF": false, "E2E": true, "CASE_SENSITIVE": true, "RS": true, "AREA_PRECISION_CONSTRAINT": 0.5, "GRANULARITY_PENALTY_WEIGHT": 1.0, "VERTICAL_ASPECT_RATIO_THRES": 2.0, "NUM_WORKERS": 2, "GT_SAMPLE_NAME_2_ID": "([0-9]+)", "DET_SAMPLE_NAME_2_ID": "([0-9]+)", "PER_SAMPLE_RESULTS": true}, "evaluationLog": "GT polygons: 6 (4 don't care) \nDET polygons: 1\n\nFind one-to-one matches\nMatch GT #0 with Det #0\nFind one-to-many matches\nFind many-to-one matches\n<b>Detection | PRECISION\n</b><b>Detection | RECALL\n</b><b># of false positive chars\n</b>0\n=================================\n<b>End-to-End | Recall\n</b><b>End-to-End | Precision\n</b>", "EndtoEnd": {"precision": 0.4444444444444444, "recall": 0.42105263157894735, "hmean": 0.43243243243243246, "recognition_score": 0.4444444444444444}, "end2endMat": [[0.0, 8.0, 0.0], [0.0, 0.0, 0.0], [0.0, 0.0, 0.0], [0.0, 0.0, 0.0], [0.0, 0.0, 0.0], [0.0, 0.0, 0.0], [8.0, 0.0, 0.0], [0.0, 0.0, 0.0]], "gtTrans": ["Doraeman", "PUNE CENTAS", "#####", "####", "###", "##"], "detTrans": ["Doraeman,0.9148715"], "gtQuery": ["Doraeman", "PUNE CENTAS", "#####", "####", "###", "##"], "detQuery": ["Doraeman,0.9148715"]}