{"Rawdata": {"det_correct_num_recall": 22.0, "det_correct_num_precision": 19.0, "chars_gt": 22, "chars_det": 22.0, "num_splitted": 0, "num_merged": 1, "num_false_positive": 0, "char_missed": 0, "char_overlapped": 0, "char_false_positive": 0, "e2e_correct_num_recall": 11.0, "e2e_correct_num_precision": 8.0, "chars_recog": 22, "e2e_char_missed": 11.0, "e2e_char_false_positive": 11.0, "e2e_recog_score_chars": 22, "e2e_recog_score_correct_num": 11.0}, "Detection": {"precision": 0.8636363636363636, "recall": 1.0, "hmean": 0.9268292682926829}, "pairs": [{"gt": [0], "det": [0], "type": "OO"}, {"gt": [0, 1, 2, 3], "det": [0], "type": "MO"}], "detectionMat": [[6.0, 6.0, 0.0], [5.0, 5.0, 0.0], [6.0, 6.0, 0.0], [5.0, 5.0, 0.0], [0.0, 0.0, 0.0], [0.0, 0.0, 0.0], [22.0, 0.0, 0.0], [3.0, 0.0, 0.0]], "precisionMat": [[0.5026263079508446], [0.32602698805011965], [0.04467433517965129], [0.04560357506184664], [0.0], [0.0]], "gtPolPoints": [[10.0, 46.0, 178.0, 81.0, 183.0, 132.0, 15.0, 116.0], [177.0, 80.0, 301.0, 114.0, 300.0, 152.0, 184.0, 133.0], [305.0, 110.0, 350.0, 117.0, 348.0, 134.0, 304.0, 126.0], [306.0, 126.0, 346.0, 131.0, 346.0, 150.0, 306.0, 145.0], [90.0, 168.0, 154.0, 175.0, 152.0, 200.0, 87.0, 193.0], [136.0, 381.0, 193.0, 377.0, 192.0, 404.0, 135.0, 407.0]], "detPolPoints": [[17.0, 55.0, 348.0, 111.0, 340.0, 156.0, 9.0, 100.0]], "gtCharPoints": [[[26.5, 83.125], [54.5, 87.375], [82.5, 91.625], [110.5, 95.875], [138.5, 100.125], [166.5, 104.375]], [[192.5, 109.15], [216.5, 114.45], [240.5, 119.75], [264.5, 125.05000000000001], [288.5, 130.35]], [[308.2083333333333, 118.625], [315.625, 119.875], [323.04166666666663, 121.125], [330.4583333333333, 122.375], [337.875, 123.625], [345.29166666666663, 124.875]], [[310.0, 136.0], [318.0, 137.0], [326.0, 138.0], [334.0, 139.0], [342.0, 140.0]], [[99.25, 181.66666666666666], [120.75, 184.0], [142.25, 186.33333333333331]], [[145.0, 393.4166666666667], [164.0, 392.25], [183.0, 391.08333333333337]]], "gtCharCounts": [[1.0, 1.0, 1.0, 1.0, 1.0, 1.0], [1.0, 1.0, 1.0, 1.0, 1.0], [1.0, 1.0, 1.0, 1.0, 1.0, 1.0], [1.0, 1.0, 1.0, 1.0, 1.0], [0.0, 0.0, 0.0], [0.0, 0.0, 0.0]], "gtDontCare": [4, 5], "detDontCare": [], "evaluationParams": {"GT_PATH": "gt/gt_IC15.zip", "SUBMIT_PATH": "result/result_paddleOCR_IC15.zip", "OUTPUT_PATH": "output/", "PORT": 8080, "BOX_TYPE": "QUAD", "TRANSCRIPTION": true, "CONFIDENCES": false, "CRLF": false, "E2E": true, "CASE_SENSITIVE": true, "RS": true, "AREA_PRECISION_CONSTRAINT": 0.5, "GRANULARITY_PENALTY_WEIGHT": 1.0, "VERTICAL_ASPECT_RATIO_THRES": 2.0, "NUM_WORKERS": 2, "GT_SAMPLE_NAME_2_ID": "([0-9]+)", "DET_SAMPLE_NAME_2_ID": "([0-9]+)", "PER_SAMPLE_RESULTS": true}, "evaluationLog": "GT polygons: 6 (2 don't care) \nDET polygons: 1\n\nFind one-to-one matches\nMatch GT #0 with Det #0\nFind one-to-many matches\nFind many-to-one matches\nMatch GT #[0, 1, 2, 3] with Det #0\n<b>Detection | PRECISION\n</b><b>Detection | RECALL\n</b><b># of false positive chars\n</b>0\n=================================\n<b>End-to-End | Recall\n</b><b>End-to-End | Precision\n</b>", "EndtoEnd": {"precision": 0.36363636363636365, "recall": 0.5, "hmean": 0.4210526315789474, "recognition_score": 0.5}, "end2endMat": [[0.0, 6.0, 0.0], [0.0, 5.0, 0.0], [0.0, 0.0, 0.0], [0.0, 0.0, 0.0], [0.0, 0.0, 0.0], [0.0, 0.0, 0.0], [11.0, 0.0, 0.0], [3.0, 0.0, 0.0]], "gtTrans": ["Robert", "Timms", "Robert", "Timms", "###", "###"], "detTrans": ["RobertTimmsa,0.9311466"], "gtQuery": ["Robert", "Timms", "Robert", "Timms", "###", "###"], "detQuery": ["RobertTimmsa,0.9311466"]}