{"Rawdata": {"det_correct_num_recall": 0.0, "det_correct_num_precision": 0.0, "chars_gt": 25, "chars_det": 0, "num_splitted": 0, "num_merged": 0, "num_false_positive": 0, "char_missed": 25, "char_overlapped": 0, "char_false_positive": 0, "e2e_correct_num_recall": 0.0, "e2e_correct_num_precision": 0.0, "chars_recog": 0, "e2e_char_missed": 25.0, "e2e_char_false_positive": 0.0, "e2e_recog_score_chars": 0, "e2e_recog_score_correct_num": 0.0}, "Detection": {"precision": 0.0, "recall": 0.0, "hmean": 0}, "pairs": [], "detectionMat": [[0.0, 0.0], [0.0, 0.0], [0.0, 0.0], [0.0, 0.0], [0.0, 0.0], [0.0, 0.0], [0.0, 0.0], [0.0, 0.0]], "precisionMat": [[], [], [], [], [], []], "gtPolPoints": [[690.0, 130.0, 723.0, 130.0, 723.0, 152.0, 690.0, 152.0], [739.0, 237.0, 784.0, 238.0, 783.0, 265.0, 739.0, 264.0], [611.0, 282.0, 628.0, 282.0, 628.0, 300.0, 612.0, 300.0], [841.0, 264.0, 937.0, 263.0, 939.0, 285.0, 843.0, 286.0], [844.0, 285.0, 924.0, 284.0, 924.0, 305.0, 843.0, 306.0], [845.0, 306.0, 919.0, 305.0, 920.0, 326.0, 846.0, 328.0]], "detPolPoints": [], "gtCharPoints": [[[694.125, 141.0], [702.375, 141.0], [710.625, 141.0], [718.875, 141.0]], [[750.125, 250.75], [772.375, 251.25]], [[615.625, 291.0], [623.875, 291.0]], [[848.8571428571429, 274.92857142857144], [862.5714285714286, 274.7857142857143], [876.2857142857143, 274.64285714285717], [890.0, 274.5], [903.7142857142858, 274.3571428571429], [917.4285714285714, 274.2142857142857], [931.1428571428571, 274.0714285714286]], [[849.25, 295.42857142857144], [860.75, 295.2857142857143], [872.25, 295.14285714285717], [883.75, 295.0], [895.25, 294.8571428571429], [906.75, 294.7142857142857], [918.25, 294.5714285714286]], [[850.7857142857143, 316.89285714285717], [861.3571428571429, 316.67857142857144], [871.9285714285714, 316.4642857142857], [882.5, 316.25], [893.0714285714287, 316.03571428571433], [903.6428571428572, 315.8214285714286], [914.2142857142858, 315.6071428571429]]], "gtCharCounts": [0.0, 0.0, 0.0, 0.0, 0.0, 0.0], "gtDontCare": [1, 2], "detDontCare": [], "evaluationParams": {"GT_PATH": "gt/gt_IC15.zip", "SUBMIT_PATH": "result/result_paddleOCR_IC15.zip", "OUTPUT_PATH": "output/", "PORT": 8080, "BOX_TYPE": "QUAD", "TRANSCRIPTION": true, "CONFIDENCES": false, "CRLF": false, "E2E": true, "CASE_SENSITIVE": true, "RS": true, "AREA_PRECISION_CONSTRAINT": 0.5, "GRANULARITY_PENALTY_WEIGHT": 1.0, "VERTICAL_ASPECT_RATIO_THRES": 2.0, "NUM_WORKERS": 2, "GT_SAMPLE_NAME_2_ID": "([0-9]+)", "DET_SAMPLE_NAME_2_ID": "([0-9]+)", "PER_SAMPLE_RESULTS": true}, "evaluationLog": "GT polygons: 6 (2 don't care) \nDET polygons: 0\n\nFind one-to-one matches\nFind one-to-many matches\nFind many-to-one matches\n<b>Detection | PRECISION\n</b><b>Detection | RECALL\n</b><b># of false positive chars\n</b>0\n=================================\n<b>End-to-End | Recall\n</b><b>End-to-End | Precision\n</b>", "EndtoEnd": {"precision": 0.0, "recall": 0.0, "hmean": 0, "recognition_score": 0.0}, "end2endMat": [[0.0, 0.0], [0.0, 0.0], [0.0, 0.0], [0.0, 0.0], [0.0, 0.0], [0.0, 0.0], [0.0, 0.0], [0.0, 0.0]], "gtTrans": ["EXIT", "##", "##", "UNSHAKA", "AT HIGH", "SPEEDS."], "detTrans": [], "gtQuery": ["EXIT", "##", "##", "UNSHAKA", "AT HIGH", "SPEEDS."], "detQuery": []}