{"Rawdata": {"det_correct_num_recall": 4.0, "det_correct_num_precision": 4.0, "chars_gt": 4, "chars_det": 4.0, "num_splitted": 0, "num_merged": 0, "num_false_positive": 0, "char_missed": 0, "char_overlapped": 0, "char_false_positive": 0, "e2e_correct_num_recall": 4.0, "e2e_correct_num_precision": 4.0, "chars_recog": 18, "e2e_char_missed": 0.0, "e2e_char_false_positive": 14.0, "e2e_recog_score_chars": 18, "e2e_recog_score_correct_num": 4.0}, "Detection": {"precision": 1.0, "recall": 1.0, "hmean": 1.0}, "pairs": [{"gt": [2], "det": [1], "type": "OO"}], "detectionMat": [[0.0, 0.0, 0.0, 0.0], [0.0, 0.0, 0.0, 0.0], [0.0, 4.0, 4.0, 0.0], [0.0, 0.0, 0.0, 0.0], [0.0, 0.0, 0.0, 0.0], [0.0, 0.0, 0.0, 0.0], [0.0, 4.0, 0.0, 0.0], [0.0, 0.0, 0.0, 0.0]], "precisionMat": [[0.3995827587472622, 0.010707131097732088], [0.29972866912958473, 0.0], [0.004333133023776871, 0.5363283583963229], [0.0, 0.3794272832381996], [0.0, 0.0], [0.19203790266251455, 0.0]], "gtPolPoints": [[1122.0, 170.0, 1187.0, 160.0, 1181.0, 211.0, 1120.0, 217.0], [1191.0, 159.0, 1238.0, 155.0, 1235.0, 202.0, 1189.0, 206.0], [1136.0, 212.0, 1217.0, 208.0, 1215.0, 254.0, 1126.0, 265.0], [1226.0, 204.0, 1278.0, 205.0, 1279.0, 262.0, 1217.0, 262.0], [694.0, 252.0, 724.0, 248.0, 723.0, 289.0, 694.0, 290.0], [1244.0, 157.0, 1277.0, 148.0, 1279.0, 199.0, 1240.0, 202.0]], "detPolPoints": [[1118.0, 170.0, 1270.0, 148.0, 1277.0, 194.0, 1125.0, 216.0], [1129.0, 211.0, 1277.0, 205.0, 1279.0, 256.0, 1131.0, 263.0]], "gtCharPoints": [[[1136.75, 191.5], [1168.25, 187.5]], [[1201.625, 181.5], [1224.875, 179.5]], [[1141.625, 237.5625], [1162.875, 235.6875], [1184.125, 233.8125], [1205.375, 231.9375]], [[1235.75, 233.125], [1264.25, 233.375]], [[701.375, 270.375], [716.125, 269.125]], [[1251.0, 178.0], [1269.0, 175.0]]], "gtCharCounts": [[0.0, 0.0], [0.0, 0.0], [1.0, 1.0, 1.0, 1.0], [0.0, 0.0], [0.0, 0.0], [0.0, 0.0]], "gtDontCare": [0, 1, 3, 4, 5], "detDontCare": [0], "evaluationParams": {"GT_PATH": "gt/gt_IC15.zip", "SUBMIT_PATH": "result/result_paddleOCR_IC15.zip", "OUTPUT_PATH": "output/", "PORT": 8080, "BOX_TYPE": "QUAD", "TRANSCRIPTION": true, "CONFIDENCES": false, "CRLF": false, "E2E": true, "CASE_SENSITIVE": true, "RS": true, "AREA_PRECISION_CONSTRAINT": 0.5, "GRANULARITY_PENALTY_WEIGHT": 1.0, "VERTICAL_ASPECT_RATIO_THRES": 2.0, "NUM_WORKERS": 2, "GT_SAMPLE_NAME_2_ID": "([0-9]+)", "DET_SAMPLE_NAME_2_ID": "([0-9]+)", "PER_SAMPLE_RESULTS": true}, "evaluationLog": "GT polygons: 6 (5 don't care) \nDET polygons: 2\n (1 don't care)\nFind one-to-one matches\nMatch GT #2 with Det #1\nFind one-to-many matches\nFind many-to-one matches\n<b>Detection | PRECISION\n</b><b>Detection | RECALL\n</b><b># of false positive chars\n</b>0\n=================================\n<b>End-to-End | Recall\n</b><b>End-to-End | Precision\n</b>", "EndtoEnd": {"precision": 0.2222222222222222, "recall": 1.0, "hmean": 0.3636363636363636, "recognition_score": 0.2222222222222222}, "end2endMat": [[0.0, 0.0, 0.0, 0.0], [0.0, 0.0, 0.0, 0.0], [0.0, 0.0, 4.0, 0.0], [0.0, 0.0, 0.0, 0.0], [0.0, 0.0, 0.0, 0.0], [0.0, 0.0, 0.0, 0.0], [0.0, 4.0, 0.0, 0.0], [0.0, 0.0, 0.0, 0.0]], "gtTrans": ["##", "##", "Fish", "##", "##", "##"], "detTrans": ["Mr3,0.84867483", "Fish So,0.99748677"], "gtQuery": ["##", "##", "Fish", "##", "##", "##"], "detQuery": ["Mr3,0.84867483", "Fish So,0.99748677"]}