{"Rawdata": {"det_correct_num_recall": 7.0, "det_correct_num_precision": 7.0, "chars_gt": 11, "chars_det": 7.0, "num_splitted": 0, "num_merged": 0, "num_false_positive": 0, "char_missed": 4, "char_overlapped": 0, "char_false_positive": 0, "e2e_correct_num_recall": 2.0, "e2e_correct_num_precision": 2.0, "chars_recog": 16, "e2e_char_missed": 9.0, "e2e_char_false_positive": 14.0, "e2e_recog_score_chars": 16, "e2e_recog_score_correct_num": 2.0}, "Detection": {"precision": 1.0, "recall": 0.6363636363636364, "hmean": 0.7777777777777778}, "pairs": [{"gt": [2], "det": [0], "type": "OO"}], "detectionMat": [[0.0, 0.0, 0.0], [0.0, 0.0, 0.0], [7.0, 7.0, 0.0], [0.0, 0.0, 0.0], [0.0, 0.0, 0.0], [0.0, 0.0, 0.0], [7.0, 0.0, 0.0], [0.0, 0.0, 0.0]], "precisionMat": [[0.0], [0.004332068236639126], [0.7756637449141511], [0.0], [0.0], [0.0]], "gtPolPoints": [[491.0, 223.0, 585.0, 221.0, 581.0, 272.0, 494.0, 271.0], [585.0, 221.0, 630.0, 218.0, 635.0, 277.0, 592.0, 276.0], [440.0, 283.0, 680.0, 274.0, 677.0, 345.0, 447.0, 371.0], [1176.0, 184.0, 1278.0, 188.0, 1278.0, 262.0, 1174.0, 267.0], [780.0, 39.0, 893.0, 12.0, 932.0, 507.0, 808.0, 488.0], [740.0, 81.0, 773.0, 75.0, 772.0, 98.0, 742.0, 106.0]], "detPolPoints": [[442.0, 282.0, 691.0, 270.0, 695.0, 367.0, 447.0, 378.0]], "gtCharPoints": [[[503.8125, 246.9375], [526.4375, 246.8125], [549.0625, 246.6875], [571.6875, 246.5625]], [[599.5, 248.25], [621.5, 247.75]], [[460.2857142857143, 325.75], [493.85714285714283, 323.25], [527.4285714285714, 320.75], [561.0, 318.25], [594.5714285714286, 315.75], [628.1428571428571, 313.25], [661.7142857142857, 310.75]], [[1200.75, 225.375], [1252.25, 225.125]], [[865.8125, 438.5], [857.4375, 320.5], [849.0625, 202.5], [840.6875, 84.5]], [[748.875, 91.75], [764.625, 88.25]]], "gtCharCounts": [[0.0, 0.0, 0.0, 0.0], [0.0, 0.0], [1.0, 1.0, 1.0, 1.0, 1.0, 1.0, 1.0], [0.0, 0.0], [0.0, 0.0, 0.0, 0.0], [0.0, 0.0]], "gtDontCare": [1, 3, 4, 5], "detDontCare": [], "evaluationParams": {"GT_PATH": "gt/gt_IC15.zip", "SUBMIT_PATH": "result/result_paddleOCR_IC15.zip", "OUTPUT_PATH": "output/", "PORT": 8080, "BOX_TYPE": "QUAD", "TRANSCRIPTION": true, "CONFIDENCES": false, "CRLF": false, "E2E": true, "CASE_SENSITIVE": true, "RS": true, "AREA_PRECISION_CONSTRAINT": 0.5, "GRANULARITY_PENALTY_WEIGHT": 1.0, "VERTICAL_ASPECT_RATIO_THRES": 2.0, "NUM_WORKERS": 2, "GT_SAMPLE_NAME_2_ID": "([0-9]+)", "DET_SAMPLE_NAME_2_ID": "([0-9]+)", "PER_SAMPLE_RESULTS": true}, "evaluationLog": "GT polygons: 6 (4 don't care) \nDET polygons: 1\n\nFind one-to-one matches\nMatch GT #2 with Det #0\nFind one-to-many matches\nFind many-to-one matches\n<b>Detection | PRECISION\n</b><b>Detection | RECALL\n</b><b># of false positive chars\n</b>0\n=================================\n<b>End-to-End | Recall\n</b><b>End-to-End | Precision\n</b>", "EndtoEnd": {"precision": 0.125, "recall": 0.18181818181818182, "hmean": 0.14814814814814814, "recognition_score": 0.125}, "end2endMat": [[0.0, 0.0, 0.0], [0.0, 0.0, 0.0], [0.0, 2.0, 0.0], [0.0, 0.0, 0.0], [0.0, 0.0, 0.0], [0.0, 0.0, 0.0], [2.0, 0.0, 0.0], [0.0, 0.0, 0.0]], "gtTrans": ["hair", "##", "billlie", "##", "####", "##"], "detTrans": ["biLLa,0.56074154"], "gtQuery": ["hair", "##", "billlie", "##", "####", "##"], "detQuery": ["biLLa,0.56074154"]}