{"Rawdata": {"det_correct_num_recall": 6.0, "det_correct_num_precision": 6.0, "chars_gt": 6, "chars_det": 6.0, "num_splitted": 0, "num_merged": 0, "num_false_positive": 0, "char_missed": 0, "char_overlapped": 0, "char_false_positive": 0, "e2e_correct_num_recall": 5.0, "e2e_correct_num_precision": 5.0, "chars_recog": 14, "e2e_char_missed": 1.0, "e2e_char_false_positive": 9.0, "e2e_recog_score_chars": 14, "e2e_recog_score_correct_num": 5.0}, "Detection": {"precision": 1.0, "recall": 1.0, "hmean": 1.0}, "pairs": [{"gt": [0], "det": [0], "type": "OO"}], "detectionMat": [[6.0, 6.0, 0.0], [0.0, 0.0, 0.0], [0.0, 0.0, 0.0], [6.0, 0.0, 0.0], [0.0, 0.0, 0.0]], "precisionMat": [[0.9117740399873047], [0.0], [0.0]], "gtPolPoints": [[105.0, 314.0, 242.0, 310.0, 243.0, 335.0, 106.0, 339.0], [1187.0, 90.0, 1240.0, 89.0, 1240.0, 110.0, 1187.0, 111.0], [1058.0, 463.0, 1196.0, 481.0, 1191.0, 498.0, 1053.0, 479.0]], "detPolPoints": [[111.0, 316.0, 240.0, 316.0, 240.0, 339.0, 111.0, 339.0]], "gtCharPoints": [[[116.91666666666667, 326.1666666666667], [139.75, 325.5], [162.58333333333334, 324.83333333333337], [185.41666666666669, 324.1666666666667], [208.25, 323.5], [231.08333333333331, 322.83333333333337]], [[1195.8333333333333, 100.33333333333333], [1213.5, 100.0], [1231.1666666666665, 99.66666666666666]], [[1063.1666666666667, 472.02777777777777], [1078.5, 474.0833333333333], [1093.8333333333335, 476.13888888888886], [1109.1666666666667, 478.19444444444446], [1124.5, 480.25], [1139.8333333333335, 482.30555555555554], [1155.1666666666667, 484.3611111111111], [1170.5, 486.4166666666667], [1185.8333333333335, 488.47222222222223]]], "gtCharCounts": [[1.0, 1.0, 1.0, 1.0, 1.0, 1.0], [0.0, 0.0, 0.0], [0.0, 0.0, 0.0, 0.0, 0.0, 0.0, 0.0, 0.0, 0.0]], "gtDontCare": [1, 2], "detDontCare": [], "evaluationParams": {"GT_PATH": "gt/gt_IC15.zip", "SUBMIT_PATH": "result/result_paddleOCR_IC15.zip", "OUTPUT_PATH": "output/", "PORT": 8080, "BOX_TYPE": "QUAD", "TRANSCRIPTION": true, "CONFIDENCES": false, "CRLF": false, "E2E": true, "CASE_SENSITIVE": true, "RS": true, "AREA_PRECISION_CONSTRAINT": 0.5, "GRANULARITY_PENALTY_WEIGHT": 1.0, "VERTICAL_ASPECT_RATIO_THRES": 2.0, "NUM_WORKERS": 2, "GT_SAMPLE_NAME_2_ID": "([0-9]+)", "DET_SAMPLE_NAME_2_ID": "([0-9]+)", "PER_SAMPLE_RESULTS": true}, "evaluationLog": "GT polygons: 3 (2 don't care) \nDET polygons: 1\n\nFind one-to-one matches\nMatch GT #0 with Det #0\nFind one-to-many matches\nFind many-to-one matches\n<b>Detection | PRECISION\n</b><b>Detection | RECALL\n</b><b># of false positive chars\n</b>0\n=================================\n<b>End-to-End | Recall\n</b><b>End-to-End | Precision\n</b>", "EndtoEnd": {"precision": 0.35714285714285715, "recall": 0.8333333333333334, "hmean": 0.5, "recognition_score": 0.35714285714285715}, "end2endMat": [[0.0, 5.0, 0.0], [0.0, 0.0, 0.0], [0.0, 0.0, 0.0], [5.0, 0.0, 0.0], [0.0, 0.0, 0.0]], "gtTrans": ["Avenue", "###", "#########"], "detTrans": ["Auenue,0.97281"], "gtQuery": ["Avenue", "###", "#########"], "detQuery": ["Auenue,0.97281"]}