{"Rawdata": {"det_correct_num_recall": 5.0, "det_correct_num_precision": 5.0, "chars_gt": 5, "chars_det": 5.0, "num_splitted": 0, "num_merged": 0, "num_false_positive": 0, "char_missed": 0, "char_overlapped": 0, "char_false_positive": 0, "e2e_correct_num_recall": 5.0, "e2e_correct_num_precision": 5.0, "chars_recog": 17, "e2e_char_missed": 0.0, "e2e_char_false_positive": 12.0, "e2e_recog_score_chars": 17, "e2e_recog_score_correct_num": 5.0}, "Detection": {"precision": 1.0, "recall": 1.0, "hmean": 1.0}, "pairs": [{"gt": [2], "det": [0], "type": "OO"}], "detectionMat": [[0.0, 0.0, 0.0], [0.0, 0.0, 0.0], [5.0, 5.0, 0.0], [0.0, 0.0, 0.0], [5.0, 0.0, 0.0], [0.0, 0.0, 0.0]], "precisionMat": [[0.006473223917420054], [0.19840927043878223], [0.6619249121641612], [0.0]], "gtPolPoints": [[1001.0, 366.0, 1030.0, 360.0, 1030.0, 384.0, 1007.0, 386.0], [1017.0, 328.0, 1080.0, 310.0, 1096.0, 361.0, 1035.0, 376.0], [1085.0, 311.0, 1256.0, 260.0, 1279.0, 322.0, 1091.0, 367.0], [816.0, 373.0, 883.0, 353.0, 884.0, 377.0, 817.0, 397.0]], "detPolPoints": [[1011.0, 315.0, 1262.0, 261.0, 1275.0, 321.0, 1024.0, 375.0]], "gtCharPoints": [[[1010.5, 375.0], [1023.5, 373.0]], [[1041.5, 347.875], [1072.5, 339.625]], [[1105.95, 334.2], [1141.8500000000001, 324.59999999999997], [1177.75, 315.0], [1213.65, 305.4], [1249.55, 295.8]], [[827.6666666666666, 381.6666666666667], [850.0, 375.0], [872.3333333333333, 368.33333333333337]]], "gtCharCounts": [[0.0, 0.0], [0.0, 0.0], [1.0, 1.0, 1.0, 1.0, 1.0], [0.0, 0.0, 0.0]], "gtDontCare": [0, 1, 3], "detDontCare": [], "evaluationParams": {"GT_PATH": "gt/gt_IC15.zip", "SUBMIT_PATH": "result/result_paddleOCR_IC15.zip", "OUTPUT_PATH": "output/", "PORT": 8080, "BOX_TYPE": "QUAD", "TRANSCRIPTION": true, "CONFIDENCES": false, "CRLF": false, "E2E": true, "CASE_SENSITIVE": true, "RS": true, "AREA_PRECISION_CONSTRAINT": 0.5, "GRANULARITY_PENALTY_WEIGHT": 1.0, "VERTICAL_ASPECT_RATIO_THRES": 2.0, "NUM_WORKERS": 2, "GT_SAMPLE_NAME_2_ID": "([0-9]+)", "DET_SAMPLE_NAME_2_ID": "([0-9]+)", "PER_SAMPLE_RESULTS": true}, "evaluationLog": "GT polygons: 4 (3 don't care) \nDET polygons: 1\n\nFind one-to-one matches\nMatch GT #2 with Det #0\nFind one-to-many matches\nFind many-to-one matches\n<b>Detection | PRECISION\n</b><b>Detection | RECALL\n</b><b># of false positive chars\n</b>0\n=================================\n<b>End-to-End | Recall\n</b><b>End-to-End | Precision\n</b>", "EndtoEnd": {"precision": 0.29411764705882354, "recall": 1.0, "hmean": 0.45454545454545453, "recognition_score": 0.29411764705882354}, "end2endMat": [[0.0, 0.0, 0.0], [0.0, 0.0, 0.0], [0.0, 5.0, 0.0], [0.0, 0.0, 0.0], [5.0, 0.0, 0.0], [0.0, 0.0, 0.0]], "gtTrans": ["##", "##", "HOUSE", "###"], "detTrans": ["QBHOUSE,0.9883663"], "gtQuery": ["##", "##", "HOUSE", "###"], "detQuery": ["QBHOUSE,0.9883663"]}