{"Rawdata": {"det_correct_num_recall": 20.0, "det_correct_num_precision": 19.0, "chars_gt": 20, "chars_det": 20.0, "num_splitted": 0, "num_merged": 1, "num_false_positive": 0, "char_missed": 0, "char_overlapped": 0, "char_false_positive": 0, "e2e_correct_num_recall": 17.0, "e2e_correct_num_precision": 16.0, "chars_recog": 39, "e2e_char_missed": 3.0, "e2e_char_false_positive": 22.0, "e2e_recog_score_chars": 39, "e2e_recog_score_correct_num": 17.0}, "Detection": {"precision": 0.95, "recall": 1.0, "hmean": 0.9743589743589743}, "pairs": [{"gt": [0], "det": [1], "type": "OO"}, {"gt": [2], "det": [0], "type": "OO"}, {"gt": [1, 2], "det": [0], "type": "MO"}], "detectionMat": [[0.0, 9.0, 9.0, 0.0], [3.0, 0.0, 3.0, 0.0], [8.0, 0.0, 8.0, 0.0], [0.0, 0.0, 0.0, 0.0], [0.0, 0.0, 0.0, 0.0], [0.0, 0.0, 0.0, 0.0], [0.0, 0.0, 0.0, 0.0], [0.0, 0.0, 0.0, 0.0], [11.0, 9.0, 0.0, 0.0], [1.0, 0.0, 0.0, 0.0]], "precisionMat": [[0.0, 1.0], [0.30315319224222625, 0.0], [0.6418027234457767, 0.0], [0.0, 0.0], [0.0, 0.0], [0.0, 0.0], [0.0, 0.0], [0.0, 0.0]], "gtPolPoints": [[416.0, 82.0, 675.0, 91.0, 673.0, 128.0, 427.0, 121.0], [583.0, 56.0, 643.0, 60.0, 642.0, 86.0, 581.0, 81.0], [455.0, 51.0, 581.0, 56.0, 578.0, 85.0, 456.0, 77.0], [185.0, 63.0, 210.0, 67.0, 208.0, 92.0, 183.0, 87.0], [980.0, 26.0, 1033.0, 7.0, 1048.0, 75.0, 1002.0, 90.0], [101.0, 563.0, 142.0, 565.0, 141.0, 575.0, 103.0, 573.0], [868.0, 573.0, 927.0, 588.0, 926.0, 607.0, 870.0, 590.0], [856.0, 625.0, 891.0, 645.0, 887.0, 658.0, 856.0, 643.0]], "detPolPoints": [[451.0, 54.0, 644.0, 58.0, 644.0, 81.0, 450.0, 77.0], [431.0, 84.0, 667.0, 93.0, 666.0, 125.0, 430.0, 116.0]], "gtCharPoints": [[[435.52777777777777, 101.94444444444444], [463.5833333333333, 102.83333333333333], [491.6388888888889, 103.72222222222221], [519.6944444444445, 104.61111111111111], [547.75, 105.5], [575.8055555555555, 106.38888888888889], [603.8611111111111, 107.27777777777777], [631.9166666666667, 108.16666666666666], [659.9722222222222, 109.05555555555556]], [[592.0833333333334, 69.25], [612.25, 70.75], [632.4166666666667, 72.25]], [[463.25, 64.40625], [478.75, 65.21875], [494.25, 66.03125], [509.75, 66.84375], [525.25, 67.65625], [540.75, 68.46875], [556.25, 69.28125], [571.75, 70.09375]], [[190.25, 76.125], [202.75, 78.375]], [[1003.375, 53.75], [1028.125, 45.25]], [[106.9375, 568.25], [116.8125, 568.75], [126.6875, 569.25], [136.5625, 569.75]], [[876.1875, 583.5], [890.5625, 587.5], [904.9375, 591.5], [919.3125, 595.5]], [[861.5, 636.9166666666666], [872.5, 642.75], [883.5, 648.5833333333333]]], "gtCharCounts": [[1.0, 1.0, 1.0, 1.0, 1.0, 1.0, 1.0, 1.0, 1.0], [1.0, 1.0, 1.0], [1.0, 1.0, 1.0, 1.0, 1.0, 1.0, 1.0, 1.0], [0.0, 0.0], [0.0, 0.0], [0.0, 0.0, 0.0, 0.0], [0.0, 0.0, 0.0, 0.0], [0.0, 0.0, 0.0]], "gtDontCare": [3, 4, 5, 6, 7], "detDontCare": [], "evaluationParams": {"GT_PATH": "gt/gt_IC15.zip", "SUBMIT_PATH": "result/result_paddleOCR_IC15.zip", "OUTPUT_PATH": "output/", "PORT": 8080, "BOX_TYPE": "QUAD", "TRANSCRIPTION": true, "CONFIDENCES": false, "CRLF": false, "E2E": true, "CASE_SENSITIVE": true, "RS": true, "AREA_PRECISION_CONSTRAINT": 0.5, "GRANULARITY_PENALTY_WEIGHT": 1.0, "VERTICAL_ASPECT_RATIO_THRES": 2.0, "NUM_WORKERS": 2, "GT_SAMPLE_NAME_2_ID": "([0-9]+)", "DET_SAMPLE_NAME_2_ID": "([0-9]+)", "PER_SAMPLE_RESULTS": true}, "evaluationLog": "GT polygons: 8 (5 don't care) \nDET polygons: 2\n\nFind one-to-one matches\nMatch GT #0 with Det #1\nMatch GT #2 with Det #0\nFind one-to-many matches\nFind many-to-one matches\nMatch GT #[1, 2] with Det #0\n<b>Detection | PRECISION\n</b><b>Detection | RECALL\n</b><b># of false positive chars\n</b>0\n=================================\n<b>End-to-End | Recall\n</b><b>End-to-End | Precision\n</b>", "EndtoEnd": {"precision": 0.41025641025641024, "recall": 0.85, "hmean": 0.5534079348931841, "recognition_score": 0.4358974358974359}, "end2endMat": [[0.0, 0.0, 9.0, 0.0], [0.0, 0.0, 3.0, 0.0], [0.0, 0.0, 5.0, 0.0], [0.0, 0.0, 0.0, 0.0], [0.0, 0.0, 0.0, 0.0], [0.0, 0.0, 0.0, 0.0], [0.0, 0.0, 0.0, 0.0], [0.0, 0.0, 0.0, 0.0], [8.0, 9.0, 0.0, 0.0], [1.0, 0.0, 0.0, 0.0]], "gtTrans": ["CHRISTMAS", "FOR", "PL   ECT", "##", "##", "####", "####", "###"], "detTrans": ["PLECT FOR,0.8746815", "CHRISTMAS,0.99733555"], "gtQuery": ["CHRISTMAS", "FOR", "PL   ECT", "##", "##", "####", "####", "###"], "detQuery": ["PLECT FOR,0.8746815", "CHRISTMAS,0.99733555"]}