{"Rawdata": {"det_correct_num_recall": 0.0, "det_correct_num_precision": 0.0, "chars_gt": 8, "chars_det": 0, "num_splitted": 0, "num_merged": 0, "num_false_positive": 0, "char_missed": 8, "char_overlapped": 0, "char_false_positive": 0, "e2e_correct_num_recall": 0.0, "e2e_correct_num_precision": 0.0, "chars_recog": 0, "e2e_char_missed": 8.0, "e2e_char_false_positive": 0.0, "e2e_recog_score_chars": 0, "e2e_recog_score_correct_num": 0.0}, "Detection": {"precision": 0.0, "recall": 0.0, "hmean": 0}, "pairs": [], "detectionMat": [[0.0, 0.0], [0.0, 0.0], [0.0, 0.0], [0.0, 0.0], [0.0, 0.0], [0.0, 0.0], [0.0, 0.0], [0.0, 0.0], [0.0, 0.0], [0.0, 0.0], [0.0, 0.0], [0.0, 0.0], [0.0, 0.0], [0.0, 0.0], [0.0, 0.0], [0.0, 0.0], [0.0, 0.0]], "precisionMat": [[], [], [], [], [], [], [], [], [], [], [], [], [], [], []], "gtPolPoints": [[998.0, 258.0, 1085.0, 261.0, 1084.0, 285.0, 1000.0, 284.0], [47.0, 234.0, 68.0, 235.0, 66.0, 254.0, 47.0, 253.0], [803.0, 231.0, 839.0, 231.0, 841.0, 250.0, 804.0, 248.0], [840.0, 230.0, 855.0, 230.0, 853.0, 247.0, 836.0, 247.0], [64.0, 199.0, 175.0, 208.0, 174.0, 235.0, 60.0, 225.0], [1085.0, 261.0, 1115.0, 265.0, 1111.0, 287.0, 1085.0, 288.0], [90.0, 276.0, 141.0, 278.0, 141.0, 296.0, 90.0, 295.0], [82.0, 235.0, 101.0, 237.0, 100.0, 255.0, 78.0, 255.0], [114.0, 237.0, 134.0, 239.0, 134.0, 257.0, 110.0, 257.0], [141.0, 234.0, 166.0, 235.0, 162.0, 262.0, 140.0, 260.0], [171.0, 235.0, 191.0, 239.0, 190.0, 258.0, 173.0, 259.0], [197.0, 241.0, 218.0, 244.0, 218.0, 260.0, 198.0, 260.0], [228.0, 244.0, 246.0, 249.0, 246.0, 263.0, 224.0, 263.0], [235.0, 294.0, 267.0, 295.0, 265.0, 304.0, 235.0, 303.0], [234.0, 303.0, 273.0, 304.0, 272.0, 314.0, 235.0, 314.0]], "detPolPoints": [], "gtCharPoints": [[[1004.34375, 271.125], [1015.03125, 271.375], [1025.71875, 271.625], [1036.40625, 271.875], [1047.09375, 272.125], [1057.78125, 272.375], [1068.46875, 272.625], [1079.15625, 272.875]], [[52.0, 243.75], [62.0, 244.25]], [[809.5833333333334, 239.66666666666666], [821.75, 240.0], [833.9166666666667, 240.33333333333331]], [[842.0, 238.5], [850.0, 238.5]], [[73.25, 212.95], [95.75, 214.85], [118.25, 216.75], [140.75, 218.64999999999998], [163.25, 220.54999999999998]], [[1092.0, 274.875], [1106.0, 275.625]], [[98.5, 285.75], [115.5, 286.25], [132.5, 286.75]], [[85.125, 245.25], [95.375, 245.75]], [[117.5, 247.25], [128.5, 247.75]], [[146.375, 247.375], [158.125, 248.125]], [[176.625, 247.375], [185.875, 248.125]], [[202.625, 250.875], [212.875, 251.625]], [[231.0, 254.125], [241.0, 255.375]], [[238.875, 298.625], [246.625, 298.875], [254.375, 299.125], [262.125, 299.375]], [[239.25, 308.5625], [248.75, 308.6875], [258.25, 308.8125], [267.75, 308.9375]]], "gtCharCounts": [0.0, 0.0, 0.0, 0.0, 0.0, 0.0, 0.0, 0.0, 0.0, 0.0, 0.0, 0.0, 0.0, 0.0, 0.0], "gtDontCare": [1, 2, 3, 4, 5, 6, 7, 8, 9, 10, 11, 12, 13, 14], "detDontCare": [], "evaluationParams": {"GT_PATH": "gt/gt_IC15.zip", "SUBMIT_PATH": "result/result_paddleOCR_IC15.zip", "OUTPUT_PATH": "output/", "PORT": 8080, "BOX_TYPE": "QUAD", "TRANSCRIPTION": true, "CONFIDENCES": false, "CRLF": false, "E2E": true, "CASE_SENSITIVE": true, "RS": true, "AREA_PRECISION_CONSTRAINT": 0.5, "GRANULARITY_PENALTY_WEIGHT": 1.0, "VERTICAL_ASPECT_RATIO_THRES": 2.0, "NUM_WORKERS": 2, "GT_SAMPLE_NAME_2_ID": "([0-9]+)", "DET_SAMPLE_NAME_2_ID": "([0-9]+)", "PER_SAMPLE_RESULTS": true}, "evaluationLog": "GT polygons: 15 (14 don't care) \nDET polygons: 0\n\nFind one-to-one matches\nFind one-to-many matches\nFind many-to-one matches\n<b>Detection | PRECISION\n</b><b>Detection | RECALL\n</b><b># of false positive chars\n</b>0\n=================================\n<b>End-to-End | Recall\n</b><b>End-to-End | Precision\n</b>", "EndtoEnd": {"precision": 0.0, "recall": 0.0, "hmean": 0, "recognition_score": 0.0}, "end2endMat": [[0.0, 0.0], [0.0, 0.0], [0.0, 0.0], [0.0, 0.0], [0.0, 0.0], [0.0, 0.0], [0.0, 0.0], [0.0, 0.0], [0.0, 0.0], [0.0, 0.0], [0.0, 0.0], [0.0, 0.0], [0.0, 0.0], [0.0, 0.0], [0.0, 0.0], [0.0, 0.0], [0.0, 0.0]], "gtTrans": ["KILLINEY", "##", "###", "##", "#####", "##", "###", "##", "##", "##", "##", "##", "##", "####", "####"], "detTrans": [], "gtQuery": ["KILLINEY", "##", "###", "##", "#####", "##", "###", "##", "##", "##", "##", "##", "##", "####", "####"], "detQuery": []}