{"Rawdata": {"det_correct_num_recall": 0.0, "det_correct_num_precision": 0.0, "chars_gt": 5, "chars_det": 0, "num_splitted": 0, "num_merged": 0, "num_false_positive": 0, "char_missed": 5, "char_overlapped": 0, "char_false_positive": 0, "e2e_correct_num_recall": 0.0, "e2e_correct_num_precision": 0.0, "chars_recog": 0, "e2e_char_missed": 5.0, "e2e_char_false_positive": 0.0, "e2e_recog_score_chars": 0, "e2e_recog_score_correct_num": 0.0}, "Detection": {"precision": 0.0, "recall": 0.0, "hmean": 0}, "pairs": [], "detectionMat": [[0.0, 0.0], [0.0, 0.0], [0.0, 0.0], [0.0, 0.0], [0.0, 0.0], [0.0, 0.0], [0.0, 0.0], [0.0, 0.0], [0.0, 0.0], [0.0, 0.0]], "precisionMat": [[], [], [], [], [], [], [], []], "gtPolPoints": [[354.0, 165.0, 400.0, 148.0, 404.0, 166.0, 354.0, 180.0], [473.0, 402.0, 539.0, 399.0, 539.0, 441.0, 485.0, 442.0], [481.0, 437.0, 545.0, 438.0, 539.0, 480.0, 485.0, 483.0], [468.0, 382.0, 533.0, 381.0, 535.0, 401.0, 477.0, 401.0], [482.0, 483.0, 563.0, 485.0, 553.0, 510.0, 466.0, 496.0], [399.0, 0.0, 491.0, 0.0, 504.0, 257.0, 420.0, 265.0], [697.0, 241.0, 728.0, 239.0, 727.0, 256.0, 699.0, 259.0], [686.0, 326.0, 743.0, 322.0, 752.0, 363.0, 689.0, 364.0]], "detPolPoints": [], "gtCharPoints": [[[358.8, 170.95], [368.40000000000003, 167.85], [378.0, 164.75], [387.6, 161.64999999999998], [397.2, 158.54999999999998]], [[494.0, 421.5], [524.0, 420.5]], [[497.75, 459.75], [527.25, 459.25]], [[482.75, 391.4166666666667], [503.25, 391.25], [523.75, 391.08333333333337]], [[484.5, 490.5], [505.5, 492.5], [526.5, 494.5], [547.5, 496.5]], [[459.1666666666667, 217.5], [453.5, 130.5], [447.83333333333337, 43.5]], [[705.375, 249.375], [720.125, 248.125]], [[702.5, 344.375], [732.5, 343.125]]], "gtCharCounts": [0.0, 0.0, 0.0, 0.0, 0.0, 0.0, 0.0, 0.0], "gtDontCare": [1, 2, 3, 4, 5, 6, 7], "detDontCare": [], "evaluationParams": {"GT_PATH": "gt/gt_IC15.zip", "SUBMIT_PATH": "result/result_paddleOCR_IC15.zip", "OUTPUT_PATH": "output/", "PORT": 8080, "BOX_TYPE": "QUAD", "TRANSCRIPTION": true, "CONFIDENCES": false, "CRLF": false, "E2E": true, "CASE_SENSITIVE": true, "RS": true, "AREA_PRECISION_CONSTRAINT": 0.5, "GRANULARITY_PENALTY_WEIGHT": 1.0, "VERTICAL_ASPECT_RATIO_THRES": 2.0, "NUM_WORKERS": 2, "GT_SAMPLE_NAME_2_ID": "([0-9]+)", "DET_SAMPLE_NAME_2_ID": "([0-9]+)", "PER_SAMPLE_RESULTS": true}, "evaluationLog": "GT polygons: 8 (7 don't care) \nDET polygons: 0\n\nFind one-to-one matches\nFind one-to-many matches\nFind many-to-one matches\n<b>Detection | PRECISION\n</b><b>Detection | RECALL\n</b><b># of false positive chars\n</b>0\n=================================\n<b>End-to-End | Recall\n</b><b>End-to-End | Precision\n</b>", "EndtoEnd": {"precision": 0.0, "recall": 0.0, "hmean": 0, "recognition_score": 0.0}, "end2endMat": [[0.0, 0.0], [0.0, 0.0], [0.0, 0.0], [0.0, 0.0], [0.0, 0.0], [0.0, 0.0], [0.0, 0.0], [0.0, 0.0], [0.0, 0.0], [0.0, 0.0]], "gtTrans": ["QUEEN", "##", "##", "###", "####", "###", "##", "##"], "detTrans": [], "gtQuery": ["QUEEN", "##", "##", "###", "####", "###", "##", "##"], "detQuery": []}