{"Rawdata": {"det_correct_num_recall": 0.0, "det_correct_num_precision": 0.0, "chars_gt": 24, "chars_det": 0, "num_splitted": 0, "num_merged": 0, "num_false_positive": 0, "char_missed": 24, "char_overlapped": 0, "char_false_positive": 0, "e2e_correct_num_recall": 0.0, "e2e_correct_num_precision": 0.0, "chars_recog": 0, "e2e_char_missed": 24.0, "e2e_char_false_positive": 0.0, "e2e_recog_score_chars": 0, "e2e_recog_score_correct_num": 0.0}, "Detection": {"precision": 0.0, "recall": 0.0, "hmean": 0}, "pairs": [], "detectionMat": [[0.0, 0.0], [0.0, 0.0], [0.0, 0.0], [0.0, 0.0], [0.0, 0.0], [0.0, 0.0], [0.0, 0.0], [0.0, 0.0], [0.0, 0.0], [0.0, 0.0], [0.0, 0.0], [0.0, 0.0], [0.0, 0.0]], "precisionMat": [[], [], [], [], [], [], [], [], [], [], []], "gtPolPoints": [[267.0, 254.0, 328.0, 249.0, 333.0, 281.0, 271.0, 287.0], [635.0, 131.0, 678.0, 131.0, 675.0, 152.0, 637.0, 154.0], [552.0, 145.0, 586.0, 145.0, 583.0, 156.0, 561.0, 157.0], [588.0, 142.0, 604.0, 143.0, 604.0, 157.0, 586.0, 158.0], [607.0, 142.0, 635.0, 140.0, 636.0, 153.0, 607.0, 155.0], [267.0, 225.0, 330.0, 217.0, 328.0, 244.0, 267.0, 248.0], [674.0, 136.0, 695.0, 136.0, 697.0, 149.0, 677.0, 149.0], [569.0, 94.0, 705.0, 83.0, 709.0, 123.0, 581.0, 127.0], [695.0, 131.0, 738.0, 132.0, 740.0, 146.0, 698.0, 147.0], [446.0, 207.0, 466.0, 204.0, 464.0, 225.0, 446.0, 220.0], [410.0, 65.0, 452.0, 66.0, 452.0, 74.0, 412.0, 75.0]], "detPolPoints": [], "gtCharPoints": [[[274.125, 270.0416666666667], [284.375, 269.125], [294.625, 268.20833333333337], [304.875, 267.2916666666667], [315.125, 266.375], [325.375, 265.45833333333337]], [[642.75, 142.33333333333334], [656.25, 142.0], [669.75, 141.66666666666669]], [[561.1666666666666, 150.91666666666666], [570.5, 150.75], [579.8333333333333, 150.58333333333331]], [[591.25, 150.0], [599.75, 150.0]], [[611.75, 148.16666666666666], [621.25, 147.5], [630.75, 146.83333333333331]], [[274.75, 235.75], [290.25, 234.25], [305.75, 232.75], [321.25, 231.25]], [[680.625, 142.5], [690.875, 142.5]], [[591.5, 109.5625], [624.5, 107.6875], [657.5, 105.8125], [690.5, 103.9375]], [[700.75, 139.0], [709.25, 139.0], [717.75, 139.0], [726.25, 139.0], [734.75, 139.0]], [[450.75, 213.75], [460.25, 214.25]], [[415.1, 70.0], [423.3, 70.0], [431.5, 70.0], [439.70000000000005, 70.0], [447.90000000000003, 70.0]]], "gtCharCounts": [0.0, 0.0, 0.0, 0.0, 0.0, 0.0, 0.0, 0.0, 0.0, 0.0, 0.0], "gtDontCare": [3, 6, 7, 9, 10], "detDontCare": [], "evaluationParams": {"GT_PATH": "gt/gt_IC15.zip", "SUBMIT_PATH": "result/result_paddleOCR_IC15.zip", "OUTPUT_PATH": "output/", "PORT": 8080, "BOX_TYPE": "QUAD", "TRANSCRIPTION": true, "CONFIDENCES": false, "CRLF": false, "E2E": true, "CASE_SENSITIVE": true, "RS": true, "AREA_PRECISION_CONSTRAINT": 0.5, "GRANULARITY_PENALTY_WEIGHT": 1.0, "VERTICAL_ASPECT_RATIO_THRES": 2.0, "NUM_WORKERS": 2, "GT_SAMPLE_NAME_2_ID": "([0-9]+)", "DET_SAMPLE_NAME_2_ID": "([0-9]+)", "PER_SAMPLE_RESULTS": true}, "evaluationLog": "GT polygons: 11 (5 don't care) \nDET polygons: 0\n\nFind one-to-one matches\nFind one-to-many matches\nFind many-to-one matches\n<b>Detection | PRECISION\n</b><b>Detection | RECALL\n</b><b># of false positive chars\n</b>0\n=================================\n<b>End-to-End | Recall\n</b><b>End-to-End | Precision\n</b>", "EndtoEnd": {"precision": 0.0, "recall": 0.0, "hmean": 0, "recognition_score": 0.0}, "end2endMat": [[0.0, 0.0], [0.0, 0.0], [0.0, 0.0], [0.0, 0.0], [0.0, 0.0], [0.0, 0.0], [0.0, 0.0], [0.0, 0.0], [0.0, 0.0], [0.0, 0.0], [0.0, 0.0], [0.0, 0.0], [0.0, 0.0]], "gtTrans": ["50%off", "ORE", "POP", "##", "OUR", "SALE", "##", "####", "01-15", "##", "#####"], "detTrans": [], "gtQuery": ["50%off", "ORE", "POP", "##", "OUR", "SALE", "##", "####", "01-15", "##", "#####"], "detQuery": []}