{"Rawdata": {"det_correct_num_recall": 0.0, "det_correct_num_precision": 0.0, "chars_gt": 12, "chars_det": 0, "num_splitted": 0, "num_merged": 0, "num_false_positive": 0, "char_missed": 12, "char_overlapped": 0, "char_false_positive": 0, "e2e_correct_num_recall": 0.0, "e2e_correct_num_precision": 0.0, "chars_recog": 0, "e2e_char_missed": 12.0, "e2e_char_false_positive": 0.0, "e2e_recog_score_chars": 0, "e2e_recog_score_correct_num": 0.0}, "Detection": {"precision": 0.0, "recall": 0.0, "hmean": 0}, "pairs": [], "detectionMat": [[0.0, 0.0], [0.0, 0.0], [0.0, 0.0], [0.0, 0.0], [0.0, 0.0], [0.0, 0.0]], "precisionMat": [[], [], [], []], "gtPolPoints": [[544.0, 121.0, 625.0, 134.0, 624.0, 157.0, 543.0, 144.0], [1042.0, 128.0, 1092.0, 121.0, 1092.0, 144.0, 1042.0, 151.0], [944.0, 167.0, 959.0, 168.0, 967.0, 290.0, 952.0, 289.0], [880.0, 195.0, 902.0, 193.0, 904.0, 212.0, 882.0, 214.0]], "detPolPoints": [], "gtCharPoints": [[[548.0, 133.22222222222223], [557.0, 134.66666666666669], [566.0, 136.11111111111111], [575.0, 137.55555555555557], [584.0, 139.0], [593.0, 140.44444444444446], [602.0, 141.88888888888889], [611.0, 143.33333333333334], [620.0, 144.77777777777777]], [[1050.3333333333333, 138.33333333333334], [1067.0, 136.0], [1083.6666666666665, 133.66666666666669]], [[958.1666666666666, 269.1666666666667], [955.5, 228.50000000000003], [952.8333333333333, 187.83333333333337]], [[886.5, 204.0], [897.5, 203.0]]], "gtCharCounts": [0.0, 0.0, 0.0, 0.0], "gtDontCare": [1, 3], "detDontCare": [], "evaluationParams": {"GT_PATH": "gt/gt_IC15.zip", "SUBMIT_PATH": "result/result_paddleOCR_IC15.zip", "OUTPUT_PATH": "output/", "PORT": 8080, "BOX_TYPE": "QUAD", "TRANSCRIPTION": true, "CONFIDENCES": false, "CRLF": false, "E2E": true, "CASE_SENSITIVE": true, "RS": true, "AREA_PRECISION_CONSTRAINT": 0.5, "GRANULARITY_PENALTY_WEIGHT": 1.0, "VERTICAL_ASPECT_RATIO_THRES": 2.0, "NUM_WORKERS": 2, "GT_SAMPLE_NAME_2_ID": "([0-9]+)", "DET_SAMPLE_NAME_2_ID": "([0-9]+)", "PER_SAMPLE_RESULTS": true}, "evaluationLog": "GT polygons: 4 (2 don't care) \nDET polygons: 0\n\nFind one-to-one matches\nFind one-to-many matches\nFind many-to-one matches\n<b>Detection | PRECISION\n</b><b>Detection | RECALL\n</b><b># of false positive chars\n</b>0\n=================================\n<b>End-to-End | Recall\n</b><b>End-to-End | Precision\n</b>", "EndtoEnd": {"precision": 0.0, "recall": 0.0, "hmean": 0, "recognition_score": 0.0}, "end2endMat": [[0.0, 0.0], [0.0, 0.0], [0.0, 0.0], [0.0, 0.0], [0.0, 0.0], [0.0, 0.0]], "gtTrans": ["CONCIERGE", "###", "GAP", "##"], "detTrans": [], "gtQuery": ["CONCIERGE", "###", "GAP", "##"], "detQuery": []}