{"Rawdata": {"det_correct_num_recall": 6.0, "det_correct_num_precision": 6.0, "chars_gt": 11, "chars_det": 6.0, "num_splitted": 0, "num_merged": 0, "num_false_positive": 0, "char_missed": 5, "char_overlapped": 0, "char_false_positive": 0, "e2e_correct_num_recall": 6.0, "e2e_correct_num_precision": 6.0, "chars_recog": 17, "e2e_char_missed": 5.0, "e2e_char_false_positive": 11.0, "e2e_recog_score_chars": 17, "e2e_recog_score_correct_num": 6.0}, "Detection": {"precision": 1.0, "recall": 0.5454545454545454, "hmean": 0.7058823529411764}, "pairs": [{"gt": [1], "det": [0], "type": "OO"}], "detectionMat": [[0.0, 0.0, 0.0], [6.0, 6.0, 0.0], [0.0, 0.0, 0.0], [6.0, 0.0, 0.0], [0.0, 0.0, 0.0]], "precisionMat": [[0.0], [0.9976402439308897], [0.0]], "gtPolPoints": [[514.0, 390.0, 614.0, 396.0, 610.0, 432.0, 518.0, 426.0], [484.0, 56.0, 932.0, 2.0, 930.0, 92.0, 464.0, 138.0], [942.0, 0.0, 1279.0, 4.0, 1276.0, 48.0, 944.0, 78.0]], "detPolPoints": [[476.0, 65.0, 854.0, 23.0, 860.0, 78.0, 482.0, 120.0]], "gtCharPoints": [[[528.0, 408.75], [552.0, 410.25], [576.0, 411.75], [600.0, 413.25]], [[506.64285714285717, 93.42857142857143], [571.9285714285714, 86.28571428571429], [637.2142857142858, 79.14285714285714], [702.5, 72.0], [767.7857142857143, 64.85714285714286], [833.0714285714287, 57.714285714285715], [898.3571428571429, 50.57142857142857]], [[970.875, 37.916666666666664], [1026.625, 35.75], [1082.375, 33.58333333333333], [1138.125, 31.416666666666664], [1193.875, 29.25], [1249.625, 27.083333333333332]]], "gtCharCounts": [[0.0, 0.0, 0.0, 0.0], [1.0, 1.0, 1.0, 1.0, 1.0, 1.0, 0.0], [0.0, 0.0, 0.0, 0.0, 0.0, 0.0]], "gtDontCare": [2], "detDontCare": [], "evaluationParams": {"GT_PATH": "gt/gt_IC15.zip", "SUBMIT_PATH": "result/result_paddleOCR_IC15.zip", "OUTPUT_PATH": "output/", "PORT": 8080, "BOX_TYPE": "QUAD", "TRANSCRIPTION": true, "CONFIDENCES": false, "CRLF": false, "E2E": true, "CASE_SENSITIVE": true, "RS": true, "AREA_PRECISION_CONSTRAINT": 0.5, "GRANULARITY_PENALTY_WEIGHT": 1.0, "VERTICAL_ASPECT_RATIO_THRES": 2.0, "NUM_WORKERS": 2, "GT_SAMPLE_NAME_2_ID": "([0-9]+)", "DET_SAMPLE_NAME_2_ID": "([0-9]+)", "PER_SAMPLE_RESULTS": true}, "evaluationLog": "GT polygons: 3 (1 don't care) \nDET polygons: 1\n\nFind one-to-one matches\nMatch GT #1 with Det #0\nFind one-to-many matches\nFind many-to-one matches\n<b>Detection | PRECISION\n</b><b>Detection | RECALL\n</b><b># of false positive chars\n</b>0\n=================================\n<b>End-to-End | Recall\n</b><b>End-to-End | Precision\n</b>", "EndtoEnd": {"precision": 0.35294117647058826, "recall": 0.5454545454545454, "hmean": 0.42857142857142855, "recognition_score": 0.35294117647058826}, "end2endMat": [[0.0, 0.0, 0.0], [0.0, 6.0, 0.0], [0.0, 0.0, 0.0], [6.0, 0.0, 0.0], [0.0, 0.0, 0.0]], "gtTrans": ["SALE", "BRITISH", "######"], "detTrans": ["BRITIS,0.97199506"], "gtQuery": ["SALE", "BRITISH", "######"], "detQuery": ["BRITIS,0.97199506"]}