{"Rawdata": {"det_correct_num_recall": 7.0, "det_correct_num_precision": 7.0, "chars_gt": 8, "chars_det": 7.0, "num_splitted": 0, "num_merged": 0, "num_false_positive": 0, "char_missed": 1, "char_overlapped": 0, "char_false_positive": 0, "e2e_correct_num_recall": 2.0, "e2e_correct_num_precision": 2.0, "chars_recog": 31, "e2e_char_missed": 6.0, "e2e_char_false_positive": 29.0, "e2e_recog_score_chars": 31, "e2e_recog_score_correct_num": 2.0}, "Detection": {"precision": 1.0, "recall": 0.875, "hmean": 0.9333333333333333}, "pairs": [{"gt": [0], "det": [0], "type": "OO"}, {"gt": [1], "det": [1], "type": "OO"}], "detectionMat": [[3.0, 0.0, 3.0, 0.0], [0.0, 4.0, 4.0, 0.0], [0.0, 0.0, 0.0, 0.0], [0.0, 0.0, 0.0, 0.0], [0.0, 0.0, 0.0, 0.0], [0.0, 0.0, 0.0, 0.0], [0.0, 0.0, 0.0, 0.0], [0.0, 0.0, 0.0, 0.0], [3.0, 4.0, 0.0, 0.0], [0.0, 0.0, 0.0, 0.0]], "precisionMat": [[1.0, 0.0], [0.0, 0.5121641000058103], [0.0, 0.16434944584838904], [0.0, 0.2962215546155578], [0.0, 0.0], [0.0, 0.0], [0.0, 0.0], [0.0, 0.0]], "gtPolPoints": [[687.0, 272.0, 767.0, 275.0, 767.0, 306.0, 686.0, 303.0], [1128.0, 486.0, 1175.0, 506.0, 1158.0, 603.0, 1120.0, 582.0], [1115.0, 583.0, 1165.0, 603.0, 1160.0, 633.0, 1115.0, 615.0], [1116.0, 615.0, 1168.0, 646.0, 1146.0, 706.0, 1101.0, 683.0], [592.0, 616.0, 691.0, 598.0, 738.0, 682.0, 635.0, 701.0], [288.0, 686.0, 390.0, 671.0, 400.0, 712.0, 300.0, 718.0], [1251.0, 75.0, 1269.0, 80.0, 1273.0, 120.0, 1230.0, 120.0], [1231.0, 129.0, 1278.0, 125.0, 1277.0, 160.0, 1236.0, 159.0]], "detPolPoints": [[713.0, 278.0, 757.0, 278.0, 757.0, 296.0, 713.0, 296.0], [1129.0, 496.0, 1166.0, 498.0, 1153.0, 684.0, 1115.0, 681.0]], "gtCharPoints": [[[696.5625, 287.875], [716.6875, 288.625], [736.8125, 289.375], [756.9375, 290.125]], [[1140.5625, 580.4375], [1143.6875, 556.3125], [1146.8125, 532.1875], [1149.9375, 508.0625]], [[1126.875, 603.75], [1150.625, 613.25]], [[1120.625, 655.75], [1144.875, 669.25]], [[638.75, 653.875], [689.25, 644.625]], [[310.8333333333333, 700.25], [344.5, 696.75], [378.16666666666663, 693.25]], [[1248.125, 98.125], [1263.375, 99.375]], [[1244.5, 143.625], [1266.5, 142.875]]], "gtCharCounts": [[0.0, 1.0, 1.0, 1.0], [1.0, 1.0, 1.0, 1.0], [0.0, 0.0], [0.0, 0.0], [0.0, 0.0], [0.0, 0.0, 0.0], [0.0, 0.0], [0.0, 0.0]], "gtDontCare": [2, 3, 4, 5, 6, 7], "detDontCare": [], "evaluationParams": {"GT_PATH": "gt/gt_IC15.zip", "SUBMIT_PATH": "result/result_paddleOCR_IC15.zip", "OUTPUT_PATH": "output/", "PORT": 8080, "BOX_TYPE": "QUAD", "TRANSCRIPTION": true, "CONFIDENCES": false, "CRLF": false, "E2E": true, "CASE_SENSITIVE": true, "RS": true, "AREA_PRECISION_CONSTRAINT": 0.5, "GRANULARITY_PENALTY_WEIGHT": 1.0, "VERTICAL_ASPECT_RATIO_THRES": 2.0, "NUM_WORKERS": 2, "GT_SAMPLE_NAME_2_ID": "([0-9]+)", "DET_SAMPLE_NAME_2_ID": "([0-9]+)", "PER_SAMPLE_RESULTS": true}, "evaluationLog": "GT polygons: 8 (6 don't care) \nDET polygons: 2\n\nFind one-to-one matches\nMatch GT #0 with Det #0\nMatch GT #1 with Det #1\nFind one-to-many matches\nFind many-to-one matches\n<b>Detection | PRECISION\n</b><b>Detection | RECALL\n</b><b># of false positive chars\n</b>0\n=================================\n<b>End-to-End | Recall\n</b><b>End-to-End | Precision\n</b>", "EndtoEnd": {"precision": 0.06451612903225806, "recall": 0.25, "hmean": 0.10256410256410256, "recognition_score": 0.06451612903225806}, "end2endMat": [[0.0, 0.0, 1.0, 0.0], [0.0, 0.0, 1.0, 0.0], [0.0, 0.0, 0.0, 0.0], [0.0, 0.0, 0.0, 0.0], [0.0, 0.0, 0.0, 0.0], [0.0, 0.0, 0.0, 0.0], [0.0, 0.0, 0.0, 0.0], [0.0, 0.0, 0.0, 0.0], [1.0, 1.0, 0.0, 0.0], [0.0, 0.0, 0.0, 0.0]], "gtTrans": ["WESC", "DOUG", "##", "##", "##", "###", "##", "##"], "detTrans": ["eSo,0.6567626", "5000BIO1,0.5890224"], "gtQuery": ["WESC", "DOUG", "##", "##", "##", "###", "##", "##"], "detQuery": ["eSo,0.6567626", "5000BIO1,0.5890224"]}