{"Rawdata": {"det_correct_num_recall": 7.0, "det_correct_num_precision": 7.0, "chars_gt": 7, "chars_det": 7.0, "num_splitted": 0, "num_merged": 0, "num_false_positive": 0, "char_missed": 0, "char_overlapped": 0, "char_false_positive": 0, "e2e_correct_num_recall": 7.0, "e2e_correct_num_precision": 7.0, "chars_recog": 17, "e2e_char_missed": 0.0, "e2e_char_false_positive": 10.0, "e2e_recog_score_chars": 17, "e2e_recog_score_correct_num": 7.0}, "Detection": {"precision": 1.0, "recall": 1.0, "hmean": 1.0}, "pairs": [{"gt": [0], "det": [0], "type": "OO"}], "detectionMat": [[7.0, 7.0, 0.0], [0.0, 0.0, 0.0], [0.0, 0.0, 0.0], [7.0, 0.0, 0.0], [0.0, 0.0, 0.0]], "precisionMat": [[0.986329550016485], [0.0], [0.0]], "gtPolPoints": [[180.0, 278.0, 410.0, 312.0, 395.0, 390.0, 167.0, 355.0], [228.0, 436.0, 300.0, 455.0, 295.0, 475.0, 224.0, 455.0], [208.0, 450.0, 323.0, 481.0, 320.0, 504.0, 202.0, 473.0]], "detPolPoints": [[184.0, 278.0, 406.0, 310.0, 395.0, 382.0, 173.0, 349.0]], "gtCharPoints": [[[189.85714285714286, 318.9642857142857], [222.57142857142858, 323.89285714285717], [255.28571428571428, 328.82142857142856], [288.0, 333.75], [320.7142857142857, 338.67857142857144], [353.42857142857144, 343.6071428571429], [386.1428571428571, 348.5357142857143]], [[234.9375, 447.9375], [252.8125, 452.8125], [270.6875, 457.6875], [288.5625, 462.5625]], [[214.70833333333334, 464.0833333333333], [234.125, 469.25], [253.54166666666669, 474.41666666666663], [272.95833333333337, 479.5833333333333], [292.375, 484.75], [311.7916666666667, 489.91666666666663]]], "gtCharCounts": [[1.0, 1.0, 1.0, 1.0, 1.0, 1.0, 1.0], [0.0, 0.0, 0.0, 0.0], [0.0, 0.0, 0.0, 0.0, 0.0, 0.0]], "gtDontCare": [1, 2], "detDontCare": [], "evaluationParams": {"GT_PATH": "gt/gt_IC15.zip", "SUBMIT_PATH": "result/result_paddleOCR_IC15.zip", "OUTPUT_PATH": "output/", "PORT": 8080, "BOX_TYPE": "QUAD", "TRANSCRIPTION": true, "CONFIDENCES": false, "CRLF": false, "E2E": true, "CASE_SENSITIVE": true, "RS": true, "AREA_PRECISION_CONSTRAINT": 0.5, "GRANULARITY_PENALTY_WEIGHT": 1.0, "VERTICAL_ASPECT_RATIO_THRES": 2.0, "NUM_WORKERS": 2, "GT_SAMPLE_NAME_2_ID": "([0-9]+)", "DET_SAMPLE_NAME_2_ID": "([0-9]+)", "PER_SAMPLE_RESULTS": true}, "evaluationLog": "GT polygons: 3 (2 don't care) \nDET polygons: 1\n\nFind one-to-one matches\nMatch GT #0 with Det #0\nFind one-to-many matches\nFind many-to-one matches\n<b>Detection | PRECISION\n</b><b>Detection | RECALL\n</b><b># of false positive chars\n</b>0\n=================================\n<b>End-to-End | Recall\n</b><b>End-to-End | Precision\n</b>", "EndtoEnd": {"precision": 0.4117647058823529, "recall": 1.0, "hmean": 0.5833333333333334, "recognition_score": 0.4117647058823529}, "end2endMat": [[0.0, 7.0, 0.0], [0.0, 0.0, 0.0], [0.0, 0.0, 0.0], [7.0, 0.0, 0.0], [0.0, 0.0, 0.0]], "gtTrans": ["Carpark", "####", "######"], "detTrans": ["Carpark,0.9993245"], "gtQuery": ["Carpark", "####", "######"], "detQuery": ["Carpark,0.9993245"]}