{"Rawdata": {"det_correct_num_recall": 4.0, "det_correct_num_precision": 4.0, "chars_gt": 8, "chars_det": 4.0, "num_splitted": 0, "num_merged": 0, "num_false_positive": 0, "char_missed": 4, "char_overlapped": 0, "char_false_positive": 0, "e2e_correct_num_recall": 4.0, "e2e_correct_num_precision": 4.0, "chars_recog": 14, "e2e_char_missed": 4.0, "e2e_char_false_positive": 10.0, "e2e_recog_score_chars": 14, "e2e_recog_score_correct_num": 4.0}, "Detection": {"precision": 1.0, "recall": 0.5, "hmean": 0.6666666666666666}, "pairs": [{"gt": [0], "det": [0], "type": "OO"}], "detectionMat": [[4.0, 4.0, 0.0], [0.0, 0.0, 0.0], [0.0, 0.0, 0.0], [0.0, 0.0, 0.0], [4.0, 0.0, 0.0], [0.0, 0.0, 0.0]], "precisionMat": [[0.7846814870166262], [0.0], [0.0], [0.0]], "gtPolPoints": [[2.0, 99.0, 128.0, 149.0, 124.0, 224.0, 0.0, 190.0], [380.0, 222.0, 455.0, 243.0, 457.0, 265.0, 382.0, 244.0], [127.0, 324.0, 170.0, 322.0, 173.0, 341.0, 130.0, 343.0], [511.0, 191.0, 540.0, 191.0, 539.0, 206.0, 510.0, 206.0]], "detPolPoints": [[0.0, 95.0, 145.0, 127.0, 124.0, 224.0, 0.0, 192.0]], "gtCharPoints": [[[16.625, 149.75], [47.875, 160.25], [79.125, 170.75], [110.375, 181.25]], [[390.375, 235.625], [409.125, 240.875], [427.875, 246.125], [446.625, 251.375]], [[135.66666666666666, 333.1666666666667], [150.0, 332.5], [164.33333333333331, 331.83333333333337]], [[514.125, 198.5], [521.375, 198.5], [528.625, 198.5], [535.875, 198.5]]], "gtCharCounts": [[1.0, 1.0, 1.0, 1.0], [0.0, 0.0, 0.0, 0.0], [0.0, 0.0, 0.0], [0.0, 0.0, 0.0, 0.0]], "gtDontCare": [1, 2], "detDontCare": [], "evaluationParams": {"GT_PATH": "gt/gt_IC15.zip", "SUBMIT_PATH": "result/result_paddleOCR_IC15.zip", "OUTPUT_PATH": "output/", "PORT": 8080, "BOX_TYPE": "QUAD", "TRANSCRIPTION": true, "CONFIDENCES": false, "CRLF": false, "E2E": true, "CASE_SENSITIVE": true, "RS": true, "AREA_PRECISION_CONSTRAINT": 0.5, "GRANULARITY_PENALTY_WEIGHT": 1.0, "VERTICAL_ASPECT_RATIO_THRES": 2.0, "NUM_WORKERS": 2, "GT_SAMPLE_NAME_2_ID": "([0-9]+)", "DET_SAMPLE_NAME_2_ID": "([0-9]+)", "PER_SAMPLE_RESULTS": true}, "evaluationLog": "GT polygons: 4 (2 don't care) \nDET polygons: 1\n\nFind one-to-one matches\nMatch GT #0 with Det #0\nFind one-to-many matches\nFind many-to-one matches\n<b>Detection | PRECISION\n</b><b>Detection | RECALL\n</b><b># of false positive chars\n</b>0\n=================================\n<b>End-to-End | Recall\n</b><b>End-to-End | Precision\n</b>", "EndtoEnd": {"precision": 0.2857142857142857, "recall": 0.5, "hmean": 0.36363636363636365, "recognition_score": 0.2857142857142857}, "end2endMat": [[0.0, 4.0, 0.0], [0.0, 0.0, 0.0], [0.0, 0.0, 0.0], [0.0, 0.0, 0.0], [4.0, 0.0, 0.0], [0.0, 0.0, 0.0]], "gtTrans": ["SALE", "####", "###", "EXIT"], "detTrans": ["SALE,0.9984043"], "gtQuery": ["SALE", "####", "###", "EXIT"], "detQuery": ["SALE,0.9984043"]}