{"Rawdata": {"det_correct_num_recall": 13.0, "det_correct_num_precision": 12.0, "chars_gt": 23, "chars_det": 13.0, "num_splitted": 0, "num_merged": 1, "num_false_positive": 0, "char_missed": 10, "char_overlapped": 0, "char_false_positive": 0, "e2e_correct_num_recall": 14.0, "e2e_correct_num_precision": 13.0, "chars_recog": 39, "e2e_char_missed": 9.0, "e2e_char_false_positive": 25.0, "e2e_recog_score_chars": 39, "e2e_recog_score_correct_num": 14.0}, "Detection": {"precision": 0.9230769230769231, "recall": 0.5652173913043478, "hmean": 0.7011235955056179}, "pairs": [{"gt": [1], "det": [1], "type": "OO"}, {"gt": [3, 4], "det": [0], "type": "MO"}], "detectionMat": [[0.0, 0.0, 0.0, 0.0], [0.0, 8.0, 8.0, 0.0], [0.0, 0.0, 0.0, 0.0], [3.0, 0.0, 3.0, 0.0], [2.0, 0.0, 2.0, 0.0], [5.0, 8.0, 0.0, 0.0], [1.0, 0.0, 0.0, 0.0]], "precisionMat": [[0.0, 0.0], [0.0, 0.7215203672750149], [0.0, 0.22287031353651618], [0.43417612729062915, 0.0], [0.4765085727009577, 0.0]], "gtPolPoints": [[691.0, 160.0, 815.0, 122.0, 825.0, 158.0, 700.0, 196.0], [825.0, 116.0, 957.0, 87.0, 965.0, 122.0, 839.0, 156.0], [964.0, 90.0, 1003.0, 79.0, 1009.0, 102.0, 971.0, 113.0], [1010.0, 70.0, 1062.0, 57.0, 1072.0, 88.0, 1017.0, 105.0], [1072.0, 52.0, 1141.0, 34.0, 1153.0, 70.0, 1077.0, 88.0]], "detPolPoints": [[1008.0, 69.0, 1129.0, 42.0, 1135.0, 70.0, 1014.0, 97.0], [832.0, 125.0, 1006.0, 79.0, 1012.0, 101.0, 837.0, 147.0]], "gtCharPoints": [[[702.4166666666666, 175.88888888888889], [716.25, 171.66666666666666], [730.0833333333333, 167.44444444444443], [743.9166666666666, 163.22222222222223], [757.75, 159.0], [771.5833333333333, 154.77777777777777], [785.4166666666666, 150.55555555555554], [799.25, 146.33333333333331], [813.0833333333333, 142.11111111111111]], [[840.0625, 134.03125], [856.1875, 130.09375], [872.3125, 126.15625], [888.4375, 122.21875], [904.5625, 118.28125], [920.6875, 114.34375], [936.8125, 110.40625], [952.9375, 106.46875]], [[977.125, 98.75], [996.375, 93.25]], [[1022.4166666666666, 85.0], [1040.25, 80.0], [1058.0833333333333, 75.0]], [[1086.5833333333333, 67.0], [1110.75, 61.0], [1134.9166666666665, 55.0]]], "gtCharCounts": [[0.0, 0.0, 0.0, 0.0, 0.0, 0.0, 0.0, 0.0, 0.0], [1.0, 1.0, 1.0, 1.0, 1.0, 1.0, 1.0, 1.0], [0.0, 0.0], [1.0, 1.0, 1.0], [1.0, 1.0, 0.0]], "gtDontCare": [2], "detDontCare": [], "evaluationParams": {"GT_PATH": "gt/gt_IC15.zip", "SUBMIT_PATH": "result/result_paddleOCR_IC15.zip", "OUTPUT_PATH": "output/", "PORT": 8080, "BOX_TYPE": "QUAD", "TRANSCRIPTION": true, "CONFIDENCES": false, "CRLF": false, "E2E": true, "CASE_SENSITIVE": true, "RS": true, "AREA_PRECISION_CONSTRAINT": 0.5, "GRANULARITY_PENALTY_WEIGHT": 1.0, "VERTICAL_ASPECT_RATIO_THRES": 2.0, "NUM_WORKERS": 2, "GT_SAMPLE_NAME_2_ID": "([0-9]+)", "DET_SAMPLE_NAME_2_ID": "([0-9]+)", "PER_SAMPLE_RESULTS": true}, "evaluationLog": "GT polygons: 5 (1 don't care) \nDET polygons: 2\n\nFind one-to-one matches\nMatch GT #1 with Det #1\nFind one-to-many matches\nFind many-to-one matches\nMatch GT #[3, 4] with Det #0\n<b>Detection | PRECISION\n</b><b>Detection | RECALL\n</b><b># of false positive chars\n</b>0\n=================================\n<b>End-to-End | Recall\n</b><b>End-to-End | Precision\n</b>", "EndtoEnd": {"precision": 0.3333333333333333, "recall": 0.6086956521739131, "hmean": 0.4307692307692308, "recognition_score": 0.358974358974359}, "end2endMat": [[0.0, 0.0, 0.0, 0.0], [0.0, 0.0, 8.0, 0.0], [0.0, 0.0, 0.0, 0.0], [0.0, 0.0, 3.0, 0.0], [0.0, 0.0, 3.0, 0.0], [6.0, 8.0, 0.0, 0.0], [1.0, 0.0, 0.0, 0.0]], "gtTrans": ["Esplanade", "Theatres", "##", "the", "Bay"], "detTrans": ["the Bay,0.93724585", "Theatreson,0.99586236"], "gtQuery": ["Esplanade", "Theatres", "##", "the", "Bay"], "detQuery": ["the Bay,0.93724585", "Theatreson,0.99586236"]}