{"Rawdata": {"det_correct_num_recall": 8.0, "det_correct_num_precision": 7.0, "chars_gt": 8, "chars_det": 8.0, "num_splitted": 0, "num_merged": 1, "num_false_positive": 0, "char_missed": 0, "char_overlapped": 0, "char_false_positive": 0, "e2e_correct_num_recall": 8.0, "e2e_correct_num_precision": 7.0, "chars_recog": 19, "e2e_char_missed": 0.0, "e2e_char_false_positive": 11.0, "e2e_recog_score_chars": 19, "e2e_recog_score_correct_num": 8.0}, "Detection": {"precision": 0.875, "recall": 1.0, "hmean": 0.9333333333333333}, "pairs": [{"gt": [0], "det": [0], "type": "OO"}, {"gt": [0, 1], "det": [0], "type": "MO"}], "detectionMat": [[5.0, 5.0, 0.0], [3.0, 3.0, 0.0], [8.0, 0.0, 0.0], [1.0, 0.0, 0.0]], "precisionMat": [[0.5076775422659008], [0.43865193845817296]], "gtPolPoints": [[673.0, 136.0, 861.0, 118.0, 853.0, 176.0, 667.0, 183.0], [869.0, 118.0, 1028.0, 105.0, 1024.0, 173.0, 863.0, 175.0]], "detPolPoints": [[673.0, 131.0, 1014.0, 109.0, 1017.0, 163.0, 677.0, 185.0]], "gtCharPoints": [[[688.7, 158.25], [726.1, 155.75], [763.5, 153.25], [800.9000000000001, 150.75], [838.3000000000001, 148.25]], [[892.6666666666666, 145.25], [946.0, 142.75], [999.3333333333333, 140.25]]], "gtCharCounts": [[1.0, 1.0, 1.0, 1.0, 1.0], [1.0, 1.0, 1.0]], "gtDontCare": [], "detDontCare": [], "evaluationParams": {"GT_PATH": "gt/gt_IC15.zip", "SUBMIT_PATH": "result/result_paddleOCR_IC15.zip", "OUTPUT_PATH": "output/", "PORT": 8080, "BOX_TYPE": "QUAD", "TRANSCRIPTION": true, "CONFIDENCES": false, "CRLF": false, "E2E": true, "CASE_SENSITIVE": true, "RS": true, "AREA_PRECISION_CONSTRAINT": 0.5, "GRANULARITY_PENALTY_WEIGHT": 1.0, "VERTICAL_ASPECT_RATIO_THRES": 2.0, "NUM_WORKERS": 2, "GT_SAMPLE_NAME_2_ID": "([0-9]+)", "DET_SAMPLE_NAME_2_ID": "([0-9]+)", "PER_SAMPLE_RESULTS": true}, "evaluationLog": "GT polygons: 2 (0 don't care) \nDET polygons: 1\n\nFind one-to-one matches\nMatch GT #0 with Det #0\nFind one-to-many matches\nFind many-to-one matches\nMatch GT #[0, 1] with Det #0\n<b>Detection | PRECISION\n</b><b>Detection | RECALL\n</b><b># of false positive chars\n</b>0\n=================================\n<b>End-to-End | Recall\n</b><b>End-to-End | Precision\n</b>", "EndtoEnd": {"precision": 0.3684210526315789, "recall": 1.0, "hmean": 0.5384615384615384, "recognition_score": 0.42105263157894735}, "end2endMat": [[0.0, 5.0, 0.0], [0.0, 3.0, 0.0], [8.0, 0.0, 0.0], [1.0, 0.0, 0.0]], "gtTrans": ["TOAST", "BOX"], "detTrans": ["TOAST BOX,0.9546054"], "gtQuery": ["TOAST", "BOX"], "detQuery": ["TOAST BOX,0.9546054"]}