{"Rawdata": {"det_correct_num_recall": 11.0, "det_correct_num_precision": 11.0, "chars_gt": 17, "chars_det": 11.0, "num_splitted": 0, "num_merged": 0, "num_false_positive": 0, "char_missed": 6, "char_overlapped": 0, "char_false_positive": 0, "e2e_correct_num_recall": 11.0, "e2e_correct_num_precision": 11.0, "chars_recog": 32, "e2e_char_missed": 6.0, "e2e_char_false_positive": 21.0, "e2e_recog_score_chars": 32, "e2e_recog_score_correct_num": 11.0}, "Detection": {"precision": 1.0, "recall": 0.6470588235294118, "hmean": 0.7857142857142858}, "pairs": [{"gt": [0], "det": [0], "type": "OO"}, {"gt": [2], "det": [1], "type": "OO"}], "detectionMat": [[6.0, 0.0, 6.0, 0.0], [0.0, 0.0, 0.0, 0.0], [0.0, 5.0, 5.0, 0.0], [0.0, 0.0, 0.0, 0.0], [0.0, 0.0, 0.0, 0.0], [0.0, 0.0, 0.0, 0.0], [0.0, 0.0, 0.0, 0.0], [0.0, 0.0, 0.0, 0.0], [0.0, 0.0, 0.0, 0.0], [6.0, 5.0, 0.0, 0.0], [0.0, 0.0, 0.0, 0.0]], "precisionMat": [[0.9992795132711874, 0.0], [0.0, 0.0], [0.0, 1.0], [0.0, 0.0], [0.0, 0.0], [0.0, 0.0], [0.0, 0.0], [0.0, 0.0], [0.0, 0.0]], "gtPolPoints": [[482.0, 54.0, 630.0, 58.0, 631.0, 93.0, 484.0, 89.0], [734.0, 63.0, 789.0, 60.0, 790.0, 91.0, 736.0, 94.0], [799.0, 65.0, 921.0, 64.0, 922.0, 94.0, 799.0, 95.0], [955.0, 72.0, 989.0, 68.0, 993.0, 93.0, 959.0, 98.0], [580.0, 239.0, 624.0, 227.0, 626.0, 246.0, 581.0, 258.0], [580.0, 261.0, 625.0, 246.0, 626.0, 268.0, 581.0, 283.0], [584.0, 280.0, 626.0, 266.0, 626.0, 287.0, 584.0, 300.0], [578.0, 297.0, 628.0, 283.0, 630.0, 305.0, 580.0, 319.0], [283.0, 51.0, 387.0, 54.0, 386.0, 92.0, 282.0, 89.0]], "detPolPoints": [[491.0, 54.0, 630.0, 59.0, 629.0, 92.0, 490.0, 87.0], [802.0, 66.0, 911.0, 69.0, 910.0, 92.0, 801.0, 88.0]], "gtCharPoints": [[[495.2916666666667, 71.83333333333333], [519.875, 72.5], [544.4583333333334, 73.16666666666666], [569.0416666666667, 73.83333333333333], [593.625, 74.5], [618.2083333333334, 75.16666666666666]], [[748.625, 77.75], [775.875, 76.25]], [[809.2083333333334, 79.91666666666667], [829.625, 79.75], [850.0416666666667, 79.58333333333334], [870.4583333333334, 79.41666666666667], [890.875, 79.25], [911.2916666666667, 79.08333333333334]], [[965.5, 83.875], [982.5, 81.625]], [[587.9166666666666, 246.5], [602.75, 242.5], [617.5833333333333, 238.5]], [[588.0, 269.5], [603.0, 264.5], [618.0, 259.5]], [[588.2, 288.65], [596.6, 285.95], [605.0, 283.25], [613.4000000000001, 280.54999999999995], [621.8000000000001, 277.84999999999997]], [[587.3333333333334, 305.6666666666667], [604.0, 301.0], [620.6666666666667, 296.33333333333337]], [[299.8333333333333, 70.5], [334.5, 71.5], [369.16666666666663, 72.5]]], "gtCharCounts": [[1.0, 1.0, 1.0, 1.0, 1.0, 1.0], [0.0, 0.0], [1.0, 1.0, 1.0, 1.0, 1.0, 0.0], [0.0, 0.0], [0.0, 0.0, 0.0], [0.0, 0.0, 0.0], [0.0, 0.0, 0.0, 0.0, 0.0], [0.0, 0.0, 0.0], [0.0, 0.0, 0.0]], "gtDontCare": [1, 3, 4, 5, 7, 8], "detDontCare": [], "evaluationParams": {"GT_PATH": "gt/gt_IC15.zip", "SUBMIT_PATH": "result/result_paddleOCR_IC15.zip", "OUTPUT_PATH": "output/", "PORT": 8080, "BOX_TYPE": "QUAD", "TRANSCRIPTION": true, "CONFIDENCES": false, "CRLF": false, "E2E": true, "CASE_SENSITIVE": true, "RS": true, "AREA_PRECISION_CONSTRAINT": 0.5, "GRANULARITY_PENALTY_WEIGHT": 1.0, "VERTICAL_ASPECT_RATIO_THRES": 2.0, "NUM_WORKERS": 2, "GT_SAMPLE_NAME_2_ID": "([0-9]+)", "DET_SAMPLE_NAME_2_ID": "([0-9]+)", "PER_SAMPLE_RESULTS": true}, "evaluationLog": "GT polygons: 9 (6 don't care) \nDET polygons: 2\n\nFind one-to-one matches\nMatch GT #0 with Det #0\nMatch GT #2 with Det #1\nFind one-to-many matches\nFind many-to-one matches\n<b>Detection | PRECISION\n</b><b>Detection | RECALL\n</b><b># of false positive chars\n</b>0\n=================================\n<b>End-to-End | Recall\n</b><b>End-to-End | Precision\n</b>", "EndtoEnd": {"precision": 0.34375, "recall": 0.6470588235294118, "hmean": 0.4489795918367347, "recognition_score": 0.34375}, "end2endMat": [[0.0, 0.0, 6.0, 0.0], [0.0, 0.0, 0.0, 0.0], [0.0, 0.0, 5.0, 0.0], [0.0, 0.0, 0.0, 0.0], [0.0, 0.0, 0.0, 0.0], [0.0, 0.0, 0.0, 0.0], [0.0, 0.0, 0.0, 0.0], [0.0, 0.0, 0.0, 0.0], [0.0, 0.0, 0.0, 0.0], [6.0, 5.0, 0.0, 0.0], [0.0, 0.0, 0.0, 0.0]], "gtTrans": ["SPORTS", "##", "OUTLET", "##", "###", "###", "SALE!", "###", "###"], "detTrans": ["SPORTS,0.9950201", "OUTLE,0.70091456"], "gtQuery": ["SPORTS", "##", "OUTLET", "##", "###", "###", "SALE!", "###", "###"], "detQuery": ["SPORTS,0.9950201", "OUTLE,0.70091456"]}