{"Rawdata": {"det_correct_num_recall": 10.0, "det_correct_num_precision": 10.0, "chars_gt": 15, "chars_det": 10.0, "num_splitted": 0, "num_merged": 0, "num_false_positive": 0, "char_missed": 5, "char_overlapped": 0, "char_false_positive": 0, "e2e_correct_num_recall": 7.0, "e2e_correct_num_precision": 7.0, "chars_recog": 22, "e2e_char_missed": 8.0, "e2e_char_false_positive": 15.0, "e2e_recog_score_chars": 22, "e2e_recog_score_correct_num": 7.0}, "Detection": {"precision": 1.0, "recall": 0.6666666666666666, "hmean": 0.8}, "pairs": [{"gt": [2], "det": [0], "type": "OO"}], "detectionMat": [[0.0, 0.0, 0.0], [0.0, 0.0, 0.0], [10.0, 10.0, 0.0], [0.0, 0.0, 0.0], [10.0, 0.0, 0.0], [0.0, 0.0, 0.0]], "precisionMat": [[0.0], [0.0], [0.9950793842753168], [0.0]], "gtPolPoints": [[1050.0, 146.0, 1119.0, 171.0, 1123.0, 189.0, 1058.0, 204.0], [45.0, 1.0, 294.0, 2.0, 291.0, 78.0, 44.0, 13.0], [348.0, 0.0, 804.0, 114.0, 808.0, 196.0, 332.0, 73.0], [133.0, 266.0, 156.0, 268.0, 157.0, 347.0, 134.0, 345.0]], "detPolPoints": [[385.0, 11.0, 787.0, 130.0, 769.0, 189.0, 367.0, 70.0]], "gtCharPoints": [[[1065.1666666666667, 175.83333333333334], [1087.5, 177.5], [1109.8333333333335, 179.16666666666669]], [[65.16666666666667, 9.75], [106.5, 15.25], [147.83333333333334, 20.75], [189.16666666666669, 26.25], [230.5, 31.75], [271.83333333333337, 37.25]], [[359.4166666666667, 41.4375], [398.25, 51.3125], [437.08333333333337, 61.1875], [475.9166666666667, 71.0625], [514.75, 80.9375], [553.5833333333334, 90.8125], [592.4166666666667, 100.6875], [631.25, 110.5625], [670.0833333333334, 120.4375], [708.9166666666667, 130.3125], [747.75, 140.1875], [786.5833333333334, 150.0625]], [[145.375, 336.125], [145.125, 316.375], [144.875, 296.625], [144.625, 276.875]]], "gtCharCounts": [[0.0, 0.0, 0.0], [0.0, 0.0, 0.0, 0.0, 0.0, 0.0], [0.0, 1.0, 1.0, 1.0, 1.0, 1.0, 1.0, 1.0, 1.0, 1.0, 1.0, 0.0], [0.0, 0.0, 0.0, 0.0]], "gtDontCare": [1, 3], "detDontCare": [], "evaluationParams": {"GT_PATH": "gt/gt_IC15.zip", "SUBMIT_PATH": "result/result_paddleOCR_IC15.zip", "OUTPUT_PATH": "output/", "PORT": 8080, "BOX_TYPE": "QUAD", "TRANSCRIPTION": true, "CONFIDENCES": false, "CRLF": false, "E2E": true, "CASE_SENSITIVE": true, "RS": true, "AREA_PRECISION_CONSTRAINT": 0.5, "GRANULARITY_PENALTY_WEIGHT": 1.0, "VERTICAL_ASPECT_RATIO_THRES": 2.0, "NUM_WORKERS": 2, "GT_SAMPLE_NAME_2_ID": "([0-9]+)", "DET_SAMPLE_NAME_2_ID": "([0-9]+)", "PER_SAMPLE_RESULTS": true}, "evaluationLog": "GT polygons: 4 (2 don't care) \nDET polygons: 1\n\nFind one-to-one matches\nMatch GT #2 with Det #0\nFind one-to-many matches\nFind many-to-one matches\n<b>Detection | PRECISION\n</b><b>Detection | RECALL\n</b><b># of false positive chars\n</b>0\n=================================\n<b>End-to-End | Recall\n</b><b>End-to-End | Precision\n</b>", "EndtoEnd": {"precision": 0.3181818181818182, "recall": 0.4666666666666667, "hmean": 0.3783783783783784, "recognition_score": 0.3181818181818182}, "end2endMat": [[0.0, 0.0, 0.0], [0.0, 0.0, 0.0], [0.0, 7.0, 0.0], [0.0, 0.0, 0.0], [7.0, 0.0, 0.0], [0.0, 0.0, 0.0]], "gtTrans": ["#22", "######", "WORKSHOPELEM", "####"], "detTrans": ["WCBR SHOPENN,0.5456912"], "gtQuery": ["#22", "######", "WORKSHOPELEM", "####"], "detQuery": ["WCBR SHOPENN,0.5456912"]}