{"Rawdata": {"det_correct_num_recall": 0.0, "det_correct_num_precision": 0.0, "chars_gt": 4, "chars_det": 3.0, "num_splitted": 0, "num_merged": 0, "num_false_positive": 1, "char_missed": 4, "char_overlapped": 0, "char_false_positive": 3, "e2e_correct_num_recall": 0.0, "e2e_correct_num_precision": 0.0, "chars_recog": 15, "e2e_char_missed": 4.0, "e2e_char_false_positive": 15.0, "e2e_recog_score_chars": 0, "e2e_recog_score_correct_num": 0.0}, "Detection": {"precision": 0.0, "recall": 0.0, "hmean": 0}, "pairs": [], "detectionMat": [[0.0, 0.0, 0.0], [0.0, 0.0, 0.0], [0.0, 0.0, 0.0], [0.0, 0.0, 0.0], [0.0, 0.0, 0.0]], "precisionMat": [[0.0], [0.0], [0.0]], "gtPolPoints": [[0.0, 137.0, 31.0, 140.0, 29.0, 165.0, 0.0, 163.0], [37.0, 139.0, 94.0, 146.0, 91.0, 170.0, 34.0, 163.0], [677.0, 221.0, 706.0, 223.0, 701.0, 260.0, 672.0, 258.0]], "detPolPoints": [[926.0, 426.0, 1131.0, 538.0, 1091.0, 609.0, 886.0, 497.0]], "gtCharPoints": [[[7.5, 150.625], [22.5, 151.875]], [[42.625, 151.875], [56.875, 153.625], [71.125, 155.375], [85.375, 157.125]], [[681.75, 240.0], [696.25, 241.0]]], "gtCharCounts": [[0.0, 0.0], [0.0, 0.0, 0.0, 0.0], [0.0, 0.0]], "gtDontCare": [0, 2], "detDontCare": [], "evaluationParams": {"GT_PATH": "gt/gt_IC15.zip", "SUBMIT_PATH": "result/result_paddleOCR_IC15.zip", "OUTPUT_PATH": "output/", "PORT": 8080, "BOX_TYPE": "QUAD", "TRANSCRIPTION": true, "CONFIDENCES": false, "CRLF": false, "E2E": true, "CASE_SENSITIVE": true, "RS": true, "AREA_PRECISION_CONSTRAINT": 0.5, "GRANULARITY_PENALTY_WEIGHT": 1.0, "VERTICAL_ASPECT_RATIO_THRES": 2.0, "NUM_WORKERS": 2, "GT_SAMPLE_NAME_2_ID": "([0-9]+)", "DET_SAMPLE_NAME_2_ID": "([0-9]+)", "PER_SAMPLE_RESULTS": true}, "evaluationLog": "GT polygons: 3 (2 don't care) \nDET polygons: 1\n\nFind one-to-one matches\nFind one-to-many matches\nFind many-to-one matches\n<b>Detection | PRECISION\n</b><b>Detection | RECALL\n</b><b># of false positive chars\n</b>3\n=================================\n<b>End-to-End | Recall\n</b><b>End-to-End | Precision\n</b>", "EndtoEnd": {"precision": 0.0, "recall": 0.0, "hmean": 0, "recognition_score": 0.0}, "end2endMat": [[0.0, 0.0, 0.0], [0.0, 0.0, 0.0], [0.0, 0.0, 0.0], [0.0, 0.0, 0.0], [0.0, 0.0, 0.0]], "gtTrans": ["##", "with", "##"], "detTrans": ["xaom,0.54726344"], "gtQuery": ["##", "with", "##"], "detQuery": ["xaom,0.54726344"]}