{"Rawdata": {"det_correct_num_recall": 0.0, "det_correct_num_precision": 0.0, "chars_gt": 11, "chars_det": 0, "num_splitted": 0, "num_merged": 0, "num_false_positive": 0, "char_missed": 11, "char_overlapped": 0, "char_false_positive": 0, "e2e_correct_num_recall": 0.0, "e2e_correct_num_precision": 0.0, "chars_recog": 0, "e2e_char_missed": 11.0, "e2e_char_false_positive": 0.0, "e2e_recog_score_chars": 0, "e2e_recog_score_correct_num": 0.0}, "Detection": {"precision": 0.0, "recall": 0.0, "hmean": 0}, "pairs": [], "detectionMat": [[0.0, 0.0], [0.0, 0.0], [0.0, 0.0], [0.0, 0.0], [0.0, 0.0], [0.0, 0.0], [0.0, 0.0], [0.0, 0.0]], "precisionMat": [[], [], [], [], [], []], "gtPolPoints": [[476.0, 510.0, 503.0, 481.0, 520.0, 505.0, 496.0, 532.0], [523.0, 468.0, 598.0, 493.0, 583.0, 526.0, 516.0, 500.0], [470.0, 558.0, 502.0, 547.0, 502.0, 563.0, 482.0, 581.0], [497.0, 567.0, 523.0, 577.0, 516.0, 600.0, 485.0, 586.0], [525.0, 578.0, 580.0, 543.0, 592.0, 582.0, 528.0, 611.0], [484.0, 623.0, 537.0, 621.0, 536.0, 645.0, 483.0, 647.0]], "detPolPoints": [], "gtCharPoints": [[[490.25, 516.3333333333334], [498.75, 507.00000000000006], [507.25, 497.6666666666667]], [[526.6, 486.55], [540.8000000000001, 491.65000000000003], [555.0, 496.75], [569.2, 501.85], [583.4, 506.95]], [[482.5, 565.875], [495.5, 558.625]], [[498.125, 579.5], [512.375, 585.5]], [[536.4166666666666, 589.1666666666666], [556.25, 578.5], [576.0833333333333, 567.8333333333333]], [[492.3333333333333, 634.6666666666666], [510.0, 634.0], [527.6666666666666, 633.3333333333333]]], "gtCharCounts": [0.0, 0.0, 0.0, 0.0, 0.0, 0.0], "gtDontCare": [2, 3, 5], "detDontCare": [], "evaluationParams": {"GT_PATH": "gt/gt_IC15.zip", "SUBMIT_PATH": "result/result_paddleOCR_IC15.zip", "OUTPUT_PATH": "output/", "PORT": 8080, "BOX_TYPE": "QUAD", "TRANSCRIPTION": true, "CONFIDENCES": false, "CRLF": false, "E2E": true, "CASE_SENSITIVE": true, "RS": true, "AREA_PRECISION_CONSTRAINT": 0.5, "GRANULARITY_PENALTY_WEIGHT": 1.0, "VERTICAL_ASPECT_RATIO_THRES": 2.0, "NUM_WORKERS": 2, "GT_SAMPLE_NAME_2_ID": "([0-9]+)", "DET_SAMPLE_NAME_2_ID": "([0-9]+)", "PER_SAMPLE_RESULTS": true}, "evaluationLog": "GT polygons: 6 (3 don't care) \nDET polygons: 0\n\nFind one-to-one matches\nFind one-to-many matches\nFind many-to-one matches\n<b>Detection | PRECISION\n</b><b>Detection | RECALL\n</b><b># of false positive chars\n</b>0\n=================================\n<b>End-to-End | Recall\n</b><b>End-to-End | Precision\n</b>", "EndtoEnd": {"precision": 0.0, "recall": 0.0, "hmean": 0, "recognition_score": 0.0}, "end2endMat": [[0.0, 0.0], [0.0, 0.0], [0.0, 0.0], [0.0, 0.0], [0.0, 0.0], [0.0, 0.0], [0.0, 0.0], [0.0, 0.0]], "gtTrans": ["THE", "WORLD", "##", "##", "OYS", "###"], "detTrans": [], "gtQuery": ["THE", "WORLD", "##", "##", "OYS", "###"], "detQuery": []}