{"Rawdata": {"det_correct_num_recall": 0.0, "det_correct_num_precision": 0.0, "chars_gt": 16, "chars_det": 0, "num_splitted": 0, "num_merged": 0, "num_false_positive": 0, "char_missed": 16, "char_overlapped": 0, "char_false_positive": 0, "e2e_correct_num_recall": 0.0, "e2e_correct_num_precision": 0.0, "chars_recog": 0, "e2e_char_missed": 16.0, "e2e_char_false_positive": 0.0, "e2e_recog_score_chars": 0, "e2e_recog_score_correct_num": 0.0}, "Detection": {"precision": 0.0, "recall": 0.0, "hmean": 0}, "pairs": [], "detectionMat": [[0.0, 0.0], [0.0, 0.0], [0.0, 0.0], [0.0, 0.0], [0.0, 0.0], [0.0, 0.0], [0.0, 0.0], [0.0, 0.0], [0.0, 0.0], [0.0, 0.0], [0.0, 0.0]], "precisionMat": [[], [], [], [], [], [], [], [], []], "gtPolPoints": [[53.0, 106.0, 152.0, 128.0, 151.0, 200.0, 55.0, 197.0], [51.0, 210.0, 160.0, 201.0, 163.0, 326.0, 61.0, 352.0], [78.0, 354.0, 157.0, 335.0, 161.0, 392.0, 84.0, 417.0], [67.0, 432.0, 173.0, 388.0, 177.0, 442.0, 74.0, 495.0], [651.0, 108.0, 666.0, 106.0, 666.0, 123.0, 651.0, 125.0], [431.0, 214.0, 475.0, 214.0, 475.0, 223.0, 431.0, 223.0], [1148.0, 207.0, 1180.0, 204.0, 1180.0, 220.0, 1149.0, 223.0], [1150.0, 188.0, 1166.0, 187.0, 1167.0, 200.0, 1150.0, 201.0], [110.0, 479.0, 151.0, 458.0, 152.0, 475.0, 112.0, 497.0]], "detPolPoints": [], "gtCharPoints": [[[70.25, 153.58333333333334], [102.75, 157.75], [135.25, 161.91666666666669]], [[82.375, 276.625], [135.125, 267.875]], [[90.75, 382.75], [110.25, 377.25], [129.75, 371.75], [149.25, 366.25]], [[80.95, 458.65], [101.85, 448.95], [122.75, 439.25], [143.65, 429.54999999999995], [164.55, 419.84999999999997]], [[654.75, 116.0], [662.25, 115.0]], [[435.4, 218.5], [444.2, 218.5], [453.0, 218.5], [461.79999999999995, 218.5], [470.59999999999997, 218.5]], [[1152.4375, 214.625], [1160.3125, 213.875], [1168.1875, 213.125], [1176.0625, 212.375]], [[1154.125, 194.25], [1162.375, 193.75]], [[117.75, 484.4166666666667], [131.25, 477.25], [144.75, 470.08333333333337]]], "gtCharCounts": [0.0, 0.0, 0.0, 0.0, 0.0, 0.0, 0.0, 0.0, 0.0], "gtDontCare": [1, 4, 5, 7, 8], "detDontCare": [], "evaluationParams": {"GT_PATH": "gt/gt_IC15.zip", "SUBMIT_PATH": "result/result_paddleOCR_IC15.zip", "OUTPUT_PATH": "output/", "PORT": 8080, "BOX_TYPE": "QUAD", "TRANSCRIPTION": true, "CONFIDENCES": false, "CRLF": false, "E2E": true, "CASE_SENSITIVE": true, "RS": true, "AREA_PRECISION_CONSTRAINT": 0.5, "GRANULARITY_PENALTY_WEIGHT": 1.0, "VERTICAL_ASPECT_RATIO_THRES": 2.0, "NUM_WORKERS": 2, "GT_SAMPLE_NAME_2_ID": "([0-9]+)", "DET_SAMPLE_NAME_2_ID": "([0-9]+)", "PER_SAMPLE_RESULTS": true}, "evaluationLog": "GT polygons: 9 (5 don't care) \nDET polygons: 0\n\nFind one-to-one matches\nFind one-to-many matches\nFind many-to-one matches\n<b>Detection | PRECISION\n</b><b>Detection | RECALL\n</b><b># of false positive chars\n</b>0\n=================================\n<b>End-to-End | Recall\n</b><b>End-to-End | Precision\n</b>", "EndtoEnd": {"precision": 0.0, "recall": 0.0, "hmean": 0, "recognition_score": 0.0}, "end2endMat": [[0.0, 0.0], [0.0, 0.0], [0.0, 0.0], [0.0, 0.0], [0.0, 0.0], [0.0, 0.0], [0.0, 0.0], [0.0, 0.0], [0.0, 0.0], [0.0, 0.0], [0.0, 0.0]], "gtTrans": ["END", "##", "MILE", "SPEED", "##", "#####", "gels", "##", "###"], "detTrans": [], "gtQuery": ["END", "##", "MILE", "SPEED", "##", "#####", "gels", "##", "###"], "detQuery": []}