{"Rawdata": {"det_correct_num_recall": 0.0, "det_correct_num_precision": 0.0, "chars_gt": 34, "chars_det": 0, "num_splitted": 0, "num_merged": 0, "num_false_positive": 0, "char_missed": 34, "char_overlapped": 0, "char_false_positive": 0, "e2e_correct_num_recall": 0.0, "e2e_correct_num_precision": 0.0, "chars_recog": 0, "e2e_char_missed": 34.0, "e2e_char_false_positive": 0.0, "e2e_recog_score_chars": 0, "e2e_recog_score_correct_num": 0.0}, "Detection": {"precision": 0.0, "recall": 0.0, "hmean": 0}, "pairs": [], "detectionMat": [[0.0, 0.0], [0.0, 0.0], [0.0, 0.0], [0.0, 0.0], [0.0, 0.0], [0.0, 0.0], [0.0, 0.0], [0.0, 0.0], [0.0, 0.0], [0.0, 0.0], [0.0, 0.0]], "precisionMat": [[], [], [], [], [], [], [], [], []], "gtPolPoints": [[40.0, 0.0, 123.0, 41.0, 121.0, 69.0, 29.0, 25.0], [121.0, 43.0, 136.0, 50.0, 133.0, 74.0, 119.0, 67.0], [136.0, 55.0, 183.0, 75.0, 179.0, 96.0, 132.0, 76.0], [41.0, 40.0, 124.0, 78.0, 121.0, 92.0, 39.0, 55.0], [123.0, 78.0, 175.0, 101.0, 172.0, 116.0, 120.0, 92.0], [0.0, 303.0, 223.0, 247.0, 233.0, 311.0, 10.0, 368.0], [2.0, 427.0, 160.0, 359.0, 178.0, 419.0, 20.0, 487.0], [844.0, 288.0, 877.0, 288.0, 889.0, 419.0, 856.0, 419.0], [44.0, 678.0, 79.0, 660.0, 86.0, 680.0, 51.0, 698.0]], "detPolPoints": [], "gtCharPoints": [[[41.791666666666664, 16.041666666666668], [56.375, 23.125], [70.95833333333333, 30.208333333333336], [85.54166666666666, 37.29166666666667], [100.125, 44.375], [114.70833333333334, 51.45833333333333]], [[123.625, 56.75], [130.875, 60.25]], [[139.875, 68.0], [151.625, 73.0], [163.375, 78.0], [175.125, 83.0]], [[44.583333333333336, 49.583333333333336], [53.75, 53.75], [62.91666666666667, 57.91666666666667], [72.08333333333334, 62.083333333333336], [81.25, 66.25], [90.41666666666666, 70.41666666666667], [99.58333333333334, 74.58333333333334], [108.75, 78.75], [117.91666666666666, 82.91666666666667]], [[128.0, 87.9375], [141.0, 93.8125], [154.0, 99.6875], [167.0, 105.5625]], [[23.583333333333332, 330.7916666666667], [60.75, 321.375], [97.91666666666666, 311.95833333333337], [135.08333333333334, 302.5416666666667], [172.25, 293.125], [209.41666666666666, 283.70833333333337]], [[30.75, 448.5], [70.25, 431.5], [109.75, 414.5], [149.25, 397.5]], [[871.3, 405.9], [868.9, 379.7], [866.5, 353.5], [864.0999999999999, 327.29999999999995], [861.6999999999999, 301.09999999999997]], [[56.25, 683.5], [73.75, 674.5]]], "gtCharCounts": [0.0, 0.0, 0.0, 0.0, 0.0, 0.0, 0.0, 0.0, 0.0], "gtDontCare": [1, 4, 8], "detDontCare": [], "evaluationParams": {"GT_PATH": "gt/gt_IC15.zip", "SUBMIT_PATH": "result/result_paddleOCR_IC15.zip", "OUTPUT_PATH": "output/", "PORT": 8080, "BOX_TYPE": "QUAD", "TRANSCRIPTION": true, "CONFIDENCES": false, "CRLF": false, "E2E": true, "CASE_SENSITIVE": true, "RS": true, "AREA_PRECISION_CONSTRAINT": 0.5, "GRANULARITY_PENALTY_WEIGHT": 1.0, "VERTICAL_ASPECT_RATIO_THRES": 2.0, "NUM_WORKERS": 2, "GT_SAMPLE_NAME_2_ID": "([0-9]+)", "DET_SAMPLE_NAME_2_ID": "([0-9]+)", "PER_SAMPLE_RESULTS": true}, "evaluationLog": "GT polygons: 9 (3 don't care) \nDET polygons: 0\n\nFind one-to-one matches\nFind one-to-many matches\nFind many-to-one matches\n<b>Detection | PRECISION\n</b><b>Detection | RECALL\n</b><b># of false positive chars\n</b>0\n=================================\n<b>End-to-End | Recall\n</b><b>End-to-End | Precision\n</b>", "EndtoEnd": {"precision": 0.0, "recall": 0.0, "hmean": 0, "recognition_score": 0.0}, "end2endMat": [[0.0, 0.0], [0.0, 0.0], [0.0, 0.0], [0.0, 0.0], [0.0, 0.0], [0.0, 0.0], [0.0, 0.0], [0.0, 0.0], [0.0, 0.0], [0.0, 0.0], [0.0, 0.0]], "gtTrans": ["SCOTCH", "##", "SODA", "AMSTERDAM", "####", "pening", "Soon", "VUEDA", "##"], "detTrans": [], "gtQuery": ["SCOTCH", "##", "SODA", "AMSTERDAM", "####", "pening", "Soon", "VUEDA", "##"], "detQuery": []}