{"Rawdata": {"det_correct_num_recall": 7.0, "det_correct_num_precision": 7.0, "chars_gt": 23, "chars_det": 7.0, "num_splitted": 0, "num_merged": 0, "num_false_positive": 0, "char_missed": 16, "char_overlapped": 0, "char_false_positive": 0, "e2e_correct_num_recall": 7.0, "e2e_correct_num_precision": 7.0, "chars_recog": 17, "e2e_char_missed": 16.0, "e2e_char_false_positive": 10.0, "e2e_recog_score_chars": 17, "e2e_recog_score_correct_num": 7.0}, "Detection": {"precision": 1.0, "recall": 0.30434782608695654, "hmean": 0.4666666666666667}, "pairs": [{"gt": [5], "det": [0], "type": "OO"}], "detectionMat": [[0.0, 0.0, 0.0], [0.0, 0.0, 0.0], [0.0, 0.0, 0.0], [0.0, 0.0, 0.0], [0.0, 0.0, 0.0], [7.0, 7.0, 0.0], [7.0, 0.0, 0.0], [0.0, 0.0, 0.0]], "precisionMat": [[0.0], [0.0], [0.0], [0.0], [0.0], [0.918243423736122]], "gtPolPoints": [[47.0, 0.0, 103.0, 11.0, 103.0, 17.0, 47.0, 6.0], [108.0, 8.0, 145.0, 14.0, 142.0, 31.0, 106.0, 25.0], [173.0, 148.0, 267.0, 150.0, 265.0, 171.0, 171.0, 170.0], [268.0, 154.0, 313.0, 154.0, 311.0, 170.0, 266.0, 170.0], [312.0, 145.0, 519.0, 136.0, 518.0, 160.0, 311.0, 168.0], [910.0, 67.0, 1122.0, 0.0, 1148.0, 37.0, 921.0, 110.0]], "detPolPoints": [[910.0, 62.0, 1132.0, 0.0, 1147.0, 41.0, 924.0, 109.0]], "gtCharPoints": [[[49.8, 3.55], [55.4, 4.65], [61.0, 5.75], [66.6, 6.85], [72.19999999999999, 7.95], [77.8, 9.05], [83.39999999999999, 10.15], [89.0, 11.25], [94.6, 12.350000000000001], [100.19999999999999, 13.45]], [[113.08333333333333, 17.5], [125.25, 19.5], [137.41666666666666, 21.5]], [[181.4, 159.15], [200.20000000000002, 159.45000000000002], [219.0, 159.75], [237.8, 160.05], [256.6, 160.35]], [[274.5, 162.0], [289.5, 162.0], [304.5, 162.0]], [[320.90909090909093, 156.11363636363637], [339.72727272727275, 155.3409090909091], [358.54545454545456, 154.56818181818184], [377.3636363636364, 153.79545454545456], [396.1818181818182, 153.02272727272728], [415.0, 152.25], [433.81818181818187, 151.47727272727275], [452.6363636363636, 150.70454545454547], [471.4545454545455, 149.9318181818182], [490.27272727272725, 149.1590909090909], [509.0909090909091, 148.38636363636365]], [[931.1785714285714, 83.5], [962.5357142857143, 73.5], [993.8928571428571, 63.5], [1025.25, 53.5], [1056.607142857143, 43.5], [1087.9642857142858, 33.5], [1119.3214285714287, 23.5]]], "gtCharCounts": [[0.0, 0.0, 0.0, 0.0, 0.0, 0.0, 0.0, 0.0, 0.0, 0.0], [0.0, 0.0, 0.0], [0.0, 0.0, 0.0, 0.0, 0.0], [0.0, 0.0, 0.0], [0.0, 0.0, 0.0, 0.0, 0.0, 0.0, 0.0, 0.0, 0.0, 0.0, 0.0], [1.0, 1.0, 1.0, 1.0, 1.0, 1.0, 1.0]], "gtDontCare": [0, 1, 3], "detDontCare": [], "evaluationParams": {"GT_PATH": "gt/gt_IC15.zip", "SUBMIT_PATH": "result/result_paddleOCR_IC15.zip", "OUTPUT_PATH": "output/", "PORT": 8080, "BOX_TYPE": "QUAD", "TRANSCRIPTION": true, "CONFIDENCES": false, "CRLF": false, "E2E": true, "CASE_SENSITIVE": true, "RS": true, "AREA_PRECISION_CONSTRAINT": 0.5, "GRANULARITY_PENALTY_WEIGHT": 1.0, "VERTICAL_ASPECT_RATIO_THRES": 2.0, "NUM_WORKERS": 2, "GT_SAMPLE_NAME_2_ID": "([0-9]+)", "DET_SAMPLE_NAME_2_ID": "([0-9]+)", "PER_SAMPLE_RESULTS": true}, "evaluationLog": "GT polygons: 6 (3 don't care) \nDET polygons: 1\n\nFind one-to-one matches\nMatch GT #5 with Det #0\nFind one-to-many matches\nFind many-to-one matches\n<b>Detection | PRECISION\n</b><b>Detection | RECALL\n</b><b># of false positive chars\n</b>0\n=================================\n<b>End-to-End | Recall\n</b><b>End-to-End | Precision\n</b>", "EndtoEnd": {"precision": 0.4117647058823529, "recall": 0.30434782608695654, "hmean": 0.35, "recognition_score": 0.4117647058823529}, "end2endMat": [[0.0, 0.0, 0.0], [0.0, 0.0, 0.0], [0.0, 0.0, 0.0], [0.0, 0.0, 0.0], [0.0, 0.0, 0.0], [0.0, 7.0, 0.0], [7.0, 0.0, 0.0], [0.0, 0.0, 0.0]], "gtTrans": ["##########", "###", "DIANE", "###", "FURSTENBERG", "MaxMara"], "detTrans": ["MaxMara,0.9988843"], "gtQuery": ["##########", "###", "DIANE", "###", "FURSTENBERG", "MaxMara"], "detQuery": ["MaxMara,0.9988843"]}