{"Rawdata": {"det_correct_num_recall": 17.0, "det_correct_num_precision": 16.0, "chars_gt": 21, "chars_det": 17.0, "num_splitted": 0, "num_merged": 1, "num_false_positive": 0, "char_missed": 4, "char_overlapped": 0, "char_false_positive": 0, "e2e_correct_num_recall": 17.0, "e2e_correct_num_precision": 16.0, "chars_recog": 41, "e2e_char_missed": 4.0, "e2e_char_false_positive": 24.0, "e2e_recog_score_chars": 41, "e2e_recog_score_correct_num": 17.0}, "Detection": {"precision": 0.9411764705882353, "recall": 0.8095238095238095, "hmean": 0.8704}, "pairs": [{"gt": [0], "det": [1], "type": "OO"}, {"gt": [3], "det": [0], "type": "OO"}, {"gt": [0, 1], "det": [1], "type": "MO"}], "detectionMat": [[0.0, 6.0, 6.0, 0.0], [0.0, 5.0, 5.0, 0.0], [0.0, 0.0, 0.0, 0.0], [6.0, 0.0, 6.0, 0.0], [6.0, 11.0, 0.0, 0.0], [0.0, 1.0, 0.0, 0.0]], "precisionMat": [[0.0, 0.5039818663101531], [0.0, 0.34065948762593845], [0.0, 0.0], [0.7565120004721849, 0.0]], "gtPolPoints": [[26.0, 107.0, 135.0, 103.0, 135.0, 141.0, 27.0, 141.0], [128.0, 103.0, 213.0, 101.0, 213.0, 138.0, 133.0, 136.0], [426.0, 58.0, 475.0, 57.0, 476.0, 78.0, 427.0, 80.0], [908.0, 68.0, 1107.0, 25.0, 1116.0, 66.0, 912.0, 102.0]], "detPolPoints": [[911.0, 59.0, 1148.0, 19.0, 1155.0, 60.0, 918.0, 100.0], [34.0, 102.0, 207.0, 105.0, 206.0, 147.0, 33.0, 144.0]], "gtCharPoints": [[[35.541666666666664, 123.83333333333333], [53.625, 123.5], [71.70833333333333, 123.16666666666666], [89.79166666666666, 122.83333333333333], [107.875, 122.5], [125.95833333333331, 122.16666666666666]], [[138.75, 119.5], [155.25, 119.5], [171.75, 119.5], [188.25, 119.5], [204.75, 119.5]], [[432.625, 68.8125], [444.875, 68.4375], [457.125, 68.0625], [469.375, 67.6875]], [[926.7916666666666, 81.70833333333333], [960.375, 75.125], [993.9583333333333, 68.54166666666666], [1027.5416666666665, 61.95833333333333], [1061.125, 55.375], [1094.7083333333333, 48.791666666666664]]], "gtCharCounts": [[1.0, 1.0, 1.0, 1.0, 1.0, 1.0], [1.0, 1.0, 1.0, 1.0, 1.0], [0.0, 0.0, 0.0, 0.0], [1.0, 1.0, 1.0, 1.0, 1.0, 1.0]], "gtDontCare": [], "detDontCare": [], "evaluationParams": {"GT_PATH": "gt/gt_IC15.zip", "SUBMIT_PATH": "result/result_paddleOCR_IC15.zip", "OUTPUT_PATH": "output/", "PORT": 8080, "BOX_TYPE": "QUAD", "TRANSCRIPTION": true, "CONFIDENCES": false, "CRLF": false, "E2E": true, "CASE_SENSITIVE": true, "RS": true, "AREA_PRECISION_CONSTRAINT": 0.5, "GRANULARITY_PENALTY_WEIGHT": 1.0, "VERTICAL_ASPECT_RATIO_THRES": 2.0, "NUM_WORKERS": 2, "GT_SAMPLE_NAME_2_ID": "([0-9]+)", "DET_SAMPLE_NAME_2_ID": "([0-9]+)", "PER_SAMPLE_RESULTS": true}, "evaluationLog": "GT polygons: 4 (0 don't care) \nDET polygons: 2\n\nFind one-to-one matches\nMatch GT #0 with Det #1\nMatch GT #3 with Det #0\nFind one-to-many matches\nFind many-to-one matches\nMatch GT #[0, 1] with Det #1\n<b>Detection | PRECISION\n</b><b>Detection | RECALL\n</b><b># of false positive chars\n</b>0\n=================================\n<b>End-to-End | Recall\n</b><b>End-to-End | Precision\n</b>", "EndtoEnd": {"precision": 0.3902439024390244, "recall": 0.8095238095238095, "hmean": 0.526621490803485, "recognition_score": 0.4146341463414634}, "end2endMat": [[0.0, 0.0, 6.0, 0.0], [0.0, 0.0, 5.0, 0.0], [0.0, 0.0, 0.0, 0.0], [0.0, 0.0, 6.0, 0.0], [6.0, 11.0, 0.0, 0.0], [0.0, 1.0, 0.0, 0.0]], "gtTrans": ["Calvin", "Klein", "EXIT", "swatch"], "detTrans": ["swatch+,0.96748704", "Calvin Klein,0.97285986"], "gtQuery": ["Calvin", "Klein", "EXIT", "swatch"], "detQuery": ["swatch+,0.96748704", "Calvin Klein,0.97285986"]}