{"Rawdata": {"det_correct_num_recall": 0.0, "det_correct_num_precision": 0.0, "chars_gt": 10, "chars_det": 5.0, "num_splitted": 0, "num_merged": 0, "num_false_positive": 1, "char_missed": 10, "char_overlapped": 0, "char_false_positive": 5, "e2e_correct_num_recall": 0.0, "e2e_correct_num_precision": 0.0, "chars_recog": 17, "e2e_char_missed": 10.0, "e2e_char_false_positive": 17.0, "e2e_recog_score_chars": 0, "e2e_recog_score_correct_num": 0.0}, "Detection": {"precision": 0.0, "recall": 0.0, "hmean": 0}, "pairs": [], "detectionMat": [[0.0, 0.0, 0.0], [0.0, 0.0, 0.0], [0.0, 0.0, 0.0], [0.0, 0.0, 0.0], [0.0, 0.0, 0.0], [0.0, 0.0, 0.0], [0.0, 0.0, 0.0], [0.0, 0.0, 0.0]], "precisionMat": [[0.2532641182947931], [0.1554192229038855], [0.0], [0.0], [0.0], [0.0]], "gtPolPoints": [[754.0, 311.0, 816.0, 309.0, 815.0, 335.0, 753.0, 337.0], [820.0, 311.0, 872.0, 308.0, 872.0, 327.0, 820.0, 330.0], [884.0, 247.0, 1076.0, 245.0, 1079.0, 274.0, 887.0, 276.0], [1041.0, 335.0, 1077.0, 331.0, 1077.0, 343.0, 1041.0, 347.0], [1133.0, 334.0, 1186.0, 328.0, 1187.0, 351.0, 1134.0, 357.0], [1129.0, 72.0, 1163.0, 59.0, 1186.0, 101.0, 1152.0, 114.0]], "detPolPoints": [[740.0, 301.0, 905.0, 296.0, 906.0, 335.0, 741.0, 339.0]], "gtCharPoints": [[[758.6666666666666, 323.8333333333333], [769.0, 323.5], [779.3333333333333, 323.16666666666663], [789.6666666666666, 322.8333333333333], [800.0, 322.5], [810.3333333333333, 322.16666666666663]], [[826.5, 320.125], [839.5, 319.375], [852.5, 318.625], [865.5, 317.875]], [[899.2142857142857, 261.35714285714283], [926.6428571428571, 261.07142857142856], [954.0714285714286, 260.7857142857143], [981.5, 260.5], [1008.9285714285713, 260.21428571428567], [1036.357142857143, 259.9285714285714], [1063.7857142857142, 259.6428571428571]], [[1045.5, 340.5], [1054.5, 339.5], [1063.5, 338.5], [1072.5, 337.5]], [[1142.3333333333333, 344.5], [1160.0, 342.5], [1177.6666666666665, 340.5]], [[1149.0, 89.75], [1166.0, 83.25]]], "gtCharCounts": [[0.0, 0.0, 0.0, 0.0, 0.0, 0.0], [0.0, 0.0, 0.0, 0.0], [0.0, 0.0, 0.0, 0.0, 0.0, 0.0, 0.0], [0.0, 0.0, 0.0, 0.0], [0.0, 0.0, 0.0], [0.0, 0.0]], "gtDontCare": [2, 3, 4, 5], "detDontCare": [], "evaluationParams": {"GT_PATH": "gt/gt_IC15.zip", "SUBMIT_PATH": "result/result_paddleOCR_IC15.zip", "OUTPUT_PATH": "output/", "PORT": 8080, "BOX_TYPE": "QUAD", "TRANSCRIPTION": true, "CONFIDENCES": false, "CRLF": false, "E2E": true, "CASE_SENSITIVE": true, "RS": true, "AREA_PRECISION_CONSTRAINT": 0.5, "GRANULARITY_PENALTY_WEIGHT": 1.0, "VERTICAL_ASPECT_RATIO_THRES": 2.0, "NUM_WORKERS": 2, "GT_SAMPLE_NAME_2_ID": "([0-9]+)", "DET_SAMPLE_NAME_2_ID": "([0-9]+)", "PER_SAMPLE_RESULTS": true}, "evaluationLog": "GT polygons: 6 (4 don't care) \nDET polygons: 1\n\nFind one-to-one matches\nFind one-to-many matches\nFind many-to-one matches\n<b>Detection | PRECISION\n</b><b>Detection | RECALL\n</b><b># of false positive chars\n</b>5\n=================================\n<b>End-to-End | Recall\n</b><b>End-to-End | Precision\n</b>", "EndtoEnd": {"precision": 0.0, "recall": 0.0, "hmean": 0, "recognition_score": 0.0}, "end2endMat": [[0.0, 0.0, 0.0], [0.0, 0.0, 0.0], [0.0, 0.0, 0.0], [0.0, 0.0, 0.0], [0.0, 0.0, 0.0], [0.0, 0.0, 0.0], [0.0, 0.0, 0.0], [0.0, 0.0, 0.0]], "gtTrans": ["coffee", "club", "#######", "####", "###", "##"], "detTrans": ["Cfeeclu,0.8461313"], "gtQuery": ["coffee", "club", "#######", "####", "###", "##"], "detQuery": ["Cfeeclu,0.8461313"]}