{"Rawdata": {"det_correct_num_recall": 0.0, "det_correct_num_precision": 0.0, "chars_gt": 7, "chars_det": 0, "num_splitted": 0, "num_merged": 0, "num_false_positive": 0, "char_missed": 7, "char_overlapped": 0, "char_false_positive": 0, "e2e_correct_num_recall": 0.0, "e2e_correct_num_precision": 0.0, "chars_recog": 0, "e2e_char_missed": 7.0, "e2e_char_false_positive": 0.0, "e2e_recog_score_chars": 0, "e2e_recog_score_correct_num": 0.0}, "Detection": {"precision": 0.0, "recall": 0.0, "hmean": 0}, "pairs": [], "detectionMat": [[0.0, 0.0], [0.0, 0.0], [0.0, 0.0], [0.0, 0.0], [0.0, 0.0], [0.0, 0.0], [0.0, 0.0], [0.0, 0.0]], "precisionMat": [[], [], [], [], [], []], "gtPolPoints": [[0.0, 318.0, 77.0, 300.0, 84.0, 327.0, 5.0, 344.0], [8.0, 348.0, 51.0, 339.0, 54.0, 358.0, 23.0, 367.0], [43.0, 338.0, 70.0, 330.0, 76.0, 351.0, 51.0, 358.0], [276.0, 278.0, 353.0, 260.0, 359.0, 292.0, 272.0, 317.0], [833.0, 27.0, 864.0, 22.0, 871.0, 42.0, 838.0, 50.0], [570.0, 144.0, 640.0, 148.0, 640.0, 164.0, 570.0, 161.0]], "detPolPoints": [], "gtCharPoints": [[[12.25, 328.8125], [31.75, 324.4375], [51.25, 320.0625], [70.75, 315.6875]], [[24.75, 355.25], [43.25, 350.75]], [[53.5, 346.125], [66.5, 342.375]], [[287.6666666666667, 293.9166666666667], [315.0, 286.75], [342.33333333333337, 279.58333333333337]], [[843.5, 36.875], [859.5, 33.625]], [[577.0, 152.85], [591.0, 153.54999999999998], [605.0, 154.25], [619.0, 154.95], [633.0, 155.65]]], "gtCharCounts": [0.0, 0.0, 0.0, 0.0, 0.0, 0.0], "gtDontCare": [1, 2, 4, 5], "detDontCare": [], "evaluationParams": {"GT_PATH": "gt/gt_IC15.zip", "SUBMIT_PATH": "result/result_paddleOCR_IC15.zip", "OUTPUT_PATH": "output/", "PORT": 8080, "BOX_TYPE": "QUAD", "TRANSCRIPTION": true, "CONFIDENCES": false, "CRLF": false, "E2E": true, "CASE_SENSITIVE": true, "RS": true, "AREA_PRECISION_CONSTRAINT": 0.5, "GRANULARITY_PENALTY_WEIGHT": 1.0, "VERTICAL_ASPECT_RATIO_THRES": 2.0, "NUM_WORKERS": 2, "GT_SAMPLE_NAME_2_ID": "([0-9]+)", "DET_SAMPLE_NAME_2_ID": "([0-9]+)", "PER_SAMPLE_RESULTS": true}, "evaluationLog": "GT polygons: 6 (4 don't care) \nDET polygons: 0\n\nFind one-to-one matches\nFind one-to-many matches\nFind many-to-one matches\n<b>Detection | PRECISION\n</b><b>Detection | RECALL\n</b><b># of false positive chars\n</b>0\n=================================\n<b>End-to-End | Recall\n</b><b>End-to-End | Precision\n</b>", "EndtoEnd": {"precision": 0.0, "recall": 0.0, "hmean": 0, "recognition_score": 0.0}, "end2endMat": [[0.0, 0.0], [0.0, 0.0], [0.0, 0.0], [0.0, 0.0], [0.0, 0.0], [0.0, 0.0], [0.0, 0.0], [0.0, 0.0]], "gtTrans": ["NETS", "##", "##", "AXS", "##", "#####"], "detTrans": [], "gtQuery": ["NETS", "##", "##", "AXS", "##", "#####"], "detQuery": []}