{"Rawdata": {"det_correct_num_recall": 6.0, "det_correct_num_precision": 5.0, "chars_gt": 6, "chars_det": 6.0, "num_splitted": 0, "num_merged": 1, "num_false_positive": 0, "char_missed": 0, "char_overlapped": 0, "char_false_positive": 0, "e2e_correct_num_recall": 5.0, "e2e_correct_num_precision": 4.0, "chars_recog": 17, "e2e_char_missed": 1.0, "e2e_char_false_positive": 12.0, "e2e_recog_score_chars": 17, "e2e_recog_score_correct_num": 5.0}, "Detection": {"precision": 0.8333333333333334, "recall": 1.0, "hmean": 0.9090909090909091}, "pairs": [{"gt": [0, 1], "det": [0], "type": "MO"}], "detectionMat": [[3.0, 3.0, 0.0], [3.0, 3.0, 0.0], [0.0, 0.0, 0.0], [0.0, 0.0, 0.0], [6.0, 0.0, 0.0], [1.0, 0.0, 0.0]], "precisionMat": [[0.43276054147341847], [0.36743280625540325], [0.0], [0.0]], "gtPolPoints": [[220.0, 35.0, 296.0, 54.0, 299.0, 100.0, 222.0, 80.0], [299.0, 43.0, 348.0, 58.0, 355.0, 113.0, 295.0, 99.0], [270.0, 95.0, 354.0, 110.0, 355.0, 132.0, 270.0, 119.0], [106.0, 193.0, 254.0, 194.0, 255.0, 220.0, 107.0, 218.0]], "detPolPoints": [[218.0, 25.0, 361.0, 58.0, 348.0, 111.0, 206.0, 77.0]], "gtCharPoints": [[[233.75, 60.75], [259.25, 67.25], [284.75, 73.75]], [[306.0833333333333, 73.41666666666667], [324.25, 78.25], [342.41666666666663, 83.08333333333334]], [[280.5625, 108.75], [301.6875, 112.25], [322.8125, 115.75], [343.9375, 119.25]], [[118.83333333333333, 205.625], [143.5, 205.875], [168.16666666666666, 206.125], [192.83333333333331, 206.375], [217.5, 206.625], [242.16666666666669, 206.875]]], "gtCharCounts": [[1.0, 1.0, 1.0], [1.0, 1.0, 1.0], [0.0, 0.0, 0.0, 0.0], [0.0, 0.0, 0.0, 0.0, 0.0, 0.0]], "gtDontCare": [2, 3], "detDontCare": [], "evaluationParams": {"GT_PATH": "gt/gt_IC15.zip", "SUBMIT_PATH": "result/result_paddleOCR_IC15.zip", "OUTPUT_PATH": "output/", "PORT": 8080, "BOX_TYPE": "QUAD", "TRANSCRIPTION": true, "CONFIDENCES": false, "CRLF": false, "E2E": true, "CASE_SENSITIVE": true, "RS": true, "AREA_PRECISION_CONSTRAINT": 0.5, "GRANULARITY_PENALTY_WEIGHT": 1.0, "VERTICAL_ASPECT_RATIO_THRES": 2.0, "NUM_WORKERS": 2, "GT_SAMPLE_NAME_2_ID": "([0-9]+)", "DET_SAMPLE_NAME_2_ID": "([0-9]+)", "PER_SAMPLE_RESULTS": true}, "evaluationLog": "GT polygons: 4 (2 don't care) \nDET polygons: 1\n\nFind one-to-one matches\nFind one-to-many matches\nFind many-to-one matches\nMatch GT #[0, 1] with Det #0\n<b>Detection | PRECISION\n</b><b>Detection | RECALL\n</b><b># of false positive chars\n</b>0\n=================================\n<b>End-to-End | Recall\n</b><b>End-to-End | Precision\n</b>", "EndtoEnd": {"precision": 0.23529411764705882, "recall": 0.8333333333333334, "hmean": 0.3669724770642202, "recognition_score": 0.29411764705882354}, "end2endMat": [[0.0, 3.0, 0.0], [0.0, 2.0, 0.0], [0.0, 0.0, 0.0], [0.0, 0.0, 0.0], [5.0, 0.0, 0.0], [1.0, 0.0, 0.0]], "gtTrans": ["any", "SIS", "####", "######"], "detTrans": ["anySiS,0.87512034"], "gtQuery": ["any", "SIS", "####", "######"], "detQuery": ["anySiS,0.87512034"]}