{"Rawdata": {"det_correct_num_recall": 6.0, "det_correct_num_precision": 6.0, "chars_gt": 23, "chars_det": 10.0, "num_splitted": 0, "num_merged": 0, "num_false_positive": 1, "char_missed": 17, "char_overlapped": 0, "char_false_positive": 4, "e2e_correct_num_recall": 6.0, "e2e_correct_num_precision": 6.0, "chars_recog": 35, "e2e_char_missed": 17.0, "e2e_char_false_positive": 29.0, "e2e_recog_score_chars": 16, "e2e_recog_score_correct_num": 6.0}, "Detection": {"precision": 0.6, "recall": 0.2608695652173913, "hmean": 0.36363636363636365}, "pairs": [{"gt": [1], "det": [0], "type": "OO"}], "detectionMat": [[0.0, 0.0, 0.0, 0.0], [6.0, 0.0, 6.0, 0.0], [0.0, 0.0, 0.0, 0.0], [0.0, 0.0, 0.0, 0.0], [0.0, 0.0, 0.0, 0.0], [0.0, 0.0, 0.0, 0.0], [0.0, 0.0, 0.0, 0.0], [0.0, 0.0, 0.0, 0.0], [0.0, 0.0, 0.0, 0.0], [0.0, 0.0, 0.0, 0.0], [6.0, 0.0, 0.0, 0.0], [0.0, 0.0, 0.0, 0.0]], "precisionMat": [[0.0, 0.0], [0.7657785554414738, 0.0], [0.0, 0.3056268653287355], [0.0, 0.4808937823834197], [0.0, 0.0], [0.0, 0.0], [0.0, 0.0], [0.0, 0.0], [0.0, 0.0], [0.0, 0.0]], "gtPolPoints": [[437.0, 1.0, 600.0, 104.0, 600.0, 150.0, 397.0, 33.0], [26.0, 145.0, 122.0, 162.0, 119.0, 185.0, 23.0, 168.0], [21.0, 177.0, 62.0, 183.0, 55.0, 205.0, 14.0, 199.0], [64.0, 183.0, 124.0, 192.0, 119.0, 216.0, 59.0, 207.0], [261.0, 281.0, 294.0, 280.0, 291.0, 299.0, 259.0, 300.0], [294.0, 280.0, 320.0, 282.0, 317.0, 300.0, 290.0, 298.0], [262.0, 304.0, 320.0, 305.0, 318.0, 323.0, 260.0, 321.0], [267.0, 329.0, 311.0, 329.0, 310.0, 346.0, 266.0, 347.0], [285.0, 717.0, 336.0, 684.0, 337.0, 713.0, 319.0, 719.0], [441.0, 610.0, 512.0, 565.0, 513.0, 598.0, 442.0, 643.0]], "detPolPoints": [[28.0, 137.0, 123.0, 158.0, 117.0, 187.0, 22.0, 166.0], [20.0, 172.0, 126.0, 192.0, 120.0, 220.0, 14.0, 200.0]], "gtCharPoints": [[[435.3, 28.0], [471.90000000000003, 50.0], [508.5, 72.0], [545.1, 94.0], [581.7, 116.0]], [[32.5, 157.91666666666666], [48.5, 160.75], [64.5, 163.58333333333331], [80.5, 166.41666666666666], [96.5, 169.25], [112.5, 172.08333333333331]], [[27.75, 189.5], [48.25, 192.5]], [[67.5, 195.9], [79.5, 197.70000000000002], [91.5, 199.5], [103.5, 201.3], [115.5, 203.1]], [[268.125, 290.25], [284.375, 289.75]], [[298.625, 289.5], [311.875, 290.5]], [[265.14285714285717, 312.60714285714283], [273.42857142857144, 312.82142857142856], [281.7142857142857, 313.0357142857143], [290.0, 313.25], [298.28571428571433, 313.46428571428567], [306.5714285714286, 313.6785714285714], [314.8571428571429, 313.8928571428571]], [[273.8333333333333, 337.9166666666667], [288.5, 337.75], [303.16666666666663, 337.58333333333337]], [[310.625, 713.125], [327.875, 703.375]], [[453.3333333333333, 619.0], [477.0, 604.0], [500.66666666666663, 589.0]]], "gtCharCounts": [[0.0, 0.0, 0.0, 0.0, 0.0], [1.0, 1.0, 1.0, 1.0, 1.0, 1.0], [0.0, 0.0], [0.0, 0.0, 0.0, 0.0, 0.0], [0.0, 0.0], [0.0, 0.0], [0.0, 0.0, 0.0, 0.0, 0.0, 0.0, 0.0], [0.0, 0.0, 0.0], [0.0, 0.0], [0.0, 0.0, 0.0]], "gtDontCare": [2, 4, 5, 7, 8, 9], "detDontCare": [], "evaluationParams": {"GT_PATH": "gt/gt_IC15.zip", "SUBMIT_PATH": "result/result_paddleOCR_IC15.zip", "OUTPUT_PATH": "output/", "PORT": 8080, "BOX_TYPE": "QUAD", "TRANSCRIPTION": true, "CONFIDENCES": false, "CRLF": false, "E2E": true, "CASE_SENSITIVE": true, "RS": true, "AREA_PRECISION_CONSTRAINT": 0.5, "GRANULARITY_PENALTY_WEIGHT": 1.0, "VERTICAL_ASPECT_RATIO_THRES": 2.0, "NUM_WORKERS": 2, "GT_SAMPLE_NAME_2_ID": "([0-9]+)", "DET_SAMPLE_NAME_2_ID": "([0-9]+)", "PER_SAMPLE_RESULTS": true}, "evaluationLog": "GT polygons: 10 (6 don't care) \nDET polygons: 2\n\nFind one-to-one matches\nMatch GT #1 with Det #0\nFind one-to-many matches\nFind many-to-one matches\n<b>Detection | PRECISION\n</b><b>Detection | RECALL\n</b><b># of false positive chars\n</b>4\n=================================\n<b>End-to-End | Recall\n</b><b>End-to-End | Precision\n</b>", "EndtoEnd": {"precision": 0.17142857142857143, "recall": 0.2608695652173913, "hmean": 0.20689655172413796, "recognition_score": 0.375}, "end2endMat": [[0.0, 0.0, 0.0, 0.0], [0.0, 0.0, 6.0, 0.0], [0.0, 0.0, 0.0, 0.0], [0.0, 0.0, 0.0, 0.0], [0.0, 0.0, 0.0, 0.0], [0.0, 0.0, 0.0, 0.0], [0.0, 0.0, 0.0, 0.0], [0.0, 0.0, 0.0, 0.0], [0.0, 0.0, 0.0, 0.0], [0.0, 0.0, 0.0, 0.0], [6.0, 0.0, 0.0, 0.0], [0.0, 0.0, 0.0, 0.0]], "gtTrans": ["eauty", "PAMPER", "##", "SKIN!", "##", "##", "PERFECT", "###", "##", "###"], "detTrans": ["PAMPER,0.9951969", "MY SKIN!,0.95702446"], "gtQuery": ["eauty", "PAMPER", "##", "SKIN!", "##", "##", "PERFECT", "###", "##", "###"], "detQuery": ["PAMPER,0.9951969", "MY SKIN!,0.95702446"]}