{"Rawdata": {"det_correct_num_recall": 22.0, "det_correct_num_precision": 22.0, "chars_gt": 22, "chars_det": 22.0, "num_splitted": 0, "num_merged": 0, "num_false_positive": 0, "char_missed": 0, "char_overlapped": 0, "char_false_positive": 0, "e2e_correct_num_recall": 19.0, "e2e_correct_num_precision": 19.0, "chars_recog": 62, "e2e_char_missed": 3.0, "e2e_char_false_positive": 43.0, "e2e_recog_score_chars": 62, "e2e_recog_score_correct_num": 19.0}, "Detection": {"precision": 1.0, "recall": 1.0, "hmean": 1.0}, "pairs": [{"gt": [0], "det": [0], "type": "OO"}, {"gt": [1], "det": [1], "type": "OO"}, {"gt": [2], "det": [2], "type": "OO"}, {"gt": [3], "det": [3], "type": "OO"}], "detectionMat": [[5.0, 0.0, 0.0, 0.0, 5.0, 0.0], [0.0, 4.0, 0.0, 0.0, 4.0, 0.0], [0.0, 0.0, 9.0, 0.0, 9.0, 0.0], [0.0, 0.0, 0.0, 4.0, 4.0, 0.0], [0.0, 0.0, 0.0, 0.0, 0.0, 0.0], [5.0, 4.0, 9.0, 4.0, 0.0, 0.0], [0.0, 0.0, 0.0, 0.0, 0.0, 0.0]], "precisionMat": [[0.840164815966907, 0.006698204252342865, 0.0, 0.0], [0.0, 0.7648494967301702, 0.0, 0.0], [0.0, 0.1450036647935492, 1.0, 0.2673161102051326], [0.0, 0.0, 0.003958602829125066, 0.928029967072404], [0.0, 0.0, 0.0, 0.0]], "gtPolPoints": [[622.0, 210.0, 730.0, 196.0, 735.0, 225.0, 627.0, 239.0], [607.0, 244.0, 725.0, 228.0, 731.0, 265.0, 613.0, 281.0], [537.0, 283.0, 755.0, 253.0, 762.0, 316.0, 545.0, 346.0], [608.0, 325.0, 760.0, 304.0, 766.0, 354.0, 615.0, 375.0], [196.0, 258.0, 255.0, 251.0, 257.0, 266.0, 198.0, 273.0]], "detPolPoints": [[618.0, 206.0, 729.0, 192.0, 734.0, 224.0, 623.0, 238.0], [581.0, 242.0, 724.0, 228.0, 728.0, 265.0, 585.0, 279.0], [549.0, 290.0, 752.0, 269.0, 756.0, 306.0, 553.0, 327.0], [608.0, 319.0, 759.0, 306.0, 764.0, 359.0, 613.0, 372.0]], "gtCharPoints": [[[635.3, 223.1], [656.9, 220.29999999999998], [678.5, 217.5], [700.0999999999999, 214.7], [721.6999999999999, 211.9]], [[624.75, 260.5], [654.25, 256.5], [683.75, 252.5], [713.25, 248.5]], [[553.0833333333334, 312.8333333333333], [577.25, 309.5], [601.4166666666667, 306.16666666666663], [625.5833333333334, 302.8333333333333], [649.75, 299.5], [673.9166666666667, 296.16666666666663], [698.0833333333334, 292.8333333333333], [722.25, 289.5], [746.4166666666667, 286.16666666666663]], [[630.4375, 347.375], [668.3125, 342.125], [706.1875, 336.875], [744.0625, 331.625]], [[204.375, 264.625], [219.125, 262.875], [233.875, 261.125], [248.625, 259.375]]], "gtCharCounts": [[1.0, 1.0, 1.0, 1.0, 1.0], [1.0, 1.0, 1.0, 1.0], [1.0, 1.0, 1.0, 1.0, 1.0, 1.0, 1.0, 1.0, 1.0], [1.0, 1.0, 1.0, 1.0], [0.0, 0.0, 0.0, 0.0]], "gtDontCare": [4], "detDontCare": [], "evaluationParams": {"GT_PATH": "gt/gt_IC15.zip", "SUBMIT_PATH": "result/result_paddleOCR_IC15.zip", "OUTPUT_PATH": "output/", "PORT": 8080, "BOX_TYPE": "QUAD", "TRANSCRIPTION": true, "CONFIDENCES": false, "CRLF": false, "E2E": true, "CASE_SENSITIVE": true, "RS": true, "AREA_PRECISION_CONSTRAINT": 0.5, "GRANULARITY_PENALTY_WEIGHT": 1.0, "VERTICAL_ASPECT_RATIO_THRES": 2.0, "NUM_WORKERS": 2, "GT_SAMPLE_NAME_2_ID": "([0-9]+)", "DET_SAMPLE_NAME_2_ID": "([0-9]+)", "PER_SAMPLE_RESULTS": true}, "evaluationLog": "GT polygons: 5 (1 don't care) \nDET polygons: 4\n\nFind one-to-one matches\nMatch GT #0 with Det #0\nMatch GT #1 with Det #1\nMatch GT #2 with Det #2\nMatch GT #3 with Det #3\nFind one-to-many matches\nFind many-to-one matches\n<b>Detection | PRECISION\n</b><b>Detection | RECALL\n</b><b># of false positive chars\n</b>0\n=================================\n<b>End-to-End | Recall\n</b><b>End-to-End | Precision\n</b>", "EndtoEnd": {"precision": 0.3064516129032258, "recall": 0.8636363636363636, "hmean": 0.45238095238095233, "recognition_score": 0.3064516129032258}, "end2endMat": [[0.0, 0.0, 0.0, 0.0, 5.0, 0.0], [0.0, 0.0, 0.0, 0.0, 3.0, 0.0], [0.0, 0.0, 0.0, 0.0, 7.0, 0.0], [0.0, 0.0, 0.0, 0.0, 4.0, 0.0], [0.0, 0.0, 0.0, 0.0, 0.0, 0.0], [5.0, 3.0, 7.0, 4.0, 0.0, 0.0], [0.0, 0.0, 0.0, 0.0, 0.0, 0.0]], "gtTrans": ["TANGS", "POST", "CHRISTMAS", "SALE", "####"], "detTrans": ["TANGS,0.9982711", "PeST,0.85904574", "HRESTMAS,0.9721603", "SALE,0.9979487"], "gtQuery": ["TANGS", "POST", "CHRISTMAS", "SALE", "####"], "detQuery": ["TANGS,0.9982711", "PeST,0.85904574", "HRESTMAS,0.9721603", "SALE,0.9979487"]}