{"Rawdata": {"det_correct_num_recall": 30.0, "det_correct_num_precision": 28.0, "chars_gt": 30, "chars_det": 30.0, "num_splitted": 0, "num_merged": 2, "num_false_positive": 0, "char_missed": 0, "char_overlapped": 0, "char_false_positive": 0, "e2e_correct_num_recall": 24.0, "e2e_correct_num_precision": 22.0, "chars_recog": 73, "e2e_char_missed": 6.0, "e2e_char_false_positive": 49.0, "e2e_recog_score_chars": 73, "e2e_recog_score_correct_num": 24.0}, "Detection": {"precision": 0.9333333333333333, "recall": 1.0, "hmean": 0.9655172413793104}, "pairs": [{"gt": [0], "det": [0], "type": "OO"}, {"gt": [2], "det": [1], "type": "OO"}, {"gt": [3], "det": [2], "type": "OO"}, {"gt": [5], "det": [3], "type": "OO"}, {"gt": [0, 1], "det": [0], "type": "MO"}, {"gt": [4, 5], "det": [3], "type": "MO"}], "detectionMat": [[5.0, 0.0, 0.0, 0.0, 5.0, 0.0], [3.0, 0.0, 0.0, 0.0, 3.0, 0.0], [0.0, 5.0, 0.0, 0.0, 5.0, 0.0], [0.0, 0.0, 8.0, 0.0, 8.0, 0.0], [0.0, 0.0, 0.0, 3.0, 3.0, 0.0], [0.0, 0.0, 0.0, 6.0, 6.0, 0.0], [0.0, 0.0, 0.0, 0.0, 0.0, 0.0], [0.0, 0.0, 0.0, 0.0, 0.0, 0.0], [8.0, 5.0, 8.0, 9.0, 0.0, 0.0], [1.0, 0.0, 0.0, 1.0, 0.0, 0.0]], "precisionMat": [[0.5762957010847731, 0.0, 0.0, 0.0], [0.3800347319477913, 0.0, 0.0, 0.0], [0.0, 0.9963410991636799, 0.0, 0.0], [0.0, 0.00017067759003245783, 1.0, 0.0], [0.0, 0.0, 0.0, 0.3269230769230769], [0.0, 0.0, 0.0, 0.6816137385852532], [0.0, 0.0, 0.0, 0.0], [0.0, 0.0, 0.0, 0.0]], "gtPolPoints": [[917.0, 399.0, 1008.0, 405.0, 1011.0, 662.0, 934.0, 653.0], [914.0, 218.0, 1003.0, 205.0, 1013.0, 387.0, 926.0, 382.0], [1126.0, 260.0, 1233.0, 256.0, 1227.0, 280.0, 1132.0, 283.0], [1113.0, 283.0, 1253.0, 278.0, 1259.0, 305.0, 1118.0, 305.0], [1108.0, 415.0, 1164.0, 415.0, 1164.0, 441.0, 1113.0, 440.0], [1159.0, 415.0, 1275.0, 417.0, 1274.0, 438.0, 1164.0, 438.0], [1164.0, 316.0, 1205.0, 317.0, 1205.0, 362.0, 1164.0, 361.0], [1166.0, 358.0, 1205.0, 358.0, 1205.0, 374.0, 1166.0, 374.0]], "detPolPoints": [[926.0, 229.0, 994.0, 227.0, 1005.0, 638.0, 937.0, 640.0], [1136.0, 261.0, 1229.0, 261.0, 1229.0, 279.0, 1136.0, 279.0], [1122.0, 285.0, 1252.0, 280.0, 1252.0, 298.0, 1123.0, 302.0], [1113.0, 416.0, 1269.0, 416.0, 1269.0, 438.0, 1113.0, 438.0]], "gtCharPoints": [[[971.5, 631.95], [969.5, 580.85], [967.5, 529.75], [965.5, 478.65000000000003], [963.5, 427.55000000000007]], [[934.6666666666666, 299.3333333333333], [964.0, 298.0], [993.3333333333333, 296.66666666666663]], [[1139.1, 271.15], [1159.3, 270.45], [1179.5, 269.75], [1199.6999999999998, 269.04999999999995], [1219.8999999999999, 268.34999999999997]], [[1124.28125, 293.84375], [1141.84375, 293.53125], [1159.40625, 293.21875], [1176.96875, 292.90625], [1194.53125, 292.59375], [1212.09375, 292.28125], [1229.65625, 291.96875], [1247.21875, 291.65625]], [[1119.4166666666667, 427.5833333333333], [1137.25, 427.75], [1155.0833333333335, 427.91666666666663]], [[1170.9166666666667, 426.5833333333333], [1189.75, 426.75], [1208.5833333333335, 426.91666666666663], [1227.4166666666667, 427.0833333333333], [1246.25, 427.25], [1265.0833333333335, 427.41666666666663]], [[1174.25, 338.75], [1194.75, 339.25]], [[1172.5, 366.0], [1185.5, 366.0], [1198.5, 366.0]]], "gtCharCounts": [[1.0, 1.0, 1.0, 1.0, 1.0], [1.0, 1.0, 1.0], [1.0, 1.0, 1.0, 1.0, 1.0], [1.0, 1.0, 1.0, 1.0, 1.0, 1.0, 1.0, 1.0], [1.0, 1.0, 1.0], [1.0, 1.0, 1.0, 1.0, 1.0, 1.0], [0.0, 0.0], [0.0, 0.0, 0.0]], "gtDontCare": [6, 7], "detDontCare": [], "evaluationParams": {"GT_PATH": "gt/gt_IC15.zip", "SUBMIT_PATH": "result/result_paddleOCR_IC15.zip", "OUTPUT_PATH": "output/", "PORT": 8080, "BOX_TYPE": "QUAD", "TRANSCRIPTION": true, "CONFIDENCES": false, "CRLF": false, "E2E": true, "CASE_SENSITIVE": true, "RS": true, "AREA_PRECISION_CONSTRAINT": 0.5, "GRANULARITY_PENALTY_WEIGHT": 1.0, "VERTICAL_ASPECT_RATIO_THRES": 2.0, "NUM_WORKERS": 2, "GT_SAMPLE_NAME_2_ID": "([0-9]+)", "DET_SAMPLE_NAME_2_ID": "([0-9]+)", "PER_SAMPLE_RESULTS": true}, "evaluationLog": "GT polygons: 8 (2 don't care) \nDET polygons: 4\n\nFind one-to-one matches\nMatch GT #0 with Det #0\nMatch GT #2 with Det #1\nMatch GT #3 with Det #2\nMatch GT #5 with Det #3\nFind one-to-many matches\nFind many-to-one matches\nMatch GT #[0, 1] with Det #0\nMatch GT #[4, 5] with Det #3\n<b>Detection | PRECISION\n</b><b>Detection | RECALL\n</b><b># of false positive chars\n</b>0\n=================================\n<b>End-to-End | Recall\n</b><b>End-to-End | Precision\n</b>", "EndtoEnd": {"precision": 0.3013698630136986, "recall": 0.8, "hmean": 0.4378109452736318, "recognition_score": 0.3287671232876712}, "end2endMat": [[0.0, 0.0, 0.0, 0.0, 2.0, 0.0], [0.0, 0.0, 0.0, 0.0, 2.0, 0.0], [0.0, 0.0, 0.0, 0.0, 5.0, 0.0], [0.0, 0.0, 0.0, 0.0, 7.0, 0.0], [0.0, 0.0, 0.0, 0.0, 2.0, 0.0], [0.0, 0.0, 0.0, 0.0, 6.0, 0.0], [0.0, 0.0, 0.0, 0.0, 0.0, 0.0], [0.0, 0.0, 0.0, 0.0, 0.0, 0.0], [4.0, 5.0, 7.0, 8.0, 0.0, 0.0], [1.0, 0.0, 0.0, 1.0, 0.0, 0.0]], "gtTrans": ["TOAST", "BOX", "BEERY", "THIRSTY?", "$10", "FORTWO", "##", "###"], "detTrans": ["KOB JSA/OI,0.6993648", "BEERY,0.998748", "THIRSTYT,0.82567865", "S10FORTWO,0.97136337"], "gtQuery": ["TOAST", "BOX", "BEERY", "THIRSTY?", "$10", "FORTWO", "##", "###"], "detQuery": ["KOB JSA/OI,0.6993648", "BEERY,0.998748", "THIRSTYT,0.82567865", "S10FORTWO,0.97136337"]}