{"Rawdata": {"det_correct_num_recall": 5.0, "det_correct_num_precision": 5.0, "chars_gt": 5, "chars_det": 5.0, "num_splitted": 0, "num_merged": 0, "num_false_positive": 0, "char_missed": 0, "char_overlapped": 0, "char_false_positive": 0, "e2e_correct_num_recall": 2.0, "e2e_correct_num_precision": 2.0, "chars_recog": 15, "e2e_char_missed": 3.0, "e2e_char_false_positive": 13.0, "e2e_recog_score_chars": 15, "e2e_recog_score_correct_num": 2.0}, "Detection": {"precision": 1.0, "recall": 1.0, "hmean": 1.0}, "pairs": [{"gt": [1], "det": [0], "type": "OO"}], "detectionMat": [[0.0, 0.0, 0.0], [5.0, 5.0, 0.0], [5.0, 0.0, 0.0], [0.0, 0.0, 0.0]], "precisionMat": [[0.0], [0.9993522859645915]], "gtPolPoints": [[0.0, 0.0, 280.0, 0.0, 280.0, 17.0, 2.0, 33.0], [61.0, 26.0, 290.0, 16.0, 285.0, 61.0, 70.0, 73.0]], "detPolPoints": [[66.0, 28.0, 265.0, 18.0, 267.0, 59.0, 68.0, 69.0]], "gtCharPoints": [[[14.95, 16.1], [42.849999999999994, 15.3], [70.75, 14.500000000000002], [98.64999999999999, 13.700000000000001], [126.55, 12.900000000000002], [154.45, 12.100000000000001], [182.34999999999997, 11.3], [210.24999999999997, 10.5], [238.14999999999998, 9.700000000000001], [266.05, 8.900000000000002]], [[87.7, 48.4], [132.1, 46.199999999999996], [176.5, 44.0], [220.89999999999998, 41.8], [265.3, 39.599999999999994]]], "gtCharCounts": [[0.0, 0.0, 0.0, 0.0, 0.0, 0.0, 0.0, 0.0, 0.0, 0.0], [1.0, 1.0, 1.0, 1.0, 1.0]], "gtDontCare": [0], "detDontCare": [], "evaluationParams": {"GT_PATH": "gt/gt_IC15.zip", "SUBMIT_PATH": "result/result_paddleOCR_IC15.zip", "OUTPUT_PATH": "output/", "PORT": 8080, "BOX_TYPE": "QUAD", "TRANSCRIPTION": true, "CONFIDENCES": false, "CRLF": false, "E2E": true, "CASE_SENSITIVE": true, "RS": true, "AREA_PRECISION_CONSTRAINT": 0.5, "GRANULARITY_PENALTY_WEIGHT": 1.0, "VERTICAL_ASPECT_RATIO_THRES": 2.0, "NUM_WORKERS": 2, "GT_SAMPLE_NAME_2_ID": "([0-9]+)", "DET_SAMPLE_NAME_2_ID": "([0-9]+)", "PER_SAMPLE_RESULTS": true}, "evaluationLog": "GT polygons: 2 (1 don't care) \nDET polygons: 1\n\nFind one-to-one matches\nMatch GT #1 with Det #0\nFind one-to-many matches\nFind many-to-one matches\n<b>Detection | PRECISION\n</b><b>Detection | RECALL\n</b><b># of false positive chars\n</b>0\n=================================\n<b>End-to-End | Recall\n</b><b>End-to-End | Precision\n</b>", "EndtoEnd": {"precision": 0.13333333333333333, "recall": 0.4, "hmean": 0.2, "recognition_score": 0.13333333333333333}, "end2endMat": [[0.0, 0.0, 0.0], [0.0, 2.0, 0.0], [2.0, 0.0, 0.0], [0.0, 0.0, 0.0]], "gtTrans": ["##########", "@SMRT"], "detTrans": ["OSHRI,0.8021742"], "gtQuery": ["##########", "@SMRT"], "detQuery": ["OSHRI,0.8021742"]}