{"Rawdata": {"det_correct_num_recall": 0.0, "det_correct_num_precision": 0.0, "chars_gt": 7, "chars_det": 0, "num_splitted": 0, "num_merged": 0, "num_false_positive": 0, "char_missed": 7, "char_overlapped": 0, "char_false_positive": 0, "e2e_correct_num_recall": 0.0, "e2e_correct_num_precision": 0.0, "chars_recog": 0, "e2e_char_missed": 7.0, "e2e_char_false_positive": 0.0, "e2e_recog_score_chars": 0, "e2e_recog_score_correct_num": 0.0}, "Detection": {"precision": 0.0, "recall": 0.0, "hmean": 0}, "pairs": [], "detectionMat": [[0.0, 0.0], [0.0, 0.0], [0.0, 0.0], [0.0, 0.0], [0.0, 0.0], [0.0, 0.0], [0.0, 0.0], [0.0, 0.0], [0.0, 0.0], [0.0, 0.0], [0.0, 0.0], [0.0, 0.0], [0.0, 0.0], [0.0, 0.0], [0.0, 0.0]], "precisionMat": [[], [], [], [], [], [], [], [], [], [], [], [], []], "gtPolPoints": [[239.0, 0.0, 270.0, 0.0, 265.0, 34.0, 201.0, 5.0], [494.0, 105.0, 590.0, 160.0, 590.0, 198.0, 494.0, 143.0], [483.0, 140.0, 594.0, 197.0, 592.0, 215.0, 481.0, 159.0], [1136.0, 36.0, 1197.0, 0.0, 1220.0, 49.0, 1145.0, 96.0], [1070.0, 84.0, 1130.0, 41.0, 1140.0, 97.0, 1080.0, 140.0], [1026.0, 120.0, 1074.0, 91.0, 1078.0, 141.0, 1030.0, 170.0], [985.0, 157.0, 1030.0, 125.0, 1033.0, 162.0, 989.0, 194.0], [960.0, 171.0, 988.0, 156.0, 991.0, 190.0, 964.0, 206.0], [597.0, 300.0, 659.0, 301.0, 658.0, 320.0, 596.0, 319.0], [777.0, 303.0, 830.0, 303.0, 830.0, 322.0, 777.0, 322.0], [1006.0, 180.0, 1094.0, 131.0, 1098.0, 150.0, 1009.0, 199.0], [588.0, 335.0, 619.0, 331.0, 625.0, 359.0, 591.0, 359.0], [271.0, 384.0, 337.0, 380.0, 342.0, 393.0, 272.0, 407.0]], "detPolPoints": [], "gtCharPoints": [[[231.875, 6.125], [255.625, 13.375]], [[510.0, 133.16666666666666], [542.0, 151.5], [574.0, 169.83333333333331]], [[489.92857142857144, 153.53571428571428], [505.7857142857143, 161.60714285714286], [521.6428571428571, 169.67857142857142], [537.5, 177.75], [553.3571428571429, 185.82142857142856], [569.2142857142858, 193.89285714285714], [585.0714285714286, 201.96428571428572]], [[1151.8333333333333, 59.083333333333336], [1174.5, 45.25], [1197.1666666666665, 31.416666666666668]], [[1082.5, 106.625], [1097.5, 95.875], [1112.5, 85.125], [1127.5, 74.375]], [[1040.0, 137.75], [1064.0, 123.25]], [[998.125, 167.5], [1020.375, 151.5]], [[968.875, 184.625], [982.625, 176.875]], [[604.25, 309.625], [619.75, 309.875], [635.25, 310.125], [650.75, 310.375]], [[785.8333333333334, 312.5], [803.5, 312.5], [821.1666666666667, 312.5]], [[1014.875, 185.41666666666666], [1029.625, 177.25], [1044.375, 169.08333333333331], [1059.125, 160.91666666666666], [1073.875, 152.75], [1088.625, 144.58333333333331]], [[597.625, 346.5], [613.875, 345.5]], [[280.0, 394.375], [297.0, 392.125], [314.0, 389.875], [331.0, 387.625]]], "gtCharCounts": [0.0, 0.0, 0.0, 0.0, 0.0, 0.0, 0.0, 0.0, 0.0, 0.0, 0.0, 0.0, 0.0], "gtDontCare": [0, 1, 2, 5, 6, 7, 8, 9, 10, 11, 12], "detDontCare": [], "evaluationParams": {"GT_PATH": "gt/gt_IC15.zip", "SUBMIT_PATH": "result/result_paddleOCR_IC15.zip", "OUTPUT_PATH": "output/", "PORT": 8080, "BOX_TYPE": "QUAD", "TRANSCRIPTION": true, "CONFIDENCES": false, "CRLF": false, "E2E": true, "CASE_SENSITIVE": true, "RS": true, "AREA_PRECISION_CONSTRAINT": 0.5, "GRANULARITY_PENALTY_WEIGHT": 1.0, "VERTICAL_ASPECT_RATIO_THRES": 2.0, "NUM_WORKERS": 2, "GT_SAMPLE_NAME_2_ID": "([0-9]+)", "DET_SAMPLE_NAME_2_ID": "([0-9]+)", "PER_SAMPLE_RESULTS": true}, "evaluationLog": "GT polygons: 13 (11 don't care) \nDET polygons: 0\n\nFind one-to-one matches\nFind one-to-many matches\nFind many-to-one matches\n<b>Detection | PRECISION\n</b><b>Detection | RECALL\n</b><b># of false positive chars\n</b>0\n=================================\n<b>End-to-End | Recall\n</b><b>End-to-End | Precision\n</b>", "EndtoEnd": {"precision": 0.0, "recall": 0.0, "hmean": 0, "recognition_score": 0.0}, "end2endMat": [[0.0, 0.0], [0.0, 0.0], [0.0, 0.0], [0.0, 0.0], [0.0, 0.0], [0.0, 0.0], [0.0, 0.0], [0.0, 0.0], [0.0, 0.0], [0.0, 0.0], [0.0, 0.0], [0.0, 0.0], [0.0, 0.0], [0.0, 0.0], [0.0, 0.0]], "gtTrans": ["##", "###", "#######", "SPA", "NAIL", "##", "##", "##", "####", "###", "######", "##", "####"], "detTrans": [], "gtQuery": ["##", "###", "#######", "SPA", "NAIL", "##", "##", "##", "####", "###", "######", "##", "####"], "detQuery": []}