{"Rawdata": {"det_correct_num_recall": 6.0, "det_correct_num_precision": 6.0, "chars_gt": 6, "chars_det": 8.0, "num_splitted": 0, "num_merged": 0, "num_false_positive": 1, "char_missed": 0, "char_overlapped": 0, "char_false_positive": 2, "e2e_correct_num_recall": 6.0, "e2e_correct_num_precision": 6.0, "chars_recog": 30, "e2e_char_missed": 0.0, "e2e_char_false_positive": 24.0, "e2e_recog_score_chars": 17, "e2e_recog_score_correct_num": 6.0}, "Detection": {"precision": 0.75, "recall": 1.0, "hmean": 0.8571428571428571}, "pairs": [{"gt": [1], "det": [1], "type": "OO"}], "detectionMat": [[0.0, 0.0, 0.0, 0.0], [0.0, 6.0, 6.0, 0.0], [0.0, 0.0, 0.0, 0.0], [0.0, 0.0, 0.0, 0.0], [0.0, 0.0, 0.0, 0.0], [0.0, 0.0, 0.0, 0.0], [0.0, 0.0, 0.0, 0.0], [0.0, 0.0, 0.0, 0.0], [0.0, 0.0, 0.0, 0.0], [0.0, 0.0, 0.0, 0.0], [0.0, 0.0, 0.0, 0.0], [0.0, 6.0, 0.0, 0.0], [0.0, 0.0, 0.0, 0.0]], "precisionMat": [[0.0, 0.0], [0.0, 0.7509274368865334], [0.22761559561128528, 0.0], [0.11241183385579938, 0.0], [0.0, 0.0], [0.0, 0.0], [0.0, 0.0], [0.0, 0.0], [0.0, 0.0], [0.0, 0.0], [0.0, 0.0]], "gtPolPoints": [[77.0, 75.0, 98.0, 74.0, 97.0, 104.0, 77.0, 105.0], [703.0, 108.0, 780.0, 110.0, 770.0, 133.0, 694.0, 131.0], [399.0, 39.0, 434.0, 40.0, 438.0, 105.0, 402.0, 105.0], [450.0, 38.0, 468.0, 37.0, 470.0, 103.0, 453.0, 103.0], [105.0, 96.0, 142.0, 95.0, 141.0, 107.0, 105.0, 107.0], [574.0, 78.0, 602.0, 79.0, 601.0, 104.0, 574.0, 103.0], [380.0, 5.0, 438.0, 0.0, 440.0, 18.0, 382.0, 23.0], [437.0, 0.0, 482.0, 5.0, 484.0, 21.0, 439.0, 15.0], [664.0, 41.0, 675.0, 42.0, 676.0, 60.0, 665.0, 59.0], [954.0, 56.0, 970.0, 56.0, 969.0, 77.0, 953.0, 76.0], [855.0, 89.0, 885.0, 90.0, 886.0, 97.0, 856.0, 96.0]], "detPolPoints": [[392.0, 26.0, 508.0, 26.0, 508.0, 114.0, 392.0, 114.0], [680.0, 105.0, 774.0, 112.0, 772.0, 135.0, 678.0, 129.0]], "gtCharPoints": [[[82.125, 89.75], [92.375, 89.25]], [[704.875, 119.66666666666667], [717.625, 120.0], [730.375, 120.33333333333334], [743.125, 120.66666666666667], [755.875, 121.0], [768.625, 121.33333333333334]], [[409.375, 72.125], [427.125, 72.375]], [[461.1875, 94.8125], [460.5625, 78.4375], [459.9375, 62.0625], [459.3125, 45.6875]], [[109.5625, 101.4375], [118.6875, 101.3125], [127.8125, 101.1875], [136.9375, 101.0625]], [[580.875, 90.75], [594.625, 91.25]], [[388.25, 13.375], [402.75, 12.125], [417.25, 10.875], [431.75, 9.625]], [[445.5, 8.416666666666666], [460.5, 10.25], [475.5, 12.083333333333332]], [[667.25, 50.25], [672.75, 50.75]], [[957.5, 66.125], [965.5, 66.375]], [[858.5, 92.6], [864.5, 92.8], [870.5, 93.0], [876.5, 93.19999999999999], [882.5, 93.39999999999999]]], "gtCharCounts": [[0.0, 0.0], [1.0, 1.0, 1.0, 1.0, 1.0, 1.0], [0.0, 0.0], [0.0, 0.0, 0.0, 0.0], [0.0, 0.0, 0.0, 0.0], [0.0, 0.0], [0.0, 0.0, 0.0, 0.0], [0.0, 0.0, 0.0], [0.0, 0.0], [0.0, 0.0], [0.0, 0.0, 0.0, 0.0, 0.0]], "gtDontCare": [0, 2, 3, 4, 5, 6, 7, 8, 9, 10], "detDontCare": [], "evaluationParams": {"GT_PATH": "gt/gt_IC15.zip", "SUBMIT_PATH": "result/result_paddleOCR_IC15.zip", "OUTPUT_PATH": "output/", "PORT": 8080, "BOX_TYPE": "QUAD", "TRANSCRIPTION": true, "CONFIDENCES": false, "CRLF": false, "E2E": true, "CASE_SENSITIVE": true, "RS": true, "AREA_PRECISION_CONSTRAINT": 0.5, "GRANULARITY_PENALTY_WEIGHT": 1.0, "VERTICAL_ASPECT_RATIO_THRES": 2.0, "NUM_WORKERS": 2, "GT_SAMPLE_NAME_2_ID": "([0-9]+)", "DET_SAMPLE_NAME_2_ID": "([0-9]+)", "PER_SAMPLE_RESULTS": true}, "evaluationLog": "GT polygons: 11 (10 don't care) \nDET polygons: 2\n\nFind one-to-one matches\nMatch GT #1 with Det #1\nFind one-to-many matches\nFind many-to-one matches\n<b>Detection | PRECISION\n</b><b>Detection | RECALL\n</b><b># of false positive chars\n</b>2\n=================================\n<b>End-to-End | Recall\n</b><b>End-to-End | Precision\n</b>", "EndtoEnd": {"precision": 0.2, "recall": 1.0, "hmean": 0.33333333333333337, "recognition_score": 0.35294117647058826}, "end2endMat": [[0.0, 0.0, 0.0, 0.0], [0.0, 0.0, 6.0, 0.0], [0.0, 0.0, 0.0, 0.0], [0.0, 0.0, 0.0, 0.0], [0.0, 0.0, 0.0, 0.0], [0.0, 0.0, 0.0, 0.0], [0.0, 0.0, 0.0, 0.0], [0.0, 0.0, 0.0, 0.0], [0.0, 0.0, 0.0, 0.0], [0.0, 0.0, 0.0, 0.0], [0.0, 0.0, 0.0, 0.0], [0.0, 6.0, 0.0, 0.0], [0.0, 0.0, 0.0, 0.0]], "gtTrans": ["##", "HI-TEC", "##", "####", "####", "##", "####", "###", "##", "##", "#####"], "detTrans": ["GOO,0.6158946", "SHI-TEC,0.9007676"], "gtQuery": ["##", "HI-TEC", "##", "####", "####", "##", "####", "###", "##", "##", "#####"], "detQuery": ["GOO,0.6158946", "SHI-TEC,0.9007676"]}