{"Rawdata": {"det_correct_num_recall": 3.0, "det_correct_num_precision": 3.0, "chars_gt": 3, "chars_det": 3.0, "num_splitted": 0, "num_merged": 0, "num_false_positive": 0, "char_missed": 0, "char_overlapped": 0, "char_false_positive": 0, "e2e_correct_num_recall": 3.0, "e2e_correct_num_precision": 3.0, "chars_recog": 18, "e2e_char_missed": 0.0, "e2e_char_false_positive": 15.0, "e2e_recog_score_chars": 18, "e2e_recog_score_correct_num": 3.0}, "Detection": {"precision": 1.0, "recall": 1.0, "hmean": 1.0}, "pairs": [{"gt": [1], "det": [0], "type": "OO"}], "detectionMat": [[0.0, 0.0, 0.0], [3.0, 3.0, 0.0], [0.0, 0.0, 0.0], [0.0, 0.0, 0.0], [0.0, 0.0, 0.0], [0.0, 0.0, 0.0], [0.0, 0.0, 0.0], [0.0, 0.0, 0.0], [3.0, 0.0, 0.0], [0.0, 0.0, 0.0]], "precisionMat": [[0.22936230994334209], [0.5248781157426822], [0.09932203389830509], [0.0], [0.0], [0.0], [0.0], [0.0]], "gtPolPoints": [[0.0, 464.0, 78.0, 445.0, 92.0, 497.0, 11.0, 518.0], [107.0, 437.0, 272.0, 411.0, 287.0, 472.0, 113.0, 500.0], [296.0, 408.0, 337.0, 402.0, 343.0, 462.0, 303.0, 471.0], [121.0, 231.0, 325.0, 207.0, 330.0, 302.0, 126.0, 325.0], [136.0, 311.0, 321.0, 292.0, 315.0, 390.0, 130.0, 409.0], [3.0, 237.0, 104.0, 232.0, 106.0, 334.0, 4.0, 340.0], [7.0, 342.0, 116.0, 332.0, 117.0, 429.0, 8.0, 440.0], [1.0, 236.0, 312.0, 207.0, 326.0, 389.0, 2.0, 438.0]], "detPolPoints": [[5.0, 459.0, 327.0, 407.0, 335.0, 453.0, 13.0, 505.0]], "gtCharPoints": [[[25.375, 486.0], [65.125, 476.0]], [[138.25, 464.0], [194.75, 455.0], [251.25, 446.0]], [[309.625, 437.625], [329.875, 433.875]], [[157.5, 274.0833333333333], [225.5, 266.25], [293.5, 258.41666666666663]], [[179.25, 355.25], [271.75, 345.75]], [[28.875, 287.125], [79.625, 284.375]], [[34.75, 388.375], [89.25, 383.125]], [[80.875, 327.25], [239.625, 307.75]]], "gtCharCounts": [[0.0, 0.0], [1.0, 1.0, 1.0], [0.0, 0.0], [0.0, 0.0, 0.0], [0.0, 0.0], [0.0, 0.0], [0.0, 0.0], [0.0, 0.0]], "gtDontCare": [0, 2, 3, 4, 5, 6, 7], "detDontCare": [], "evaluationParams": {"GT_PATH": "gt/gt_IC15.zip", "SUBMIT_PATH": "result/result_paddleOCR_IC15.zip", "OUTPUT_PATH": "output/", "PORT": 8080, "BOX_TYPE": "QUAD", "TRANSCRIPTION": true, "CONFIDENCES": false, "CRLF": false, "E2E": true, "CASE_SENSITIVE": true, "RS": true, "AREA_PRECISION_CONSTRAINT": 0.5, "GRANULARITY_PENALTY_WEIGHT": 1.0, "VERTICAL_ASPECT_RATIO_THRES": 2.0, "NUM_WORKERS": 2, "GT_SAMPLE_NAME_2_ID": "([0-9]+)", "DET_SAMPLE_NAME_2_ID": "([0-9]+)", "PER_SAMPLE_RESULTS": true}, "evaluationLog": "GT polygons: 8 (7 don't care) \nDET polygons: 1\n\nFind one-to-one matches\nMatch GT #1 with Det #0\nFind one-to-many matches\nFind many-to-one matches\n<b>Detection | PRECISION\n</b><b>Detection | RECALL\n</b><b># of false positive chars\n</b>0\n=================================\n<b>End-to-End | Recall\n</b><b>End-to-End | Precision\n</b>", "EndtoEnd": {"precision": 0.16666666666666666, "recall": 1.0, "hmean": 0.2857142857142857, "recognition_score": 0.16666666666666666}, "end2endMat": [[0.0, 0.0, 0.0], [0.0, 3.0, 0.0], [0.0, 0.0, 0.0], [0.0, 0.0, 0.0], [0.0, 0.0, 0.0], [0.0, 0.0, 0.0], [0.0, 0.0, 0.0], [0.0, 0.0, 0.0], [3.0, 0.0, 0.0], [0.0, 0.0, 0.0]], "gtTrans": ["##", "SEX", "##", "###", "##", "##", "##", "##"], "detTrans": ["IS SEX?,0.90852267"], "gtQuery": ["##", "SEX", "##", "###", "##", "##", "##", "##"], "detQuery": ["IS SEX?,0.90852267"]}