{"Rawdata": {"det_correct_num_recall": 5.0, "det_correct_num_precision": 5.0, "chars_gt": 16, "chars_det": 5.0, "num_splitted": 0, "num_merged": 0, "num_false_positive": 0, "char_missed": 11, "char_overlapped": 0, "char_false_positive": 0, "e2e_correct_num_recall": 3.0, "e2e_correct_num_precision": 3.0, "chars_recog": 14, "e2e_char_missed": 13.0, "e2e_char_false_positive": 11.0, "e2e_recog_score_chars": 14, "e2e_recog_score_correct_num": 3.0}, "Detection": {"precision": 1.0, "recall": 0.3125, "hmean": 0.47619047619047616}, "pairs": [{"gt": [1], "det": [0], "type": "OO"}], "detectionMat": [[0.0, 0.0, 0.0], [5.0, 5.0, 0.0], [0.0, 0.0, 0.0], [0.0, 0.0, 0.0], [0.0, 0.0, 0.0], [0.0, 0.0, 0.0], [0.0, 0.0, 0.0], [0.0, 0.0, 0.0], [0.0, 0.0, 0.0], [0.0, 0.0, 0.0], [0.0, 0.0, 0.0], [5.0, 0.0, 0.0], [0.0, 0.0, 0.0]], "precisionMat": [[0.0], [0.9742405554138354], [0.0], [0.0], [0.0], [0.0], [0.0], [0.0], [0.0], [0.0], [0.0]], "gtPolPoints": [[680.0, 219.0, 711.0, 214.0, 717.0, 231.0, 689.0, 235.0], [32.0, 90.0, 225.0, 128.0, 237.0, 198.0, 40.0, 178.0], [424.0, 282.0, 456.0, 273.0, 461.0, 298.0, 427.0, 312.0], [450.0, 255.0, 482.0, 248.0, 484.0, 265.0, 455.0, 272.0], [526.0, 239.0, 559.0, 231.0, 567.0, 252.0, 535.0, 260.0], [314.0, 287.0, 350.0, 233.0, 371.0, 253.0, 341.0, 306.0], [590.0, 152.0, 627.0, 150.0, 634.0, 173.0, 595.0, 175.0], [759.0, 144.0, 788.0, 139.0, 791.0, 158.0, 764.0, 160.0], [840.0, 162.0, 889.0, 158.0, 892.0, 172.0, 841.0, 183.0], [569.0, 544.0, 627.0, 468.0, 633.0, 523.0, 575.0, 599.0], [905.0, 328.0, 958.0, 308.0, 957.0, 335.0, 904.0, 355.0]], "detPolPoints": [[41.0, 94.0, 226.0, 128.0, 213.0, 200.0, 28.0, 166.0]], "gtCharPoints": [[[691.875, 225.875], [706.625, 223.625]], [[55.5, 136.9], [94.5, 142.70000000000002], [133.5, 148.5], [172.5, 154.3], [211.5, 160.1]], [[431.0, 295.0833333333333], [442.0, 291.25], [453.0, 287.41666666666663]], [[460.125, 261.75], [475.375, 258.25]], [[538.625, 247.5], [554.875, 243.5]], [[331.625, 289.8125], [339.875, 276.4375], [348.125, 263.0625], [356.375, 249.6875]], [[597.25, 163.25], [606.75, 162.75], [616.25, 162.25], [625.75, 161.75]], [[768.5, 151.125], [782.5, 149.375]], [[848.8333333333334, 171.25], [865.5, 168.75], [882.1666666666667, 166.25]], [[586.5, 552.5], [615.5, 514.5]], [[913.3333333333334, 338.1666666666667], [931.0, 331.5], [948.6666666666667, 324.83333333333337]]], "gtCharCounts": [[0.0, 0.0], [1.0, 1.0, 1.0, 1.0, 1.0], [0.0, 0.0, 0.0], [0.0, 0.0], [0.0, 0.0], [0.0, 0.0, 0.0, 0.0], [0.0, 0.0, 0.0, 0.0], [0.0, 0.0], [0.0, 0.0, 0.0], [0.0, 0.0], [0.0, 0.0, 0.0]], "gtDontCare": [0, 3, 4, 7, 8, 9, 10], "detDontCare": [], "evaluationParams": {"GT_PATH": "gt/gt_IC15.zip", "SUBMIT_PATH": "result/result_paddleOCR_IC15.zip", "OUTPUT_PATH": "output/", "PORT": 8080, "BOX_TYPE": "QUAD", "TRANSCRIPTION": true, "CONFIDENCES": false, "CRLF": false, "E2E": true, "CASE_SENSITIVE": true, "RS": true, "AREA_PRECISION_CONSTRAINT": 0.5, "GRANULARITY_PENALTY_WEIGHT": 1.0, "VERTICAL_ASPECT_RATIO_THRES": 2.0, "NUM_WORKERS": 2, "GT_SAMPLE_NAME_2_ID": "([0-9]+)", "DET_SAMPLE_NAME_2_ID": "([0-9]+)", "PER_SAMPLE_RESULTS": true}, "evaluationLog": "GT polygons: 11 (7 don't care) \nDET polygons: 1\n\nFind one-to-one matches\nMatch GT #1 with Det #0\nFind one-to-many matches\nFind many-to-one matches\n<b>Detection | PRECISION\n</b><b>Detection | RECALL\n</b><b># of false positive chars\n</b>0\n=================================\n<b>End-to-End | Recall\n</b><b>End-to-End | Precision\n</b>", "EndtoEnd": {"precision": 0.21428571428571427, "recall": 0.1875, "hmean": 0.19999999999999998, "recognition_score": 0.21428571428571427}, "end2endMat": [[0.0, 0.0, 0.0], [0.0, 3.0, 0.0], [0.0, 0.0, 0.0], [0.0, 0.0, 0.0], [0.0, 0.0, 0.0], [0.0, 0.0, 0.0], [0.0, 0.0, 0.0], [0.0, 0.0, 0.0], [0.0, 0.0, 0.0], [0.0, 0.0, 0.0], [0.0, 0.0, 0.0], [3.0, 0.0, 0.0], [0.0, 0.0, 0.0]], "gtTrans": ["##", "crocs", "50%", "##", "##", "sale", "Dior", "##", "###", "##", "###"], "detTrans": ["CrOcs,0.816134"], "gtQuery": ["##", "crocs", "50%", "##", "##", "sale", "Dior", "##", "###", "##", "###"], "detQuery": ["CrOcs,0.816134"]}