{"Rawdata": {"det_correct_num_recall": 14.0, "det_correct_num_precision": 13.0, "chars_gt": 19, "chars_det": 14.0, "num_splitted": 0, "num_merged": 1, "num_false_positive": 0, "char_missed": 5, "char_overlapped": 0, "char_false_positive": 0, "e2e_correct_num_recall": 10.0, "e2e_correct_num_precision": 9.0, "chars_recog": 25, "e2e_char_missed": 9.0, "e2e_char_false_positive": 15.0, "e2e_recog_score_chars": 25, "e2e_recog_score_correct_num": 10.0}, "Detection": {"precision": 0.9285714285714286, "recall": 0.7368421052631579, "hmean": 0.8216704288939053}, "pairs": [{"gt": [0, 1], "det": [0], "type": "MO"}], "detectionMat": [[8.0, 8.0, 0.0], [6.0, 6.0, 0.0], [0.0, 0.0, 0.0], [0.0, 0.0, 0.0], [14.0, 0.0, 0.0], [1.0, 0.0, 0.0]], "precisionMat": [[0.4150215659834882], [0.3730235143979312], [0.0], [0.0]], "gtPolPoints": [[726.0, 133.0, 840.0, 97.0, 836.0, 136.0, 741.0, 169.0], [850.0, 80.0, 935.0, 66.0, 935.0, 95.0, 844.0, 127.0], [425.0, 264.0, 511.0, 262.0, 510.0, 294.0, 426.0, 294.0], [322.0, 270.0, 334.0, 270.0, 333.0, 295.0, 314.0, 295.0]], "detPolPoints": [[729.0, 127.0, 925.0, 54.0, 939.0, 91.0, 743.0, 164.0]], "gtCharPoints": [[[740.03125, 148.84375], [753.09375, 144.53125], [766.15625, 140.21875], [779.21875, 135.90625], [792.28125, 131.59375], [805.34375, 127.28125], [818.40625, 122.96875], [831.46875, 118.65625]], [[854.3333333333334, 101.58333333333333], [869.0, 97.75], [883.6666666666667, 93.91666666666666], [898.3333333333334, 90.08333333333333], [913.0, 86.25], [927.6666666666667, 82.41666666666666]], [[434.0, 278.9], [451.0, 278.7], [468.0, 278.5], [485.0, 278.29999999999995], [502.0, 278.09999999999997]], [[321.875, 282.5], [329.625, 282.5]]], "gtCharCounts": [[1.0, 1.0, 1.0, 1.0, 1.0, 1.0, 1.0, 1.0], [1.0, 1.0, 1.0, 1.0, 1.0, 1.0], [0.0, 0.0, 0.0, 0.0, 0.0], [0.0, 0.0]], "gtDontCare": [3], "detDontCare": [], "evaluationParams": {"GT_PATH": "gt/gt_IC15.zip", "SUBMIT_PATH": "result/result_paddleOCR_IC15.zip", "OUTPUT_PATH": "output/", "PORT": 8080, "BOX_TYPE": "QUAD", "TRANSCRIPTION": true, "CONFIDENCES": false, "CRLF": false, "E2E": true, "CASE_SENSITIVE": true, "RS": true, "AREA_PRECISION_CONSTRAINT": 0.5, "GRANULARITY_PENALTY_WEIGHT": 1.0, "VERTICAL_ASPECT_RATIO_THRES": 2.0, "NUM_WORKERS": 2, "GT_SAMPLE_NAME_2_ID": "([0-9]+)", "DET_SAMPLE_NAME_2_ID": "([0-9]+)", "PER_SAMPLE_RESULTS": true}, "evaluationLog": "GT polygons: 4 (1 don't care) \nDET polygons: 1\n\nFind one-to-one matches\nFind one-to-many matches\nFind many-to-one matches\nMatch GT #[0, 1] with Det #0\n<b>Detection | PRECISION\n</b><b>Detection | RECALL\n</b><b># of false positive chars\n</b>0\n=================================\n<b>End-to-End | Recall\n</b><b>End-to-End | Precision\n</b>", "EndtoEnd": {"precision": 0.36, "recall": 0.5263157894736842, "hmean": 0.42755344418052255, "recognition_score": 0.4}, "end2endMat": [[0.0, 6.0, 0.0], [0.0, 4.0, 0.0], [0.0, 0.0, 0.0], [0.0, 0.0, 0.0], [10.0, 0.0, 0.0], [1.0, 0.0, 0.0]], "gtTrans": ["giordano", "ladies", "SPENC", "##"], "detTrans": ["etordano/indies,0.8415846"], "gtQuery": ["giordano", "ladies", "SPENC", "##"], "detQuery": ["etordano/indies,0.8415846"]}