{"Rawdata": {"det_correct_num_recall": 10.0, "det_correct_num_precision": 10.0, "chars_gt": 16, "chars_det": 10.0, "num_splitted": 0, "num_merged": 0, "num_false_positive": 0, "char_missed": 6, "char_overlapped": 0, "char_false_positive": 0, "e2e_correct_num_recall": 8.0, "e2e_correct_num_precision": 8.0, "chars_recog": 30, "e2e_char_missed": 8.0, "e2e_char_false_positive": 22.0, "e2e_recog_score_chars": 30, "e2e_recog_score_correct_num": 8.0}, "Detection": {"precision": 1.0, "recall": 0.625, "hmean": 0.7692307692307693}, "pairs": [{"gt": [1], "det": [1], "type": "OO"}, {"gt": [2], "det": [0], "type": "OO"}], "detectionMat": [[0.0, 0.0, 0.0, 0.0], [0.0, 4.0, 4.0, 0.0], [6.0, 0.0, 6.0, 0.0], [0.0, 0.0, 0.0, 0.0], [6.0, 4.0, 0.0, 0.0], [0.0, 0.0, 0.0, 0.0]], "precisionMat": [[0.0, 0.2788304184191273], [0.015350673182731749, 0.7202523041579262], [0.9796999508468819, 0.0], [0.0, 0.0]], "gtPolPoints": [[3.0, 520.0, 174.0, 460.0, 235.0, 624.0, 55.0, 701.0], [150.0, 503.0, 650.0, 311.0, 664.0, 390.0, 240.0, 590.0], [2.0, 288.0, 580.0, 201.0, 602.0, 335.0, 3.0, 505.0], [133.0, 710.0, 635.0, 441.0, 634.0, 552.0, 427.0, 716.0]], "detPolPoints": [[70.0, 297.0, 556.0, 226.0, 576.0, 362.0, 90.0, 433.0], [95.0, 527.0, 377.0, 430.0, 404.0, 507.0, 122.0, 605.0]], "gtCharPoints": [[[72.875, 593.375], [160.625, 559.125]], [[220.66666666666666, 535.6111111111111], [272.0, 513.8333333333333], [323.3333333333333, 492.05555555555554], [374.66666666666663, 470.2777777777777], [426.0, 448.5], [477.33333333333337, 426.7222222222222], [528.6666666666666, 404.9444444444444], [580.0, 383.16666666666663], [631.3333333333334, 361.38888888888886]], [[44.535714285714285, 387.32142857142856], [128.60714285714286, 368.9642857142857], [212.67857142857142, 350.60714285714283], [296.75, 332.25], [380.82142857142856, 313.8928571428571], [464.8928571428571, 295.5357142857143], [548.9642857142858, 277.17857142857144]], [[339.0833333333333, 676.9166666666666], [457.25, 604.75], [575.4166666666666, 532.5833333333333]]], "gtCharCounts": [[0.0, 0.0], [1.0, 1.0, 1.0, 1.0, 0.0, 0.0, 0.0, 0.0, 0.0], [0.0, 1.0, 1.0, 1.0, 1.0, 1.0, 1.0], [0.0, 0.0, 0.0]], "gtDontCare": [0, 3], "detDontCare": [], "evaluationParams": {"GT_PATH": "gt/gt_IC15.zip", "SUBMIT_PATH": "result/result_paddleOCR_IC15.zip", "OUTPUT_PATH": "output/", "PORT": 8080, "BOX_TYPE": "QUAD", "TRANSCRIPTION": true, "CONFIDENCES": false, "CRLF": false, "E2E": true, "CASE_SENSITIVE": true, "RS": true, "AREA_PRECISION_CONSTRAINT": 0.5, "GRANULARITY_PENALTY_WEIGHT": 1.0, "VERTICAL_ASPECT_RATIO_THRES": 2.0, "NUM_WORKERS": 2, "GT_SAMPLE_NAME_2_ID": "([0-9]+)", "DET_SAMPLE_NAME_2_ID": "([0-9]+)", "PER_SAMPLE_RESULTS": true}, "evaluationLog": "GT polygons: 4 (2 don't care) \nDET polygons: 2\n\nFind one-to-one matches\nMatch GT #1 with Det #1\nMatch GT #2 with Det #0\nFind one-to-many matches\nFind many-to-one matches\n<b>Detection | PRECISION\n</b><b>Detection | RECALL\n</b><b># of false positive chars\n</b>0\n=================================\n<b>End-to-End | Recall\n</b><b>End-to-End | Precision\n</b>", "EndtoEnd": {"precision": 0.26666666666666666, "recall": 0.5, "hmean": 0.3478260869565218, "recognition_score": 0.26666666666666666}, "end2endMat": [[0.0, 0.0, 0.0, 0.0], [0.0, 0.0, 3.0, 0.0], [0.0, 0.0, 5.0, 0.0], [0.0, 0.0, 0.0, 0.0], [5.0, 3.0, 0.0, 0.0], [0.0, 0.0, 0.0, 0.0]], "gtTrans": ["##", "esplanade", "library", "###"], "detTrans": ["ibrar,0.72164613", "mesn,0.7507114"], "gtQuery": ["##", "esplanade", "library", "###"], "detQuery": ["ibrar,0.72164613", "mesn,0.7507114"]}