{"Rawdata": {"det_correct_num_recall": 0.0, "det_correct_num_precision": 0.0, "chars_gt": 12, "chars_det": 0, "num_splitted": 0, "num_merged": 0, "num_false_positive": 0, "char_missed": 12, "char_overlapped": 0, "char_false_positive": 0, "e2e_correct_num_recall": 0.0, "e2e_correct_num_precision": 0.0, "chars_recog": 0, "e2e_char_missed": 12.0, "e2e_char_false_positive": 0.0, "e2e_recog_score_chars": 0, "e2e_recog_score_correct_num": 0.0}, "Detection": {"precision": 0.0, "recall": 0.0, "hmean": 0}, "pairs": [], "detectionMat": [[0.0, 0.0], [0.0, 0.0], [0.0, 0.0], [0.0, 0.0], [0.0, 0.0], [0.0, 0.0], [0.0, 0.0], [0.0, 0.0], [0.0, 0.0]], "precisionMat": [[], [], [], [], [], [], []], "gtPolPoints": [[108.0, 316.0, 152.0, 334.0, 145.0, 371.0, 102.0, 355.0], [105.0, 361.0, 141.0, 374.0, 139.0, 387.0, 105.0, 377.0], [426.0, 407.0, 498.0, 411.0, 498.0, 427.0, 426.0, 424.0], [351.0, 404.0, 389.0, 406.0, 388.0, 418.0, 353.0, 419.0], [397.0, 590.0, 492.0, 592.0, 484.0, 607.0, 400.0, 606.0], [1164.0, 334.0, 1222.0, 340.0, 1223.0, 373.0, 1166.0, 361.0], [914.0, 425.0, 937.0, 426.0, 937.0, 445.0, 914.0, 444.0]], "detPolPoints": [], "gtCharPoints": [[[109.35, 337.2], [118.05, 340.59999999999997], [126.75, 344.0], [135.45, 347.4], [144.14999999999998, 350.8]], [[110.83333333333333, 370.9166666666667], [122.5, 374.75], [134.16666666666666, 378.58333333333337]], [[431.14285714285717, 415.75], [441.42857142857144, 416.25], [451.7142857142857, 416.75], [462.0, 417.25], [472.28571428571433, 417.75], [482.5714285714286, 418.25], [492.8571428571429, 418.75]], [[358.0833333333333, 411.5833333333333], [370.25, 411.75], [382.41666666666663, 411.91666666666663]], [[405.9583333333333, 598.125], [420.875, 598.375], [435.79166666666663, 598.625], [450.7083333333333, 598.875], [465.625, 599.125], [480.54166666666663, 599.375]], [[1179.375, 349.75], [1208.125, 354.25]], [[919.75, 434.75], [931.25, 435.25]]], "gtCharCounts": [0.0, 0.0, 0.0, 0.0, 0.0, 0.0, 0.0], "gtDontCare": [1, 3, 4, 5, 6], "detDontCare": [], "evaluationParams": {"GT_PATH": "gt/gt_IC15.zip", "SUBMIT_PATH": "result/result_paddleOCR_IC15.zip", "OUTPUT_PATH": "output/", "PORT": 8080, "BOX_TYPE": "QUAD", "TRANSCRIPTION": true, "CONFIDENCES": false, "CRLF": false, "E2E": true, "CASE_SENSITIVE": true, "RS": true, "AREA_PRECISION_CONSTRAINT": 0.5, "GRANULARITY_PENALTY_WEIGHT": 1.0, "VERTICAL_ASPECT_RATIO_THRES": 2.0, "NUM_WORKERS": 2, "GT_SAMPLE_NAME_2_ID": "([0-9]+)", "DET_SAMPLE_NAME_2_ID": "([0-9]+)", "PER_SAMPLE_RESULTS": true}, "evaluationLog": "GT polygons: 7 (5 don't care) \nDET polygons: 0\n\nFind one-to-one matches\nFind one-to-many matches\nFind many-to-one matches\n<b>Detection | PRECISION\n</b><b>Detection | RECALL\n</b><b># of false positive chars\n</b>0\n=================================\n<b>End-to-End | Recall\n</b><b>End-to-End | Precision\n</b>", "EndtoEnd": {"precision": 0.0, "recall": 0.0, "hmean": 0, "recognition_score": 0.0}, "end2endMat": [[0.0, 0.0], [0.0, 0.0], [0.0, 0.0], [0.0, 0.0], [0.0, 0.0], [0.0, 0.0], [0.0, 0.0], [0.0, 0.0], [0.0, 0.0]], "gtTrans": ["coast", "###", "SPENCER", "###", "######", "##", "##"], "detTrans": [], "gtQuery": ["coast", "###", "SPENCER", "###", "######", "##", "##"], "detQuery": []}