{"Rawdata": {"det_correct_num_recall": 15.0, "det_correct_num_precision": 14.0, "chars_gt": 31, "chars_det": 15.0, "num_splitted": 0, "num_merged": 1, "num_false_positive": 0, "char_missed": 16, "char_overlapped": 0, "char_false_positive": 0, "e2e_correct_num_recall": 11.0, "e2e_correct_num_precision": 10.0, "chars_recog": 43, "e2e_char_missed": 20.0, "e2e_char_false_positive": 32.0, "e2e_recog_score_chars": 43, "e2e_recog_score_correct_num": 11.0}, "Detection": {"precision": 0.9333333333333333, "recall": 0.4838709677419355, "hmean": 0.6373292867981791}, "pairs": [{"gt": [4], "det": [2], "type": "OO"}, {"gt": [5], "det": [1], "type": "OO"}, {"gt": [0, 1], "det": [0], "type": "MO"}], "detectionMat": [[3.0, 0.0, 0.0, 3.0, 0.0], [5.0, 0.0, 0.0, 5.0, 0.0], [0.0, 0.0, 0.0, 0.0, 0.0], [0.0, 0.0, 0.0, 0.0, 0.0], [0.0, 0.0, 3.0, 3.0, 0.0], [0.0, 4.0, 0.0, 4.0, 0.0], [0.0, 0.0, 0.0, 0.0, 0.0], [0.0, 0.0, 0.0, 0.0, 0.0], [8.0, 4.0, 3.0, 0.0, 0.0], [1.0, 0.0, 0.0, 0.0, 0.0]], "precisionMat": [[0.1440635957955671, 0.0, 0.0], [0.36831887129768215, 0.0, 0.0], [0.0, 0.0, 0.0], [0.0, 0.0, 0.0], [0.0, 0.0, 0.999981370437213], [0.0, 0.951927026658009, 0.0], [0.0, 0.0, 0.0], [0.0, 0.0, 0.0]], "gtPolPoints": [[1.0, 230.0, 79.0, 169.0, 91.0, 222.0, 3.0, 284.0], [80.0, 171.0, 172.0, 130.0, 192.0, 191.0, 93.0, 233.0], [44.0, 255.0, 89.0, 233.0, 94.0, 254.0, 50.0, 273.0], [87.0, 237.0, 126.0, 219.0, 130.0, 239.0, 90.0, 255.0], [93.0, 415.0, 180.0, 395.0, 188.0, 427.0, 102.0, 446.0], [952.0, 284.0, 1105.0, 244.0, 1119.0, 300.0, 962.0, 336.0], [1142.0, 101.0, 1175.0, 94.0, 1180.0, 119.0, 1146.0, 125.0], [1188.0, 161.0, 1278.0, 144.0, 1279.0, 182.0, 1201.0, 198.0]], "detPolPoints": [[31.0, 186.0, 296.0, 98.0, 313.0, 148.0, 48.0, 236.0], [951.0, 283.0, 1115.0, 250.0, 1124.0, 296.0, 960.0, 330.0], [110.0, 411.0, 180.0, 406.0, 182.0, 426.0, 112.0, 431.0]], "gtCharPoints": [[[8.916666666666668, 251.875], [22.75, 241.625], [36.583333333333336, 231.375], [50.41666666666667, 221.125], [64.25, 210.875], [78.08333333333334, 200.625]], [[96.05, 197.85], [115.15, 189.54999999999998], [134.25, 181.25], [153.35, 172.95], [172.45, 164.64999999999998]], [[54.416666666666664, 260.5833333333333], [69.25, 253.74999999999997], [84.08333333333333, 246.91666666666666]], [[92.45, 244.3], [100.35000000000001, 240.9], [108.25, 237.5], [116.15, 234.10000000000002], [124.05000000000001, 230.70000000000002]], [[111.91666666666667, 427.25], [140.75, 420.75], [169.58333333333334, 414.25]], [[976.375, 305.25], [1015.125, 295.75], [1053.875, 286.25], [1092.625, 276.75]], [[1148.1875, 112.1875], [1156.5625, 110.5625], [1164.9375, 108.9375], [1173.3125, 107.3125]], [[1205.0, 177.4375], [1226.0, 173.3125], [1247.0, 169.1875], [1268.0, 165.0625]]], "gtCharCounts": [[0.0, 0.0, 0.0, 1.0, 1.0, 1.0], [1.0, 1.0, 1.0, 1.0, 1.0], [0.0, 0.0, 0.0], [0.0, 0.0, 0.0, 0.0, 0.0], [1.0, 1.0, 1.0], [1.0, 1.0, 1.0, 1.0], [0.0, 0.0, 0.0, 0.0], [0.0, 0.0, 0.0, 0.0]], "gtDontCare": [2], "detDontCare": [], "evaluationParams": {"GT_PATH": "gt/gt_IC15.zip", "SUBMIT_PATH": "result/result_paddleOCR_IC15.zip", "OUTPUT_PATH": "output/", "PORT": 8080, "BOX_TYPE": "QUAD", "TRANSCRIPTION": true, "CONFIDENCES": false, "CRLF": false, "E2E": true, "CASE_SENSITIVE": true, "RS": true, "AREA_PRECISION_CONSTRAINT": 0.5, "GRANULARITY_PENALTY_WEIGHT": 1.0, "VERTICAL_ASPECT_RATIO_THRES": 2.0, "NUM_WORKERS": 2, "GT_SAMPLE_NAME_2_ID": "([0-9]+)", "DET_SAMPLE_NAME_2_ID": "([0-9]+)", "PER_SAMPLE_RESULTS": true}, "evaluationLog": "GT polygons: 8 (1 don't care) \nDET polygons: 3\n\nFind one-to-one matches\nMatch GT #4 with Det #2\nMatch GT #5 with Det #1\nFind one-to-many matches\nFind many-to-one matches\nMatch GT #[0, 1] with Det #0\n<b>Detection | PRECISION\n</b><b>Detection | RECALL\n</b><b># of false positive chars\n</b>0\n=================================\n<b>End-to-End | Recall\n</b><b>End-to-End | Precision\n</b>", "EndtoEnd": {"precision": 0.23255813953488372, "recall": 0.3548387096774194, "hmean": 0.280970625798212, "recognition_score": 0.2558139534883721}, "end2endMat": [[0.0, 0.0, 0.0, 2.0, 0.0], [0.0, 0.0, 0.0, 2.0, 0.0], [0.0, 0.0, 0.0, 0.0, 0.0], [0.0, 0.0, 0.0, 0.0, 0.0], [0.0, 0.0, 0.0, 3.0, 0.0], [0.0, 0.0, 0.0, 4.0, 0.0], [0.0, 0.0, 0.0, 0.0, 0.0], [0.0, 0.0, 0.0, 0.0, 0.0], [4.0, 4.0, 3.0, 0.0, 0.0], [1.0, 0.0, 0.0, 0.0, 0.0]], "gtTrans": ["MARKET", "PLACE", "###", "COURT", "ODI", "PODI", "EXIT", "SUBW"], "detTrans": ["TETFTACE,0.7144586", "PODI,0.977091", "ODI,0.877454"], "gtQuery": ["MARKET", "PLACE", "###", "COURT", "ODI", "PODI", "EXIT", "SUBW"], "detQuery": ["TETFTACE,0.7144586", "PODI,0.977091", "ODI,0.877454"]}