{"Rawdata": {"det_correct_num_recall": 0.0, "det_correct_num_precision": 0.0, "chars_gt": 21, "chars_det": 0, "num_splitted": 0, "num_merged": 0, "num_false_positive": 0, "char_missed": 21, "char_overlapped": 0, "char_false_positive": 0, "e2e_correct_num_recall": 0.0, "e2e_correct_num_precision": 0.0, "chars_recog": 0, "e2e_char_missed": 21.0, "e2e_char_false_positive": 0.0, "e2e_recog_score_chars": 0, "e2e_recog_score_correct_num": 0.0}, "Detection": {"precision": 0.0, "recall": 0.0, "hmean": 0}, "pairs": [], "detectionMat": [[0.0, 0.0], [0.0, 0.0], [0.0, 0.0], [0.0, 0.0], [0.0, 0.0], [0.0, 0.0], [0.0, 0.0], [0.0, 0.0], [0.0, 0.0]], "precisionMat": [[], [], [], [], [], [], []], "gtPolPoints": [[384.0, 223.0, 433.0, 225.0, 432.0, 241.0, 384.0, 239.0], [433.0, 224.0, 473.0, 225.0, 472.0, 242.0, 433.0, 241.0], [549.0, 231.0, 622.0, 233.0, 621.0, 249.0, 548.0, 246.0], [154.0, 225.0, 186.0, 226.0, 184.0, 256.0, 152.0, 255.0], [185.0, 230.0, 205.0, 231.0, 205.0, 256.0, 185.0, 255.0], [163.0, 196.0, 200.0, 205.0, 202.0, 221.0, 158.0, 213.0], [177.0, 181.0, 194.0, 191.0, 194.0, 203.0, 164.0, 202.0]], "detPolPoints": [], "gtCharPoints": [[[388.0416666666667, 231.16666666666666], [396.125, 231.5], [404.20833333333337, 231.83333333333331], [412.2916666666667, 232.16666666666666], [420.375, 232.5], [428.45833333333337, 232.83333333333331]], [[436.95, 232.6], [444.84999999999997, 232.79999999999998], [452.75, 233.0], [460.65, 233.2], [468.55, 233.4]], [[552.15, 238.625], [559.4499999999999, 238.875], [566.75, 239.125], [574.05, 239.375], [581.35, 239.625], [588.65, 239.875], [595.9499999999999, 240.125], [603.25, 240.375], [610.55, 240.625], [617.85, 240.875]], [[161.0, 240.25], [177.0, 240.75]], [[190.0, 242.75], [200.0, 243.25]], [[167.25, 205.91666666666666], [180.75, 208.75], [194.25, 211.58333333333331]], [[176.375, 192.875], [188.125, 195.625]]], "gtCharCounts": [0.0, 0.0, 0.0, 0.0, 0.0, 0.0, 0.0], "gtDontCare": [3, 4, 5, 6], "detDontCare": [], "evaluationParams": {"GT_PATH": "gt/gt_IC15.zip", "SUBMIT_PATH": "result/result_paddleOCR_IC15.zip", "OUTPUT_PATH": "output/", "PORT": 8080, "BOX_TYPE": "QUAD", "TRANSCRIPTION": true, "CONFIDENCES": false, "CRLF": false, "E2E": true, "CASE_SENSITIVE": true, "RS": true, "AREA_PRECISION_CONSTRAINT": 0.5, "GRANULARITY_PENALTY_WEIGHT": 1.0, "VERTICAL_ASPECT_RATIO_THRES": 2.0, "NUM_WORKERS": 2, "GT_SAMPLE_NAME_2_ID": "([0-9]+)", "DET_SAMPLE_NAME_2_ID": "([0-9]+)", "PER_SAMPLE_RESULTS": true}, "evaluationLog": "GT polygons: 7 (4 don't care) \nDET polygons: 0\n\nFind one-to-one matches\nFind one-to-many matches\nFind many-to-one matches\n<b>Detection | PRECISION\n</b><b>Detection | RECALL\n</b><b># of false positive chars\n</b>0\n=================================\n<b>End-to-End | Recall\n</b><b>End-to-End | Precision\n</b>", "EndtoEnd": {"precision": 0.0, "recall": 0.0, "hmean": 0, "recognition_score": 0.0}, "end2endMat": [[0.0, 0.0], [0.0, 0.0], [0.0, 0.0], [0.0, 0.0], [0.0, 0.0], [0.0, 0.0], [0.0, 0.0], [0.0, 0.0], [0.0, 0.0]], "gtTrans": ["RYOSHI", "SUSHI", "IKEIKEMARU", "##", "##", "###", "##"], "detTrans": [], "gtQuery": ["RYOSHI", "SUSHI", "IKEIKEMARU", "##", "##", "###", "##"], "detQuery": []}