{"Rawdata": {"det_correct_num_recall": 0.0, "det_correct_num_precision": 0.0, "chars_gt": 4, "chars_det": 1.0, "num_splitted": 0, "num_merged": 0, "num_false_positive": 1, "char_missed": 4, "char_overlapped": 0, "char_false_positive": 1, "e2e_correct_num_recall": 0.0, "e2e_correct_num_precision": 0.0, "chars_recog": 13, "e2e_char_missed": 4.0, "e2e_char_false_positive": 13.0, "e2e_recog_score_chars": 0, "e2e_recog_score_correct_num": 0.0}, "Detection": {"precision": 0.0, "recall": 0.0, "hmean": 0}, "pairs": [], "detectionMat": [[0.0, 0.0, 0.0], [0.0, 0.0, 0.0], [0.0, 0.0, 0.0], [0.0, 0.0, 0.0]], "precisionMat": [[0.0], [0.0]], "gtPolPoints": [[1150.0, 138.0, 1189.0, 134.0, 1190.0, 153.0, 1151.0, 157.0], [943.0, 0.0, 1113.0, 1.0, 1113.0, 22.0, 945.0, 85.0]], "detPolPoints": [[908.0, 190.0, 970.0, 187.0, 976.0, 297.0, 914.0, 300.0]], "gtCharPoints": [[[1155.375, 147.0], [1165.125, 146.0], [1174.875, 145.0], [1184.625, 144.0]], [[965.125, 38.625], [1007.375, 30.875], [1049.625, 23.125], [1091.875, 15.375]]], "gtCharCounts": [[0.0, 0.0, 0.0, 0.0], [0.0, 0.0, 0.0, 0.0]], "gtDontCare": [1], "detDontCare": [], "evaluationParams": {"GT_PATH": "gt/gt_IC15.zip", "SUBMIT_PATH": "result/result_paddleOCR_IC15.zip", "OUTPUT_PATH": "output/", "PORT": 8080, "BOX_TYPE": "QUAD", "TRANSCRIPTION": true, "CONFIDENCES": false, "CRLF": false, "E2E": true, "CASE_SENSITIVE": true, "RS": true, "AREA_PRECISION_CONSTRAINT": 0.5, "GRANULARITY_PENALTY_WEIGHT": 1.0, "VERTICAL_ASPECT_RATIO_THRES": 2.0, "NUM_WORKERS": 2, "GT_SAMPLE_NAME_2_ID": "([0-9]+)", "DET_SAMPLE_NAME_2_ID": "([0-9]+)", "PER_SAMPLE_RESULTS": true}, "evaluationLog": "GT polygons: 2 (1 don't care) \nDET polygons: 1\n\nFind one-to-one matches\nFind one-to-many matches\nFind many-to-one matches\n<b>Detection | PRECISION\n</b><b>Detection | RECALL\n</b><b># of false positive chars\n</b>1\n=================================\n<b>End-to-End | Recall\n</b><b>End-to-End | Precision\n</b>", "EndtoEnd": {"precision": 0.0, "recall": 0.0, "hmean": 0, "recognition_score": 0.0}, "end2endMat": [[0.0, 0.0, 0.0], [0.0, 0.0, 0.0], [0.0, 0.0, 0.0], [0.0, 0.0, 0.0]], "gtTrans": ["EXIT", "####"], "detTrans": ["DK,0.56105953"], "gtQuery": ["EXIT", "####"], "detQuery": ["DK,0.56105953"]}