{"Rawdata": {"det_correct_num_recall": 11.0, "det_correct_num_precision": 10.0, "chars_gt": 19, "chars_det": 11.0, "num_splitted": 0, "num_merged": 1, "num_false_positive": 0, "char_missed": 8, "char_overlapped": 0, "char_false_positive": 0, "e2e_correct_num_recall": 7.0, "e2e_correct_num_precision": 6.0, "chars_recog": 34, "e2e_char_missed": 12.0, "e2e_char_false_positive": 27.0, "e2e_recog_score_chars": 34, "e2e_recog_score_correct_num": 7.0}, "Detection": {"precision": 0.9090909090909091, "recall": 0.5789473684210527, "hmean": 0.7073954983922829}, "pairs": [{"gt": [6], "det": [0], "type": "OO"}, {"gt": [3, 5], "det": [1], "type": "MO"}], "detectionMat": [[0.0, 0.0, 0.0, 0.0], [0.0, 0.0, 0.0, 0.0], [0.0, 0.0, 0.0, 0.0], [0.0, 4.0, 4.0, 0.0], [0.0, 0.0, 0.0, 0.0], [0.0, 4.0, 4.0, 0.0], [3.0, 0.0, 3.0, 0.0], [0.0, 0.0, 0.0, 0.0], [0.0, 0.0, 0.0, 0.0], [0.0, 0.0, 0.0, 0.0], [0.0, 0.0, 0.0, 0.0], [0.0, 0.0, 0.0, 0.0], [3.0, 8.0, 0.0, 0.0], [0.0, 1.0, 0.0, 0.0]], "precisionMat": [[0.0, 0.0], [0.0, 0.0], [0.0, 0.1986856265975885], [0.0, 0.3802800529859189], [0.0, 0.023732494502453367], [0.0, 0.27676539469413625], [0.9988248838911961, 0.010344031953956358], [0.0, 0.0], [0.0, 0.0], [0.0, 0.0], [0.0, 0.0], [0.0, 0.0]], "gtPolPoints": [[584.0, 100.0, 615.0, 95.0, 619.0, 121.0, 584.0, 128.0], [529.0, 113.0, 581.0, 104.0, 583.0, 129.0, 534.0, 135.0], [1058.0, 90.0, 1115.0, 78.0, 1127.0, 128.0, 1062.0, 146.0], [1125.0, 75.0, 1242.0, 63.0, 1248.0, 128.0, 1130.0, 131.0], [1243.0, 78.0, 1278.0, 68.0, 1279.0, 125.0, 1252.0, 125.0], [960.0, 102.0, 1047.0, 91.0, 1048.0, 144.0, 959.0, 153.0], [938.0, 1.0, 1277.0, 1.0, 1278.0, 60.0, 945.0, 104.0], [621.0, 97.0, 643.0, 93.0, 649.0, 120.0, 622.0, 125.0], [647.0, 86.0, 687.0, 82.0, 691.0, 113.0, 646.0, 119.0], [348.0, 144.0, 390.0, 136.0, 390.0, 158.0, 348.0, 162.0], [691.0, 78.0, 796.0, 61.0, 799.0, 100.0, 693.0, 116.0], [389.0, 136.0, 442.0, 127.0, 441.0, 152.0, 388.0, 161.0]], "detPolPoints": [[946.0, 7.0, 1155.0, 0.0, 1164.0, 50.0, 956.0, 78.0], [945.0, 101.0, 1252.0, 69.0, 1258.0, 119.0, 950.0, 151.0]], "gtCharPoints": [[[592.25, 112.5], [608.75, 109.5]], [[535.1071428571429, 123.46428571428571], [542.3214285714286, 122.39285714285714], [549.5357142857143, 121.32142857142857], [556.75, 120.25], [563.9642857142858, 119.17857142857142], [571.1785714285714, 118.10714285714285], [578.3928571428572, 117.03571428571428]], [[1075.25, 114.25], [1105.75, 106.75]], [[1142.1875, 102.0625], [1171.5625, 100.1875], [1200.9375, 98.3125], [1230.3125, 96.4375]], [[1255.25, 100.25], [1270.75, 97.75]], [[970.5, 126.25], [992.5, 123.75], [1014.5, 121.25], [1036.5, 118.75]], [[983.5, 49.75], [1067.5, 44.25], [1151.5, 38.75], [1235.5, 33.25]], [[627.625, 109.875], [639.875, 107.625]], [[657.125, 101.25], [678.375, 98.75]], [[355.0, 152.0], [369.0, 150.0], [383.0, 148.0]], [[709.5833333333334, 94.25], [744.75, 88.75], [779.9166666666667, 83.25]], [[397.3333333333333, 147.0], [415.0, 144.0], [432.66666666666663, 141.0]]], "gtCharCounts": [[0.0, 0.0], [0.0, 0.0, 0.0, 0.0, 0.0, 0.0, 0.0], [0.0, 0.0], [1.0, 1.0, 1.0, 1.0], [0.0, 0.0], [1.0, 1.0, 1.0, 1.0], [1.0, 1.0, 1.0, 0.0], [0.0, 0.0], [0.0, 0.0], [0.0, 0.0, 0.0], [0.0, 0.0, 0.0], [0.0, 0.0, 0.0]], "gtDontCare": [0, 2, 4, 7, 8, 9, 10, 11], "detDontCare": [], "evaluationParams": {"GT_PATH": "gt/gt_IC15.zip", "SUBMIT_PATH": "result/result_paddleOCR_IC15.zip", "OUTPUT_PATH": "output/", "PORT": 8080, "BOX_TYPE": "QUAD", "TRANSCRIPTION": true, "CONFIDENCES": false, "CRLF": false, "E2E": true, "CASE_SENSITIVE": true, "RS": true, "AREA_PRECISION_CONSTRAINT": 0.5, "GRANULARITY_PENALTY_WEIGHT": 1.0, "VERTICAL_ASPECT_RATIO_THRES": 2.0, "NUM_WORKERS": 2, "GT_SAMPLE_NAME_2_ID": "([0-9]+)", "DET_SAMPLE_NAME_2_ID": "([0-9]+)", "PER_SAMPLE_RESULTS": true}, "evaluationLog": "GT polygons: 12 (8 don't care) \nDET polygons: 2\n\nFind one-to-one matches\nMatch GT #6 with Det #0\nFind one-to-many matches\nFind many-to-one matches\nMatch GT #[3, 5] with Det #1\n<b>Detection | PRECISION\n</b><b>Detection | RECALL\n</b><b># of false positive chars\n</b>0\n=================================\n<b>End-to-End | Recall\n</b><b>End-to-End | Precision\n</b>", "EndtoEnd": {"precision": 0.17647058823529413, "recall": 0.3684210526315789, "hmean": 0.23863636363636365, "recognition_score": 0.20588235294117646}, "end2endMat": [[0.0, 0.0, 0.0, 0.0], [0.0, 0.0, 0.0, 0.0], [0.0, 0.0, 0.0, 0.0], [0.0, 0.0, 4.0, 0.0], [0.0, 0.0, 0.0, 0.0], [0.0, 0.0, 3.0, 0.0], [0.0, 0.0, 0.0, 0.0], [0.0, 0.0, 0.0, 0.0], [0.0, 0.0, 0.0, 0.0], [0.0, 0.0, 0.0, 0.0], [0.0, 0.0, 0.0, 0.0], [0.0, 0.0, 0.0, 0.0], [0.0, 7.0, 0.0, 0.0], [0.0, 1.0, 0.0, 0.0]], "gtTrans": ["##", "CRYSTAL", "##", "TAXI", "##", "NEXT", "Towe", "##", "##", "###", "###", "###"], "detTrans": ["Or,0.523619", "INEXT TO TAXI,0.9288056"], "gtQuery": ["##", "CRYSTAL", "##", "TAXI", "##", "NEXT", "Towe", "##", "##", "###", "###", "###"], "detQuery": ["Or,0.523619", "INEXT TO TAXI,0.9288056"]}