{"Rawdata": {"det_correct_num_recall": 13.0, "det_correct_num_precision": 11.0, "chars_gt": 13, "chars_det": 13.0, "num_splitted": 0, "num_merged": 1, "num_false_positive": 0, "char_missed": 0, "char_overlapped": 0, "char_false_positive": 0, "e2e_correct_num_recall": 11.0, "e2e_correct_num_precision": 9.0, "chars_recog": 22, "e2e_char_missed": 2.0, "e2e_char_false_positive": 11.0, "e2e_recog_score_chars": 22, "e2e_recog_score_correct_num": 11.0}, "Detection": {"precision": 0.8461538461538461, "recall": 1.0, "hmean": 0.9166666666666666}, "pairs": [{"gt": [3], "det": [0], "type": "OO"}, {"gt": [1, 2, 3], "det": [0], "type": "MO"}], "detectionMat": [[0.0, 0.0, 0.0], [3.0, 3.0, 0.0], [4.0, 4.0, 0.0], [6.0, 6.0, 0.0], [0.0, 0.0, 0.0], [13.0, 0.0, 0.0], [2.0, 0.0, 0.0]], "precisionMat": [[0.0], [0.05172435181739204], [0.2255500611102988], [0.640593297903371], [0.0]], "gtPolPoints": [[303.0, 229.0, 323.0, 228.0, 323.0, 239.0, 303.0, 239.0], [632.0, 248.0, 651.0, 243.0, 656.0, 286.0, 637.0, 291.0], [651.0, 249.0, 746.0, 225.0, 749.0, 260.0, 655.0, 285.0], [748.0, 223.0, 999.0, 154.0, 1010.0, 197.0, 757.0, 259.0], [219.0, 251.0, 231.0, 253.0, 231.0, 260.0, 221.0, 261.0]], "detPolPoints": [[628.0, 250.0, 992.0, 156.0, 1002.0, 193.0, 638.0, 287.0]], "gtCharPoints": [[[308.0, 233.875], [318.0, 233.625]], [[645.6666666666666, 281.3333333333333], [644.0, 267.0], [642.3333333333333, 252.66666666666666]], [[664.8125, 263.9375], [688.4375, 257.8125], [712.0625, 251.6875], [735.6875, 245.5625]], [[773.5, 235.54166666666666], [815.5, 224.625], [857.5, 213.70833333333331], [899.5, 202.79166666666666], [941.5, 191.875], [983.5, 180.95833333333331]], [[222.75, 256.125], [228.25, 256.375]]], "gtCharCounts": [[0.0, 0.0], [1.0, 1.0, 1.0], [1.0, 1.0, 1.0, 1.0], [1.0, 1.0, 1.0, 1.0, 1.0, 1.0], [0.0, 0.0]], "gtDontCare": [0, 4], "detDontCare": [], "evaluationParams": {"GT_PATH": "gt/gt_IC15.zip", "SUBMIT_PATH": "result/result_paddleOCR_IC15.zip", "OUTPUT_PATH": "output/", "PORT": 8080, "BOX_TYPE": "QUAD", "TRANSCRIPTION": true, "CONFIDENCES": false, "CRLF": false, "E2E": true, "CASE_SENSITIVE": true, "RS": true, "AREA_PRECISION_CONSTRAINT": 0.5, "GRANULARITY_PENALTY_WEIGHT": 1.0, "VERTICAL_ASPECT_RATIO_THRES": 2.0, "NUM_WORKERS": 2, "GT_SAMPLE_NAME_2_ID": "([0-9]+)", "DET_SAMPLE_NAME_2_ID": "([0-9]+)", "PER_SAMPLE_RESULTS": true}, "evaluationLog": "GT polygons: 5 (2 don't care) \nDET polygons: 1\n\nFind one-to-one matches\nMatch GT #3 with Det #0\nFind one-to-many matches\nFind many-to-one matches\nMatch GT #[1, 2, 3] with Det #0\n<b>Detection | PRECISION\n</b><b>Detection | RECALL\n</b><b># of false positive chars\n</b>0\n=================================\n<b>End-to-End | Recall\n</b><b>End-to-End | Precision\n</b>", "EndtoEnd": {"precision": 0.4090909090909091, "recall": 0.8461538461538461, "hmean": 0.5515320334261838, "recognition_score": 0.5}, "end2endMat": [[0.0, 0.0, 0.0], [0.0, 1.0, 0.0], [0.0, 4.0, 0.0], [0.0, 6.0, 0.0], [0.0, 0.0, 0.0], [11.0, 0.0, 0.0], [2.0, 0.0, 0.0]], "gtTrans": ["##", "dr.", "CAFE", "COFFEE", "##"], "detTrans": ["NCAFE COFFEE,0.9375722"], "gtQuery": ["##", "dr.", "CAFE", "COFFEE", "##"], "detQuery": ["NCAFE COFFEE,0.9375722"]}