{"Rawdata": {"det_correct_num_recall": 0.0, "det_correct_num_precision": 0.0, "chars_gt": 5, "chars_det": 0, "num_splitted": 0, "num_merged": 0, "num_false_positive": 0, "char_missed": 5, "char_overlapped": 0, "char_false_positive": 0, "e2e_correct_num_recall": 0.0, "e2e_correct_num_precision": 0.0, "chars_recog": 0, "e2e_char_missed": 5.0, "e2e_char_false_positive": 0.0, "e2e_recog_score_chars": 0, "e2e_recog_score_correct_num": 0.0}, "Detection": {"precision": 0.0, "recall": 0.0, "hmean": 0}, "pairs": [], "detectionMat": [[0.0, 0.0], [0.0, 0.0], [0.0, 0.0], [0.0, 0.0], [0.0, 0.0], [0.0, 0.0], [0.0, 0.0], [0.0, 0.0], [0.0, 0.0], [0.0, 0.0]], "precisionMat": [[], [], [], [], [], [], [], []], "gtPolPoints": [[285.0, 14.0, 355.0, 64.0, 352.0, 111.0, 282.0, 61.0], [830.0, 516.0, 917.0, 526.0, 917.0, 548.0, 830.0, 538.0], [802.0, 273.0, 875.0, 261.0, 875.0, 284.0, 802.0, 295.0], [720.0, 286.0, 748.0, 290.0, 748.0, 306.0, 720.0, 303.0], [442.0, 435.0, 472.0, 433.0, 473.0, 454.0, 443.0, 456.0], [452.0, 168.0, 483.0, 188.0, 481.0, 211.0, 450.0, 191.0], [251.0, 1.0, 279.0, 1.0, 276.0, 49.0, 209.0, 2.0], [226.0, 1.0, 246.0, 1.0, 246.0, 29.0, 226.0, 29.0]], "detPolPoints": [], "gtCharPoints": [[[290.5, 42.5], [304.5, 52.5], [318.5, 62.5], [332.5, 72.5], [346.5, 82.5]], [[840.875, 528.25], [862.625, 530.75], [884.375, 533.25], [906.125, 535.75]], [[811.125, 282.5625], [829.375, 279.6875], [847.625, 276.8125], [865.875, 273.9375]], [[727.0, 295.375], [741.0, 297.125]], [[450.0, 445.0], [465.0, 444.0]], [[458.75, 184.5], [474.25, 194.5]], [[241.875, 7.375], [265.625, 19.125]], [[231.0, 15.0], [241.0, 15.0]]], "gtCharCounts": [0.0, 0.0, 0.0, 0.0, 0.0, 0.0, 0.0, 0.0], "gtDontCare": [1, 2, 3, 4, 5, 6, 7], "detDontCare": [], "evaluationParams": {"GT_PATH": "gt/gt_IC15.zip", "SUBMIT_PATH": "result/result_paddleOCR_IC15.zip", "OUTPUT_PATH": "output/", "PORT": 8080, "BOX_TYPE": "QUAD", "TRANSCRIPTION": true, "CONFIDENCES": false, "CRLF": false, "E2E": true, "CASE_SENSITIVE": true, "RS": true, "AREA_PRECISION_CONSTRAINT": 0.5, "GRANULARITY_PENALTY_WEIGHT": 1.0, "VERTICAL_ASPECT_RATIO_THRES": 2.0, "NUM_WORKERS": 2, "GT_SAMPLE_NAME_2_ID": "([0-9]+)", "DET_SAMPLE_NAME_2_ID": "([0-9]+)", "PER_SAMPLE_RESULTS": true}, "evaluationLog": "GT polygons: 8 (7 don't care) \nDET polygons: 0\n\nFind one-to-one matches\nFind one-to-many matches\nFind many-to-one matches\n<b>Detection | PRECISION\n</b><b>Detection | RECALL\n</b><b># of false positive chars\n</b>0\n=================================\n<b>End-to-End | Recall\n</b><b>End-to-End | Precision\n</b>", "EndtoEnd": {"precision": 0.0, "recall": 0.0, "hmean": 0, "recognition_score": 0.0}, "end2endMat": [[0.0, 0.0], [0.0, 0.0], [0.0, 0.0], [0.0, 0.0], [0.0, 0.0], [0.0, 0.0], [0.0, 0.0], [0.0, 0.0], [0.0, 0.0], [0.0, 0.0]], "gtTrans": ["Louis", "####", "####", "##", "##", "##", "##", "##"], "detTrans": [], "gtQuery": ["Louis", "####", "####", "##", "##", "##", "##", "##"], "detQuery": []}