{"Rawdata": {"det_correct_num_recall": 7.0, "det_correct_num_precision": 7.0, "chars_gt": 19, "chars_det": 7.0, "num_splitted": 0, "num_merged": 0, "num_false_positive": 0, "char_missed": 12, "char_overlapped": 0, "char_false_positive": 0, "e2e_correct_num_recall": 8.0, "e2e_correct_num_precision": 8.0, "chars_recog": 19, "e2e_char_missed": 11.0, "e2e_char_false_positive": 11.0, "e2e_recog_score_chars": 19, "e2e_recog_score_correct_num": 8.0}, "Detection": {"precision": 1.0, "recall": 0.3684210526315789, "hmean": 0.5384615384615384}, "pairs": [{"gt": [2], "det": [0], "type": "OO"}], "detectionMat": [[0.0, 0.0, 0.0], [0.0, 0.0, 0.0], [7.0, 7.0, 0.0], [0.0, 0.0, 0.0], [0.0, 0.0, 0.0], [7.0, 0.0, 0.0], [0.0, 0.0, 0.0]], "precisionMat": [[0.0], [0.0], [1.0], [0.0], [0.0]], "gtPolPoints": [[369.0, 178.0, 446.0, 210.0, 440.0, 264.0, 363.0, 233.0], [447.0, 223.0, 477.0, 238.0, 469.0, 278.0, 439.0, 263.0], [853.0, 21.0, 953.0, 16.0, 953.0, 36.0, 853.0, 41.0], [333.0, 186.0, 366.0, 180.0, 367.0, 200.0, 335.0, 206.0], [397.0, 325.0, 446.0, 316.0, 447.0, 336.0, 398.0, 345.0]], "detPolPoints": [[860.0, 21.0, 947.0, 21.0, 947.0, 36.0, 860.0, 36.0]], "gtCharPoints": [[[372.4166666666667, 208.125], [385.25, 213.375], [398.08333333333337, 218.625], [410.9166666666667, 223.875], [423.75, 229.125], [436.58333333333337, 234.375]], [[446.75, 244.875], [454.25, 248.625], [461.75, 252.375], [469.25, 256.125]], [[858.5555555555555, 30.72222222222222], [869.6666666666666, 30.166666666666664], [880.7777777777777, 29.61111111111111], [891.8888888888889, 29.055555555555554], [903.0, 28.5], [914.1111111111111, 27.944444444444443], [925.2222222222222, 27.38888888888889], [936.3333333333333, 26.833333333333332], [947.4444444444445, 26.27777777777778]], [[342.125, 194.5], [358.375, 191.5]], [[405.6666666666667, 333.5], [422.0, 330.5], [438.33333333333337, 327.5]]], "gtCharCounts": [[0.0, 0.0, 0.0, 0.0, 0.0, 0.0], [0.0, 0.0, 0.0, 0.0], [0.0, 1.0, 1.0, 1.0, 1.0, 1.0, 1.0, 1.0, 0.0], [0.0, 0.0], [0.0, 0.0, 0.0]], "gtDontCare": [3, 4], "detDontCare": [], "evaluationParams": {"GT_PATH": "gt/gt_IC15.zip", "SUBMIT_PATH": "result/result_paddleOCR_IC15.zip", "OUTPUT_PATH": "output/", "PORT": 8080, "BOX_TYPE": "QUAD", "TRANSCRIPTION": true, "CONFIDENCES": false, "CRLF": false, "E2E": true, "CASE_SENSITIVE": true, "RS": true, "AREA_PRECISION_CONSTRAINT": 0.5, "GRANULARITY_PENALTY_WEIGHT": 1.0, "VERTICAL_ASPECT_RATIO_THRES": 2.0, "NUM_WORKERS": 2, "GT_SAMPLE_NAME_2_ID": "([0-9]+)", "DET_SAMPLE_NAME_2_ID": "([0-9]+)", "PER_SAMPLE_RESULTS": true}, "evaluationLog": "GT polygons: 5 (2 don't care) \nDET polygons: 1\n\nFind one-to-one matches\nMatch GT #2 with Det #0\nFind one-to-many matches\nFind many-to-one matches\n<b>Detection | PRECISION\n</b><b>Detection | RECALL\n</b><b># of false positive chars\n</b>0\n=================================\n<b>End-to-End | Recall\n</b><b>End-to-End | Precision\n</b>", "EndtoEnd": {"precision": 0.42105263157894735, "recall": 0.42105263157894735, "hmean": 0.42105263157894735, "recognition_score": 0.42105263157894735}, "end2endMat": [[0.0, 0.0, 0.0], [0.0, 0.0, 0.0], [0.0, 8.0, 0.0], [0.0, 0.0, 0.0], [0.0, 0.0, 0.0], [8.0, 0.0, 0.0], [0.0, 0.0, 0.0]], "gtTrans": ["BURGER", "KING", "Beanstro,", "##", "###"], "detTrans": ["Beanstio,0.94390583"], "gtQuery": ["BURGER", "KING", "Beanstro,", "##", "###"], "detQuery": ["Beanstio,0.94390583"]}