{"Rawdata": {"det_correct_num_recall": 5.0, "det_correct_num_precision": 5.0, "chars_gt": 5, "chars_det": 5.0, "num_splitted": 0, "num_merged": 0, "num_false_positive": 0, "char_missed": 0, "char_overlapped": 0, "char_false_positive": 0, "e2e_correct_num_recall": 1.0, "e2e_correct_num_precision": 1.0, "chars_recog": 15, "e2e_char_missed": 4.0, "e2e_char_false_positive": 14.0, "e2e_recog_score_chars": 15, "e2e_recog_score_correct_num": 1.0}, "Detection": {"precision": 1.0, "recall": 1.0, "hmean": 1.0}, "pairs": [{"gt": [0], "det": [0], "type": "OO"}], "detectionMat": [[5.0, 5.0, 0.0], [0.0, 0.0, 0.0], [5.0, 0.0, 0.0], [0.0, 0.0, 0.0]], "precisionMat": [[0.8576097974766382], [0.0]], "gtPolPoints": [[225.0, 41.0, 359.0, 68.0, 358.0, 114.0, 223.0, 86.0], [529.0, 152.0, 599.0, 160.0, 600.0, 176.0, 530.0, 168.0]], "detPolPoints": [[236.0, 34.0, 364.0, 67.0, 351.0, 117.0, 223.0, 84.0]], "gtCharPoints": [[[237.45, 66.25], [264.34999999999997, 71.75], [291.25, 77.25], [318.15, 82.75], [345.04999999999995, 88.25]], [[536.5, 160.8], [550.5, 162.4], [564.5, 164.0], [578.5, 165.60000000000002], [592.5, 167.20000000000002]]], "gtCharCounts": [[1.0, 1.0, 1.0, 1.0, 1.0], [0.0, 0.0, 0.0, 0.0, 0.0]], "gtDontCare": [1], "detDontCare": [], "evaluationParams": {"GT_PATH": "gt/gt_IC15.zip", "SUBMIT_PATH": "result/result_paddleOCR_IC15.zip", "OUTPUT_PATH": "output/", "PORT": 8080, "BOX_TYPE": "QUAD", "TRANSCRIPTION": true, "CONFIDENCES": false, "CRLF": false, "E2E": true, "CASE_SENSITIVE": true, "RS": true, "AREA_PRECISION_CONSTRAINT": 0.5, "GRANULARITY_PENALTY_WEIGHT": 1.0, "VERTICAL_ASPECT_RATIO_THRES": 2.0, "NUM_WORKERS": 2, "GT_SAMPLE_NAME_2_ID": "([0-9]+)", "DET_SAMPLE_NAME_2_ID": "([0-9]+)", "PER_SAMPLE_RESULTS": true}, "evaluationLog": "GT polygons: 2 (1 don't care) \nDET polygons: 1\n\nFind one-to-one matches\nMatch GT #0 with Det #0\nFind one-to-many matches\nFind many-to-one matches\n<b>Detection | PRECISION\n</b><b>Detection | RECALL\n</b><b># of false positive chars\n</b>0\n=================================\n<b>End-to-End | Recall\n</b><b>End-to-End | Precision\n</b>", "EndtoEnd": {"precision": 0.06666666666666667, "recall": 0.2, "hmean": 0.1, "recognition_score": 0.06666666666666667}, "end2endMat": [[0.0, 1.0, 0.0], [0.0, 0.0, 0.0], [1.0, 0.0, 0.0], [0.0, 0.0, 0.0]], "gtTrans": ["BALLY", "#####"], "detTrans": ["GACN,0.56270874"], "gtQuery": ["BALLY", "#####"], "detQuery": ["GACN,0.56270874"]}