{"Rawdata": {"det_correct_num_recall": 14.0, "det_correct_num_precision": 11.0, "chars_gt": 24, "chars_det": 14.0, "num_splitted": 0, "num_merged": 1, "num_false_positive": 0, "char_missed": 10, "char_overlapped": 0, "char_false_positive": 0, "e2e_correct_num_recall": 12.0, "e2e_correct_num_precision": 9.0, "chars_recog": 27, "e2e_char_missed": 12.0, "e2e_char_false_positive": 15.0, "e2e_recog_score_chars": 27, "e2e_recog_score_correct_num": 12.0}, "Detection": {"precision": 0.7857142857142857, "recall": 0.5833333333333334, "hmean": 0.6695652173913044}, "pairs": [{"gt": [1, 5, 7, 8], "det": [0], "type": "MO"}], "detectionMat": [[0.0, 0.0, 0.0], [4.0, 4.0, 0.0], [0.0, 0.0, 0.0], [0.0, 0.0, 0.0], [0.0, 0.0, 0.0], [3.0, 3.0, 0.0], [0.0, 0.0, 0.0], [3.0, 3.0, 0.0], [4.0, 4.0, 0.0], [0.0, 0.0, 0.0], [0.0, 0.0, 0.0], [0.0, 0.0, 0.0], [0.0, 0.0, 0.0], [14.0, 0.0, 0.0], [3.0, 0.0, 0.0]], "precisionMat": [[0.0], [0.25618111408996125], [0.0], [0.0], [0.0], [0.14614443989845297], [0.0], [0.21805183199285075], [0.23220107100981868], [0.0], [0.0], [0.0], [0.0]], "gtPolPoints": [[685.0, 67.0, 712.0, 83.0, 717.0, 127.0, 690.0, 110.0], [432.0, 296.0, 475.0, 292.0, 475.0, 312.0, 432.0, 316.0], [710.0, 98.0, 755.0, 122.0, 757.0, 158.0, 712.0, 133.0], [479.0, 214.0, 534.0, 205.0, 534.0, 229.0, 479.0, 238.0], [476.0, 236.0, 536.0, 228.0, 540.0, 252.0, 480.0, 260.0], [406.0, 303.0, 433.0, 298.0, 431.0, 317.0, 404.0, 322.0], [622.0, 1.0, 681.0, 55.0, 685.0, 103.0, 624.0, 59.0], [475.0, 294.0, 516.0, 288.0, 515.0, 306.0, 474.0, 312.0], [519.0, 286.0, 558.0, 280.0, 555.0, 303.0, 516.0, 309.0], [0.0, 283.0, 136.0, 287.0, 136.0, 315.0, 2.0, 312.0], [235.0, 300.0, 283.0, 301.0, 284.0, 319.0, 236.0, 317.0], [1070.0, 224.0, 1129.0, 217.0, 1136.0, 236.0, 1077.0, 243.0], [704.0, 450.0, 724.0, 448.0, 726.0, 473.0, 704.0, 474.0]], "detPolPoints": [[403.0, 299.0, 553.0, 280.0, 556.0, 302.0, 406.0, 321.0]], "gtCharPoints": [[[694.25, 92.625], [707.75, 100.875]], [[437.375, 305.5], [448.125, 304.5], [458.875, 303.5], [469.625, 302.5]], [[722.25, 121.625], [744.75, 133.875]], [[488.1666666666667, 224.5], [506.5, 221.5], [524.8333333333334, 218.5]], [[488.0, 246.66666666666666], [508.0, 244.0], [528.0, 241.33333333333331]], [[409.5, 311.6666666666667], [418.5, 310.0], [427.5, 308.33333333333337]], [[630.5, 36.125], [645.5, 48.375], [660.5, 60.625], [675.5, 72.875]], [[481.3333333333333, 302.0], [495.0, 300.0], [508.66666666666663, 298.0]], [[522.375, 296.75], [532.125, 295.25], [541.875, 293.75], [551.625, 292.25]], [[14.5, 297.85], [41.5, 298.55], [68.5, 299.25], [95.5, 299.95000000000005], [122.5, 300.65000000000003]], [[243.5, 308.75], [259.5, 309.25], [275.5, 309.75]], [[1083.3333333333333, 232.33333333333334], [1103.0, 230.0], [1122.6666666666665, 227.66666666666669]], [[709.25, 461.625], [719.75, 460.875]]], "gtCharCounts": [[0.0, 0.0], [1.0, 1.0, 1.0, 1.0], [0.0, 0.0], [0.0, 0.0, 0.0], [0.0, 0.0, 0.0], [1.0, 1.0, 1.0], [0.0, 0.0, 0.0, 0.0], [1.0, 1.0, 1.0], [1.0, 1.0, 1.0, 1.0], [0.0, 0.0, 0.0, 0.0, 0.0], [0.0, 0.0, 0.0], [0.0, 0.0, 0.0], [0.0, 0.0]], "gtDontCare": [0, 2, 9, 10, 11, 12], "detDontCare": [], "evaluationParams": {"GT_PATH": "gt/gt_IC15.zip", "SUBMIT_PATH": "result/result_paddleOCR_IC15.zip", "OUTPUT_PATH": "output/", "PORT": 8080, "BOX_TYPE": "QUAD", "TRANSCRIPTION": true, "CONFIDENCES": false, "CRLF": false, "E2E": true, "CASE_SENSITIVE": true, "RS": true, "AREA_PRECISION_CONSTRAINT": 0.5, "GRANULARITY_PENALTY_WEIGHT": 1.0, "VERTICAL_ASPECT_RATIO_THRES": 2.0, "NUM_WORKERS": 2, "GT_SAMPLE_NAME_2_ID": "([0-9]+)", "DET_SAMPLE_NAME_2_ID": "([0-9]+)", "PER_SAMPLE_RESULTS": true}, "evaluationLog": "GT polygons: 13 (6 don't care) \nDET polygons: 1\n\nFind one-to-one matches\nFind one-to-many matches\nFind many-to-one matches\nMatch GT #[1, 5, 7, 8] with Det #0\n<b>Detection | PRECISION\n</b><b>Detection | RECALL\n</b><b># of false positive chars\n</b>0\n=================================\n<b>End-to-End | Recall\n</b><b>End-to-End | Precision\n</b>", "EndtoEnd": {"precision": 0.3333333333333333, "recall": 0.5, "hmean": 0.4, "recognition_score": 0.4444444444444444}, "end2endMat": [[0.0, 0.0, 0.0], [0.0, 3.0, 0.0], [0.0, 0.0, 0.0], [0.0, 0.0, 0.0], [0.0, 0.0, 0.0], [0.0, 3.0, 0.0], [0.0, 0.0, 0.0], [0.0, 3.0, 0.0], [0.0, 3.0, 0.0], [0.0, 0.0, 0.0], [0.0, 0.0, 0.0], [0.0, 0.0, 0.0], [0.0, 0.0, 0.0], [12.0, 0.0, 0.0], [3.0, 0.0, 0.0]], "gtTrans": ["##", "YOUR", "##", "NEW", "ERA", "FLY", "MAKE", "OWN", "FLAG", "#####", "###", "###", "##"], "detTrans": ["FLY YDUROWN FLAC,0.89882344"], "gtQuery": ["##", "YOUR", "##", "NEW", "ERA", "FLY", "MAKE", "OWN", "FLAG", "#####", "###", "###", "##"], "detQuery": ["FLY YDUROWN FLAC,0.89882344"]}