{"Rawdata": {"det_correct_num_recall": 10.0, "det_correct_num_precision": 10.0, "chars_gt": 20, "chars_det": 10.0, "num_splitted": 0, "num_merged": 0, "num_false_positive": 0, "char_missed": 10, "char_overlapped": 0, "char_false_positive": 0, "e2e_correct_num_recall": 8.0, "e2e_correct_num_precision": 8.0, "chars_recog": 31, "e2e_char_missed": 12.0, "e2e_char_false_positive": 23.0, "e2e_recog_score_chars": 31, "e2e_recog_score_correct_num": 8.0}, "Detection": {"precision": 1.0, "recall": 0.5, "hmean": 0.6666666666666666}, "pairs": [{"gt": [0], "det": [0], "type": "OO"}, {"gt": [1], "det": [1], "type": "OO"}], "detectionMat": [[3.0, 0.0, 3.0, 0.0], [0.0, 7.0, 7.0, 0.0], [0.0, 0.0, 0.0, 0.0], [0.0, 0.0, 0.0, 0.0], [0.0, 0.0, 0.0, 0.0], [0.0, 0.0, 0.0, 0.0], [0.0, 0.0, 0.0, 0.0], [3.0, 7.0, 0.0, 0.0], [0.0, 0.0, 0.0, 0.0]], "precisionMat": [[0.9122487624174717, 0.0], [0.0, 0.8967948717948718], [0.0, 0.0], [0.0, 0.0], [0.0, 0.0], [0.0, 0.0], [0.0, 0.0]], "gtPolPoints": [[679.0, 9.0, 798.0, 8.0, 799.0, 35.0, 680.0, 36.0], [673.0, 38.0, 803.0, 35.0, 803.0, 60.0, 673.0, 63.0], [784.0, 163.0, 813.0, 147.0, 813.0, 165.0, 784.0, 181.0], [813.0, 145.0, 876.0, 110.0, 877.0, 130.0, 814.0, 165.0], [1067.0, 200.0, 1183.0, 179.0, 1187.0, 210.0, 1070.0, 232.0], [569.0, 232.0, 601.0, 232.0, 600.0, 247.0, 568.0, 247.0], [688.0, 86.0, 769.0, 84.0, 771.0, 97.0, 689.0, 99.0]], "detPolPoints": [[677.0, 8.0, 797.0, 5.0, 798.0, 33.0, 678.0, 36.0], [677.0, 40.0, 797.0, 40.0, 797.0, 64.0, 677.0, 64.0]], "gtCharPoints": [[[699.3333333333334, 22.333333333333332], [739.0, 22.0], [778.6666666666667, 21.666666666666664]], [[682.2857142857143, 50.285714285714285], [700.8571428571429, 49.857142857142854], [719.4285714285714, 49.42857142857143], [738.0, 49.0], [756.5714285714287, 48.57142857142857], [775.1428571428572, 48.14285714285714], [793.7142857142858, 47.714285714285715]], [[787.625, 170.0], [794.875, 166.0], [802.125, 162.0], [809.375, 158.0]], [[818.75, 152.08333333333334], [829.25, 146.25], [839.75, 140.41666666666669], [850.25, 134.58333333333334], [860.75, 128.75], [871.25, 122.91666666666669]], [[1083.0625, 213.3125], [1112.1875, 207.9375], [1141.3125, 202.5625], [1170.4375, 197.1875]], [[573.8333333333334, 239.5], [584.5, 239.5], [595.1666666666667, 239.5]], [[694.3214285714286, 92.35714285714286], [705.9642857142857, 92.07142857142857], [717.6071428571429, 91.78571428571429], [729.25, 91.5], [740.8928571428571, 91.21428571428572], [752.5357142857142, 90.92857142857143], [764.1785714285714, 90.64285714285715]]], "gtCharCounts": [[1.0, 1.0, 1.0], [1.0, 1.0, 1.0, 1.0, 1.0, 1.0, 1.0], [0.0, 0.0, 0.0, 0.0], [0.0, 0.0, 0.0, 0.0, 0.0, 0.0], [0.0, 0.0, 0.0, 0.0], [0.0, 0.0, 0.0], [0.0, 0.0, 0.0, 0.0, 0.0, 0.0, 0.0]], "gtDontCare": [4, 5, 6], "detDontCare": [], "evaluationParams": {"GT_PATH": "gt/gt_IC15.zip", "SUBMIT_PATH": "result/result_paddleOCR_IC15.zip", "OUTPUT_PATH": "output/", "PORT": 8080, "BOX_TYPE": "QUAD", "TRANSCRIPTION": true, "CONFIDENCES": false, "CRLF": false, "E2E": true, "CASE_SENSITIVE": true, "RS": true, "AREA_PRECISION_CONSTRAINT": 0.5, "GRANULARITY_PENALTY_WEIGHT": 1.0, "VERTICAL_ASPECT_RATIO_THRES": 2.0, "NUM_WORKERS": 2, "GT_SAMPLE_NAME_2_ID": "([0-9]+)", "DET_SAMPLE_NAME_2_ID": "([0-9]+)", "PER_SAMPLE_RESULTS": true}, "evaluationLog": "GT polygons: 7 (3 don't care) \nDET polygons: 2\n\nFind one-to-one matches\nMatch GT #0 with Det #0\nMatch GT #1 with Det #1\nFind one-to-many matches\nFind many-to-one matches\n<b>Detection | PRECISION\n</b><b>Detection | RECALL\n</b><b># of false positive chars\n</b>0\n=================================\n<b>End-to-End | Recall\n</b><b>End-to-End | Precision\n</b>", "EndtoEnd": {"precision": 0.25806451612903225, "recall": 0.4, "hmean": 0.3137254901960784, "recognition_score": 0.25806451612903225}, "end2endMat": [[0.0, 0.0, 2.0, 0.0], [0.0, 0.0, 6.0, 0.0], [0.0, 0.0, 0.0, 0.0], [0.0, 0.0, 0.0, 0.0], [0.0, 0.0, 0.0, 0.0], [0.0, 0.0, 0.0, 0.0], [0.0, 0.0, 0.0, 0.0], [2.0, 6.0, 0.0, 0.0], [0.0, 0.0, 0.0, 0.0]], "gtTrans": ["TSC", "SPECIAL", "CLUB", "MONACO", "####", "###", "#######"], "detTrans": ["TEIC,0.531322", "SPECLAL,0.91346586"], "gtQuery": ["TSC", "SPECIAL", "CLUB", "MONACO", "####", "###", "#######"], "detQuery": ["TEIC,0.531322", "SPECLAL,0.91346586"]}