{"Rawdata": {"det_correct_num_recall": 0.0, "det_correct_num_precision": 0.0, "chars_gt": 26, "chars_det": 0, "num_splitted": 0, "num_merged": 0, "num_false_positive": 0, "char_missed": 26, "char_overlapped": 0, "char_false_positive": 0, "e2e_correct_num_recall": 0.0, "e2e_correct_num_precision": 0.0, "chars_recog": 0, "e2e_char_missed": 26.0, "e2e_char_false_positive": 0.0, "e2e_recog_score_chars": 0, "e2e_recog_score_correct_num": 0.0}, "Detection": {"precision": 0.0, "recall": 0.0, "hmean": 0}, "pairs": [], "detectionMat": [[0.0, 0.0], [0.0, 0.0], [0.0, 0.0], [0.0, 0.0], [0.0, 0.0], [0.0, 0.0], [0.0, 0.0], [0.0, 0.0], [0.0, 0.0], [0.0, 0.0], [0.0, 0.0]], "precisionMat": [[], [], [], [], [], [], [], [], []], "gtPolPoints": [[1072.0, 99.0, 1131.0, 101.0, 1130.0, 120.0, 1071.0, 118.0], [1135.0, 102.0, 1159.0, 103.0, 1158.0, 118.0, 1134.0, 117.0], [1162.0, 103.0, 1175.0, 103.0, 1175.0, 118.0, 1162.0, 118.0], [1056.0, 117.0, 1090.0, 120.0, 1089.0, 141.0, 1055.0, 139.0], [1092.0, 120.0, 1161.0, 121.0, 1161.0, 140.0, 1092.0, 138.0], [1164.0, 120.0, 1189.0, 121.0, 1189.0, 141.0, 1164.0, 140.0], [744.0, 78.0, 818.0, 76.0, 824.0, 90.0, 749.0, 92.0], [558.0, 68.0, 596.0, 72.0, 594.0, 96.0, 556.0, 92.0], [813.0, 121.0, 832.0, 123.0, 835.0, 137.0, 816.0, 135.0]], "detPolPoints": [], "gtCharPoints": [[[1075.7142857142858, 108.64285714285714], [1084.142857142857, 108.92857142857143], [1092.5714285714287, 109.21428571428571], [1101.0, 109.5], [1109.4285714285716, 109.78571428571428], [1117.857142857143, 110.07142857142857], [1126.2857142857144, 110.35714285714285]], [[1138.5, 109.66666666666667], [1146.5, 110.0], [1154.5, 110.33333333333334]], [[1165.25, 110.5], [1171.75, 110.5]], [[1059.75, 128.3125], [1068.25, 128.9375], [1076.75, 129.5625], [1085.25, 130.1875]], [[1095.8333333333333, 129.08333333333334], [1103.5, 129.25], [1111.1666666666665, 129.41666666666669], [1118.8333333333333, 129.58333333333334], [1126.5, 129.75], [1134.1666666666665, 129.91666666666669], [1141.8333333333333, 130.08333333333334], [1149.5, 130.25], [1157.1666666666665, 130.41666666666669]], [[1168.1666666666667, 130.16666666666666], [1176.5, 130.5], [1184.8333333333335, 130.83333333333331]], [[753.95, 84.8], [768.85, 84.39999999999999], [783.75, 84.0], [798.6500000000001, 83.6], [813.5500000000001, 83.2]], [[566.5, 81.0], [585.5, 83.0]], [[819.25, 128.5], [828.75, 129.5]]], "gtCharCounts": [0.0, 0.0, 0.0, 0.0, 0.0, 0.0, 0.0, 0.0, 0.0], "gtDontCare": [2, 6, 7, 8], "detDontCare": [], "evaluationParams": {"GT_PATH": "gt/gt_IC15.zip", "SUBMIT_PATH": "result/result_paddleOCR_IC15.zip", "OUTPUT_PATH": "output/", "PORT": 8080, "BOX_TYPE": "QUAD", "TRANSCRIPTION": true, "CONFIDENCES": false, "CRLF": false, "E2E": true, "CASE_SENSITIVE": true, "RS": true, "AREA_PRECISION_CONSTRAINT": 0.5, "GRANULARITY_PENALTY_WEIGHT": 1.0, "VERTICAL_ASPECT_RATIO_THRES": 2.0, "NUM_WORKERS": 2, "GT_SAMPLE_NAME_2_ID": "([0-9]+)", "DET_SAMPLE_NAME_2_ID": "([0-9]+)", "PER_SAMPLE_RESULTS": true}, "evaluationLog": "GT polygons: 9 (4 don't care) \nDET polygons: 0\n\nFind one-to-one matches\nFind one-to-many matches\nFind many-to-one matches\n<b>Detection | PRECISION\n</b><b>Detection | RECALL\n</b><b># of false positive chars\n</b>0\n=================================\n<b>End-to-End | Recall\n</b><b>End-to-End | Precision\n</b>", "EndtoEnd": {"precision": 0.0, "recall": 0.0, "hmean": 0, "recognition_score": 0.0}, "end2endMat": [[0.0, 0.0], [0.0, 0.0], [0.0, 0.0], [0.0, 0.0], [0.0, 0.0], [0.0, 0.0], [0.0, 0.0], [0.0, 0.0], [0.0, 0.0], [0.0, 0.0], [0.0, 0.0]], "gtTrans": ["Haugang", "Ave", "##", "(Upp", "Serangoon", "RdJ", "#####", "##", "##"], "detTrans": [], "gtQuery": ["Haugang", "Ave", "##", "(Upp", "Serangoon", "RdJ", "#####", "##", "##"], "detQuery": []}