{"Rawdata": {"det_correct_num_recall": 11.0, "det_correct_num_precision": 10.0, "chars_gt": 11, "chars_det": 11.0, "num_splitted": 0, "num_merged": 1, "num_false_positive": 0, "char_missed": 0, "char_overlapped": 0, "char_false_positive": 0, "e2e_correct_num_recall": 10.0, "e2e_correct_num_precision": 9.0, "chars_recog": 31, "e2e_char_missed": 1.0, "e2e_char_false_positive": 21.0, "e2e_recog_score_chars": 31, "e2e_recog_score_correct_num": 10.0}, "Detection": {"precision": 0.9090909090909091, "recall": 1.0, "hmean": 0.9523809523809523}, "pairs": [{"gt": [0], "det": [0], "type": "OO"}, {"gt": [1, 2], "det": [1], "type": "MO"}], "detectionMat": [[4.0, 0.0, 4.0, 0.0], [0.0, 3.0, 3.0, 0.0], [0.0, 4.0, 4.0, 0.0], [4.0, 7.0, 0.0, 0.0], [0.0, 1.0, 0.0, 0.0]], "precisionMat": [[0.9122810709397893, 0.0], [0.0, 0.4201742346725182], [0.0, 0.4537882698684938]], "gtPolPoints": [[15.0, 463.0, 87.0, 442.0, 92.0, 481.0, 18.0, 508.0], [5.0, 520.0, 55.0, 500.0, 60.0, 541.0, 3.0, 567.0], [60.0, 500.0, 120.0, 480.0, 125.0, 513.0, 58.0, 541.0]], "detPolPoints": [[12.0, 457.0, 81.0, 444.0, 89.0, 485.0, 21.0, 499.0], [0.0, 517.0, 110.0, 479.0, 123.0, 518.0, 11.0, 556.0]], "gtCharPoints": [[[25.625, 482.5], [43.875, 476.5], [62.125, 470.5], [80.375, 464.5]], [[12.916666666666666, 539.6666666666666], [30.75, 532.0], [48.58333333333333, 524.3333333333333]], [[66.9375, 517.5], [82.8125, 511.5], [98.6875, 505.5], [114.5625, 499.5]]], "gtCharCounts": [[1.0, 1.0, 1.0, 1.0], [1.0, 1.0, 1.0], [1.0, 1.0, 1.0, 1.0]], "gtDontCare": [], "detDontCare": [], "evaluationParams": {"GT_PATH": "gt/gt_IC15.zip", "SUBMIT_PATH": "result/result_paddleOCR_IC15.zip", "OUTPUT_PATH": "output/", "PORT": 8080, "BOX_TYPE": "QUAD", "TRANSCRIPTION": true, "CONFIDENCES": false, "CRLF": false, "E2E": true, "CASE_SENSITIVE": true, "RS": true, "AREA_PRECISION_CONSTRAINT": 0.5, "GRANULARITY_PENALTY_WEIGHT": 1.0, "VERTICAL_ASPECT_RATIO_THRES": 2.0, "NUM_WORKERS": 2, "GT_SAMPLE_NAME_2_ID": "([0-9]+)", "DET_SAMPLE_NAME_2_ID": "([0-9]+)", "PER_SAMPLE_RESULTS": true}, "evaluationLog": "GT polygons: 3 (0 don't care) \nDET polygons: 2\n\nFind one-to-one matches\nMatch GT #0 with Det #0\nFind one-to-many matches\nFind many-to-one matches\nMatch GT #[1, 2] with Det #1\n<b>Detection | PRECISION\n</b><b>Detection | RECALL\n</b><b># of false positive chars\n</b>0\n=================================\n<b>End-to-End | Recall\n</b><b>End-to-End | Precision\n</b>", "EndtoEnd": {"precision": 0.2903225806451613, "recall": 0.9090909090909091, "hmean": 0.4400977995110024, "recognition_score": 0.3225806451612903}, "end2endMat": [[0.0, 0.0, 4.0, 0.0], [0.0, 0.0, 2.0, 0.0], [0.0, 0.0, 4.0, 0.0], [4.0, 6.0, 0.0, 0.0], [0.0, 1.0, 0.0, 0.0]], "gtTrans": ["FIRE", "OSE", "REEL"], "detTrans": ["FIRE,0.8283128", "DSEREEL,0.7844891"], "gtQuery": ["FIRE", "OSE", "REEL"], "detQuery": ["FIRE,0.8283128", "DSEREEL,0.7844891"]}