{"Rawdata": {"det_correct_num_recall": 0.0, "det_correct_num_precision": 0.0, "chars_gt": 20, "chars_det": 0, "num_splitted": 0, "num_merged": 0, "num_false_positive": 0, "char_missed": 20, "char_overlapped": 0, "char_false_positive": 0, "e2e_correct_num_recall": 0.0, "e2e_correct_num_precision": 0.0, "chars_recog": 0, "e2e_char_missed": 20.0, "e2e_char_false_positive": 0.0, "e2e_recog_score_chars": 0, "e2e_recog_score_correct_num": 0.0}, "Detection": {"precision": 0.0, "recall": 0.0, "hmean": 0}, "pairs": [], "detectionMat": [[0.0, 0.0], [0.0, 0.0], [0.0, 0.0], [0.0, 0.0], [0.0, 0.0], [0.0, 0.0], [0.0, 0.0], [0.0, 0.0], [0.0, 0.0], [0.0, 0.0], [0.0, 0.0], [0.0, 0.0], [0.0, 0.0]], "precisionMat": [[], [], [], [], [], [], [], [], [], [], []], "gtPolPoints": [[0.0, 8.0, 54.0, 10.0, 53.0, 31.0, 3.0, 32.0], [579.0, 160.0, 632.0, 142.0, 632.0, 163.0, 579.0, 181.0], [581.0, 181.0, 633.0, 164.0, 632.0, 191.0, 580.0, 209.0], [586.0, 208.0, 634.0, 190.0, 632.0, 218.0, 584.0, 235.0], [581.0, 237.0, 596.0, 231.0, 596.0, 244.0, 581.0, 249.0], [595.0, 230.0, 616.0, 221.0, 616.0, 236.0, 595.0, 245.0], [613.0, 224.0, 638.0, 215.0, 640.0, 229.0, 615.0, 238.0], [578.0, 252.0, 639.0, 227.0, 640.0, 239.0, 579.0, 264.0], [1064.0, 240.0, 1093.0, 240.0, 1091.0, 253.0, 1063.0, 253.0], [1097.0, 242.0, 1127.0, 242.0, 1126.0, 256.0, 1096.0, 256.0], [665.0, 246.0, 687.0, 247.0, 686.0, 257.0, 664.0, 256.0]], "detPolPoints": [], "gtCharPoints": [[[10.166666666666666, 20.083333333333332], [27.5, 20.25], [44.83333333333333, 20.416666666666664]], [[582.7857142857143, 169.21428571428572], [590.3571428571429, 166.64285714285714], [597.9285714285714, 164.07142857142858], [605.5, 161.5], [613.0714285714287, 158.92857142857144], [620.6428571428572, 156.35714285714286], [628.2142857142858, 153.78571428571428]], [[587.0, 192.8125], [600.0, 188.4375], [613.0, 184.0625], [626.0, 179.6875]], [[589.8, 219.75], [599.4, 216.25], [609.0, 212.75], [618.5999999999999, 209.25], [628.1999999999999, 205.75]], [[584.75, 241.625], [592.25, 238.875]], [[600.25, 235.25], [610.75, 230.75]], [[617.125, 229.875], [623.375, 227.625], [629.625, 225.375], [635.875, 223.125]], [[583.5833333333334, 255.91666666666666], [593.75, 251.75], [603.9166666666667, 247.58333333333331], [614.0833333333334, 243.41666666666666], [624.25, 239.25], [634.4166666666667, 235.08333333333331]], [[1068.25, 246.5], [1077.75, 246.5], [1087.25, 246.5]], [[1101.5, 249.0], [1111.5, 249.0], [1121.5, 249.0]], [[668.1666666666666, 251.16666666666666], [675.5, 251.5], [682.8333333333333, 251.83333333333331]]], "gtCharCounts": [0.0, 0.0, 0.0, 0.0, 0.0, 0.0, 0.0, 0.0, 0.0, 0.0, 0.0], "gtDontCare": [0, 4, 5, 7, 8, 9, 10], "detDontCare": [], "evaluationParams": {"GT_PATH": "gt/gt_IC15.zip", "SUBMIT_PATH": "result/result_paddleOCR_IC15.zip", "OUTPUT_PATH": "output/", "PORT": 8080, "BOX_TYPE": "QUAD", "TRANSCRIPTION": true, "CONFIDENCES": false, "CRLF": false, "E2E": true, "CASE_SENSITIVE": true, "RS": true, "AREA_PRECISION_CONSTRAINT": 0.5, "GRANULARITY_PENALTY_WEIGHT": 1.0, "VERTICAL_ASPECT_RATIO_THRES": 2.0, "NUM_WORKERS": 2, "GT_SAMPLE_NAME_2_ID": "([0-9]+)", "DET_SAMPLE_NAME_2_ID": "([0-9]+)", "PER_SAMPLE_RESULTS": true}, "evaluationLog": "GT polygons: 11 (7 don't care) \nDET polygons: 0\n\nFind one-to-one matches\nFind one-to-many matches\nFind many-to-one matches\n<b>Detection | PRECISION\n</b><b>Detection | RECALL\n</b><b># of false positive chars\n</b>0\n=================================\n<b>End-to-End | Recall\n</b><b>End-to-End | Precision\n</b>", "EndtoEnd": {"precision": 0.0, "recall": 0.0, "hmean": 0, "recognition_score": 0.0}, "end2endMat": [[0.0, 0.0], [0.0, 0.0], [0.0, 0.0], [0.0, 0.0], [0.0, 0.0], [0.0, 0.0], [0.0, 0.0], [0.0, 0.0], [0.0, 0.0], [0.0, 0.0], [0.0, 0.0], [0.0, 0.0], [0.0, 0.0]], "gtTrans": ["###", "CLOSING", "DOWN", "SALE!", "##", "##", "SALE", "######", "###", "###", "###"], "detTrans": [], "gtQuery": ["###", "CLOSING", "DOWN", "SALE!", "##", "##", "SALE", "######", "###", "###", "###"], "detQuery": []}