{"Rawdata": {"det_correct_num_recall": 11.0, "det_correct_num_precision": 10.0, "chars_gt": 18, "chars_det": 14.0, "num_splitted": 0, "num_merged": 1, "num_false_positive": 1, "char_missed": 7, "char_overlapped": 0, "char_false_positive": 3, "e2e_correct_num_recall": 11.0, "e2e_correct_num_precision": 10.0, "chars_recog": 49, "e2e_char_missed": 7.0, "e2e_char_false_positive": 38.0, "e2e_recog_score_chars": 38, "e2e_recog_score_correct_num": 11.0}, "Detection": {"precision": 0.7142857142857143, "recall": 0.6111111111111112, "hmean": 0.6586826347305389}, "pairs": [{"gt": [4], "det": [2], "type": "OO"}, {"gt": [0, 1], "det": [0], "type": "MO"}], "detectionMat": [[3.0, 0.0, 0.0, 3.0, 0.0], [4.0, 0.0, 0.0, 4.0, 0.0], [0.0, 0.0, 0.0, 0.0, 0.0], [0.0, 0.0, 0.0, 0.0, 0.0], [0.0, 0.0, 4.0, 4.0, 0.0], [0.0, 0.0, 0.0, 0.0, 0.0], [0.0, 0.0, 0.0, 0.0, 0.0], [0.0, 0.0, 0.0, 0.0, 0.0], [0.0, 0.0, 0.0, 0.0, 0.0], [7.0, 0.0, 4.0, 0.0, 0.0], [1.0, 0.0, 0.0, 0.0, 0.0]], "precisionMat": [[0.28812618430337755, 0.0, 0.0], [0.4853504774611875, 0.0, 0.0], [0.21649423780204075, 0.0, 0.0], [0.0, 0.0, 0.22401433691756273], [0.0, 0.0, 0.6681787634408602], [0.0, 0.0, 0.0], [0.0, 0.0, 0.0], [0.0, 0.0, 0.0], [0.0, 0.0, 0.0]], "gtPolPoints": [[581.0, 210.0, 638.0, 206.0, 638.0, 239.0, 581.0, 243.0], [638.0, 203.0, 726.0, 194.0, 722.0, 233.0, 635.0, 241.0], [727.0, 195.0, 776.0, 191.0, 772.0, 230.0, 723.0, 234.0], [802.0, 285.0, 845.0, 285.0, 843.0, 310.0, 801.0, 310.0], [851.0, 278.0, 948.0, 276.0, 948.0, 311.0, 851.0, 313.0], [1090.0, 290.0, 1166.0, 294.0, 1166.0, 311.0, 1090.0, 308.0], [437.0, 341.0, 477.0, 343.0, 478.0, 364.0, 439.0, 361.0], [439.0, 360.0, 476.0, 362.0, 477.0, 383.0, 440.0, 381.0], [564.0, 311.0, 612.0, 312.0, 602.0, 378.0, 553.0, 377.0]], "detPolPoints": [[583.0, 210.0, 763.0, 191.0, 767.0, 224.0, 586.0, 243.0], [647.0, 263.0, 668.0, 263.0, 668.0, 273.0, 647.0, 273.0], [804.0, 281.0, 948.0, 281.0, 948.0, 312.0, 804.0, 312.0]], "gtCharPoints": [[[590.5, 225.83333333333334], [609.5, 224.5], [628.5, 223.16666666666669]], [[647.4375, 220.9375], [669.3125, 218.8125], [691.1875, 216.6875], [713.0625, 214.5625]], [[737.25, 213.5], [761.75, 211.5]], [[812.125, 297.5], [833.375, 297.5]], [[863.125, 295.25], [887.375, 294.75], [911.625, 294.25], [935.875, 293.75]], [[1097.6, 299.35], [1112.8, 300.05], [1128.0, 300.75], [1143.1999999999998, 301.45000000000005], [1158.3999999999999, 302.15000000000003]], [[442.9375, 351.3125], [452.8125, 351.9375], [462.6875, 352.5625], [472.5625, 353.1875]], [[448.75, 371.0], [467.25, 372.0]], [[566.5833333333334, 344.1666666666667], [582.75, 344.5], [598.9166666666667, 344.83333333333337]]], "gtCharCounts": [[1.0, 1.0, 1.0], [1.0, 1.0, 1.0, 1.0], [0.0, 0.0], [0.0, 0.0], [1.0, 1.0, 1.0, 1.0], [0.0, 0.0, 0.0, 0.0, 0.0], [0.0, 0.0, 0.0, 0.0], [0.0, 0.0], [0.0, 0.0, 0.0]], "gtDontCare": [2, 3, 5, 7], "detDontCare": [], "evaluationParams": {"GT_PATH": "gt/gt_IC15.zip", "SUBMIT_PATH": "result/result_paddleOCR_IC15.zip", "OUTPUT_PATH": "output/", "PORT": 8080, "BOX_TYPE": "QUAD", "TRANSCRIPTION": true, "CONFIDENCES": false, "CRLF": false, "E2E": true, "CASE_SENSITIVE": true, "RS": true, "AREA_PRECISION_CONSTRAINT": 0.5, "GRANULARITY_PENALTY_WEIGHT": 1.0, "VERTICAL_ASPECT_RATIO_THRES": 2.0, "NUM_WORKERS": 2, "GT_SAMPLE_NAME_2_ID": "([0-9]+)", "DET_SAMPLE_NAME_2_ID": "([0-9]+)", "PER_SAMPLE_RESULTS": true}, "evaluationLog": "GT polygons: 9 (4 don't care) \nDET polygons: 3\n\nFind one-to-one matches\nMatch GT #4 with Det #2\nFind one-to-many matches\nFind many-to-one matches\nMatch GT #[0, 1] with Det #0\n<b>Detection | PRECISION\n</b><b>Detection | RECALL\n</b><b># of false positive chars\n</b>3\n=================================\n<b>End-to-End | Recall\n</b><b>End-to-End | Precision\n</b>", "EndtoEnd": {"precision": 0.20408163265306123, "recall": 0.6111111111111112, "hmean": 0.305980528511822, "recognition_score": 0.2894736842105263}, "end2endMat": [[0.0, 0.0, 0.0, 3.0, 0.0], [0.0, 0.0, 0.0, 4.0, 0.0], [0.0, 0.0, 0.0, 0.0, 0.0], [0.0, 0.0, 0.0, 0.0, 0.0], [0.0, 0.0, 0.0, 4.0, 0.0], [0.0, 0.0, 0.0, 0.0, 0.0], [0.0, 0.0, 0.0, 0.0, 0.0], [0.0, 0.0, 0.0, 0.0, 0.0], [0.0, 0.0, 0.0, 0.0, 0.0], [7.0, 0.0, 4.0, 0.0, 0.0], [1.0, 0.0, 0.0, 0.0, 0.0]], "gtTrans": ["THE", "BODY", "##", "##", "GOOD", "#####", "SALE", "##", "SAL"], "detTrans": ["THE BODY SH,0.97723657", "E,0.8811247", "SO GOOD,0.942694"], "gtQuery": ["THE", "BODY", "##", "##", "GOOD", "#####", "SALE", "##", "SAL"], "detQuery": ["THE BODY SH,0.97723657", "E,0.8811247", "SO GOOD,0.942694"]}