{"Rawdata": {"det_correct_num_recall": 3.0, "det_correct_num_precision": 3.0, "chars_gt": 26, "chars_det": 3.0, "num_splitted": 0, "num_merged": 0, "num_false_positive": 0, "char_missed": 23, "char_overlapped": 0, "char_false_positive": 0, "e2e_correct_num_recall": 3.0, "e2e_correct_num_precision": 3.0, "chars_recog": 15, "e2e_char_missed": 23.0, "e2e_char_false_positive": 12.0, "e2e_recog_score_chars": 15, "e2e_recog_score_correct_num": 3.0}, "Detection": {"precision": 1.0, "recall": 0.11538461538461539, "hmean": 0.20689655172413793}, "pairs": [{"gt": [0], "det": [0], "type": "OO"}], "detectionMat": [[3.0, 3.0, 0.0], [0.0, 0.0, 0.0], [0.0, 0.0, 0.0], [0.0, 0.0, 0.0], [0.0, 0.0, 0.0], [0.0, 0.0, 0.0], [0.0, 0.0, 0.0], [0.0, 0.0, 0.0], [0.0, 0.0, 0.0], [3.0, 0.0, 0.0], [0.0, 0.0, 0.0]], "precisionMat": [[0.8422054550970609], [0.0], [0.0], [0.0], [0.0], [0.0], [0.0], [0.0], [0.0]], "gtPolPoints": [[1038.0, 211.0, 1278.0, 132.0, 1277.0, 254.0, 1057.0, 288.0], [1048.0, 368.0, 1111.0, 379.0, 1112.0, 417.0, 1058.0, 418.0], [880.0, 490.0, 955.0, 503.0, 947.0, 561.0, 876.0, 537.0], [1157.0, 530.0, 1211.0, 536.0, 1211.0, 560.0, 1158.0, 549.0], [1165.0, 495.0, 1203.0, 494.0, 1199.0, 530.0, 1162.0, 523.0], [778.0, 423.0, 807.0, 431.0, 806.0, 461.0, 781.0, 457.0], [702.0, 401.0, 742.0, 401.0, 738.0, 441.0, 700.0, 437.0], [706.0, 435.0, 728.0, 435.0, 725.0, 451.0, 708.0, 447.0], [530.0, 371.0, 546.0, 371.0, 536.0, 438.0, 521.0, 437.0]], "detPolPoints": [[1000.0, 211.0, 1259.0, 154.0, 1276.0, 228.0, 1017.0, 285.0]], "gtCharPoints": [[[1085.8333333333333, 240.08333333333334], [1162.5, 221.25], [1239.1666666666665, 202.41666666666669]], [[1060.3125, 393.625], [1074.9375, 394.875], [1089.5625, 396.125], [1104.1875, 397.375]], [[887.125, 515.8125], [905.375, 520.4375], [923.625, 525.0625], [941.875, 529.6875]], [[1164.1875, 540.5625], [1177.5625, 542.6875], [1190.9375, 544.8125], [1204.3125, 546.9375]], [[1172.875, 509.75], [1191.625, 511.25]], [[784.0, 441.0], [793.0, 443.0], [802.0, 445.0]], [[705.875, 419.25], [715.625, 419.75], [725.375, 420.25], [735.125, 420.75]], [[711.875, 441.5], [721.625, 442.5]], [[529.6875, 429.1875], [532.0625, 412.5625], [534.4375, 395.9375], [536.8125, 379.3125]]], "gtCharCounts": [[1.0, 1.0, 1.0], [0.0, 0.0, 0.0, 0.0], [0.0, 0.0, 0.0, 0.0], [0.0, 0.0, 0.0, 0.0], [0.0, 0.0], [0.0, 0.0, 0.0], [0.0, 0.0, 0.0, 0.0], [0.0, 0.0], [0.0, 0.0, 0.0, 0.0]], "gtDontCare": [4, 7], "detDontCare": [], "evaluationParams": {"GT_PATH": "gt/gt_IC15.zip", "SUBMIT_PATH": "result/result_paddleOCR_IC15.zip", "OUTPUT_PATH": "output/", "PORT": 8080, "BOX_TYPE": "QUAD", "TRANSCRIPTION": true, "CONFIDENCES": false, "CRLF": false, "E2E": true, "CASE_SENSITIVE": true, "RS": true, "AREA_PRECISION_CONSTRAINT": 0.5, "GRANULARITY_PENALTY_WEIGHT": 1.0, "VERTICAL_ASPECT_RATIO_THRES": 2.0, "NUM_WORKERS": 2, "GT_SAMPLE_NAME_2_ID": "([0-9]+)", "DET_SAMPLE_NAME_2_ID": "([0-9]+)", "PER_SAMPLE_RESULTS": true}, "evaluationLog": "GT polygons: 9 (2 don't care) \nDET polygons: 1\n\nFind one-to-one matches\nMatch GT #0 with Det #0\nFind one-to-many matches\nFind many-to-one matches\n<b>Detection | PRECISION\n</b><b>Detection | RECALL\n</b><b># of false positive chars\n</b>0\n=================================\n<b>End-to-End | Recall\n</b><b>End-to-End | Precision\n</b>", "EndtoEnd": {"precision": 0.2, "recall": 0.11538461538461539, "hmean": 0.14634146341463417, "recognition_score": 0.2}, "end2endMat": [[0.0, 3.0, 0.0], [0.0, 0.0, 0.0], [0.0, 0.0, 0.0], [0.0, 0.0, 0.0], [0.0, 0.0, 0.0], [0.0, 0.0, 0.0], [0.0, 0.0, 0.0], [0.0, 0.0, 0.0], [0.0, 0.0, 0.0], [3.0, 0.0, 0.0], [0.0, 0.0, 0.0]], "gtTrans": ["G20", "SALE", "SALE", "SALE", "##", "hue", "SALE", "##", "GEOX"], "detTrans": ["EG2O,0.82051647"], "gtQuery": ["G20", "SALE", "SALE", "SALE", "##", "hue", "SALE", "##", "GEOX"], "detQuery": ["EG2O,0.82051647"]}