{"Rawdata": {"det_correct_num_recall": 0.0, "det_correct_num_precision": 0.0, "chars_gt": 14, "chars_det": 0, "num_splitted": 0, "num_merged": 0, "num_false_positive": 0, "char_missed": 14, "char_overlapped": 0, "char_false_positive": 0, "e2e_correct_num_recall": 0.0, "e2e_correct_num_precision": 0.0, "chars_recog": 0, "e2e_char_missed": 14.0, "e2e_char_false_positive": 0.0, "e2e_recog_score_chars": 0, "e2e_recog_score_correct_num": 0.0}, "Detection": {"precision": 0.0, "recall": 0.0, "hmean": 0}, "pairs": [], "detectionMat": [[0.0, 0.0], [0.0, 0.0], [0.0, 0.0], [0.0, 0.0], [0.0, 0.0], [0.0, 0.0], [0.0, 0.0], [0.0, 0.0], [0.0, 0.0], [0.0, 0.0]], "precisionMat": [[], [], [], [], [], [], [], []], "gtPolPoints": [[321.0, 66.0, 423.0, 0.0, 425.0, 46.0, 316.0, 115.0], [1160.0, 475.0, 1209.0, 483.0, 1208.0, 499.0, 1159.0, 490.0], [1150.0, 527.0, 1215.0, 539.0, 1213.0, 559.0, 1149.0, 547.0], [205.0, 148.0, 228.0, 137.0, 226.0, 163.0, 203.0, 174.0], [206.0, 178.0, 221.0, 172.0, 220.0, 186.0, 205.0, 191.0], [1049.0, 396.0, 1104.0, 403.0, 1101.0, 416.0, 1047.0, 410.0], [1153.0, 605.0, 1204.0, 619.0, 1203.0, 629.0, 1151.0, 614.0], [416.0, 514.0, 447.0, 534.0, 436.0, 550.0, 405.0, 530.0]], "detPolPoints": [], "gtCharPoints": [[[326.0357142857143, 85.67857142857143], [341.10714285714283, 76.03571428571429], [356.17857142857144, 66.39285714285714], [371.25, 56.75], [386.32142857142856, 47.10714285714286], [401.3928571428571, 37.46428571428572], [416.4642857142857, 27.821428571428577]], [[1165.625, 483.5625], [1177.875, 485.6875], [1190.125, 487.8125], [1202.375, 489.9375]], [[1160.25, 539.0], [1181.75, 543.0], [1203.25, 547.0]], [[209.75, 158.25], [221.25, 152.75]], [[209.25, 183.125], [216.75, 180.375]], [[1054.8125, 403.8125], [1068.4375, 405.4375], [1082.0625, 407.0625], [1095.6875, 408.6875]], [[1156.2916666666667, 610.7083333333334], [1164.875, 613.125], [1173.4583333333335, 615.5416666666667], [1182.0416666666667, 617.9583333333334], [1190.625, 620.375], [1199.2083333333335, 622.7916666666667]], [[418.25, 527.0], [433.75, 537.0]]], "gtCharCounts": [0.0, 0.0, 0.0, 0.0, 0.0, 0.0, 0.0, 0.0], "gtDontCare": [3, 4, 5, 6, 7], "detDontCare": [], "evaluationParams": {"GT_PATH": "gt/gt_IC15.zip", "SUBMIT_PATH": "result/result_paddleOCR_IC15.zip", "OUTPUT_PATH": "output/", "PORT": 8080, "BOX_TYPE": "QUAD", "TRANSCRIPTION": true, "CONFIDENCES": false, "CRLF": false, "E2E": true, "CASE_SENSITIVE": true, "RS": true, "AREA_PRECISION_CONSTRAINT": 0.5, "GRANULARITY_PENALTY_WEIGHT": 1.0, "VERTICAL_ASPECT_RATIO_THRES": 2.0, "NUM_WORKERS": 2, "GT_SAMPLE_NAME_2_ID": "([0-9]+)", "DET_SAMPLE_NAME_2_ID": "([0-9]+)", "PER_SAMPLE_RESULTS": true}, "evaluationLog": "GT polygons: 8 (5 don't care) \nDET polygons: 0\n\nFind one-to-one matches\nFind one-to-many matches\nFind many-to-one matches\n<b>Detection | PRECISION\n</b><b>Detection | RECALL\n</b><b># of false positive chars\n</b>0\n=================================\n<b>End-to-End | Recall\n</b><b>End-to-End | Precision\n</b>", "EndtoEnd": {"precision": 0.0, "recall": 0.0, "hmean": 0, "recognition_score": 0.0}, "end2endMat": [[0.0, 0.0], [0.0, 0.0], [0.0, 0.0], [0.0, 0.0], [0.0, 0.0], [0.0, 0.0], [0.0, 0.0], [0.0, 0.0], [0.0, 0.0], [0.0, 0.0]], "gtTrans": ["HOAMGAR", "NETB", "JCB", "##", "##", "####", "######", "##"], "detTrans": [], "gtQuery": ["HOAMGAR", "NETB", "JCB", "##", "##", "####", "######", "##"], "detQuery": []}