{"Rawdata": {"det_correct_num_recall": 5.0, "det_correct_num_precision": 5.0, "chars_gt": 6, "chars_det": 5.0, "num_splitted": 0, "num_merged": 0, "num_false_positive": 0, "char_missed": 1, "char_overlapped": 0, "char_false_positive": 0, "e2e_correct_num_recall": 5.0, "e2e_correct_num_precision": 5.0, "chars_recog": 18, "e2e_char_missed": 1.0, "e2e_char_false_positive": 13.0, "e2e_recog_score_chars": 18, "e2e_recog_score_correct_num": 5.0}, "Detection": {"precision": 1.0, "recall": 0.8333333333333334, "hmean": 0.9090909090909091}, "pairs": [{"gt": [0], "det": [0], "type": "OO"}], "detectionMat": [[5.0, 5.0, 0.0], [0.0, 0.0, 0.0], [0.0, 0.0, 0.0], [5.0, 0.0, 0.0], [0.0, 0.0, 0.0]], "precisionMat": [[0.89889937101382], [0.0], [0.0]], "gtPolPoints": [[180.0, 390.0, 317.0, 387.0, 305.0, 449.0, 161.0, 438.0], [194.0, 437.0, 265.0, 444.0, 263.0, 460.0, 197.0, 452.0], [1120.0, 320.0, 1167.0, 357.0, 1190.0, 687.0, 1115.0, 685.0]], "detPolPoints": [[168.0, 381.0, 298.0, 394.0, 293.0, 442.0, 163.0, 429.0]], "gtCharPoints": [[[182.20833333333334, 414.3333333333333], [205.625, 415.0], [229.04166666666669, 415.66666666666663], [252.45833333333334, 416.3333333333333], [275.875, 417.0], [299.2916666666667, 417.66666666666663]], [[202.35, 445.25], [216.04999999999998, 446.75], [229.75, 448.25], [243.45, 449.75], [257.15, 451.25]], [[1151.75, 657.0416666666666], [1150.25, 599.125], [1148.75, 541.2083333333333], [1147.25, 483.29166666666663], [1145.75, 425.375], [1144.25, 367.4583333333333]]], "gtCharCounts": [[1.0, 1.0, 1.0, 1.0, 1.0, 0.0], [0.0, 0.0, 0.0, 0.0, 0.0], [0.0, 0.0, 0.0, 0.0, 0.0, 0.0]], "gtDontCare": [1, 2], "detDontCare": [], "evaluationParams": {"GT_PATH": "gt/gt_IC15.zip", "SUBMIT_PATH": "result/result_paddleOCR_IC15.zip", "OUTPUT_PATH": "output/", "PORT": 8080, "BOX_TYPE": "QUAD", "TRANSCRIPTION": true, "CONFIDENCES": false, "CRLF": false, "E2E": true, "CASE_SENSITIVE": true, "RS": true, "AREA_PRECISION_CONSTRAINT": 0.5, "GRANULARITY_PENALTY_WEIGHT": 1.0, "VERTICAL_ASPECT_RATIO_THRES": 2.0, "NUM_WORKERS": 2, "GT_SAMPLE_NAME_2_ID": "([0-9]+)", "DET_SAMPLE_NAME_2_ID": "([0-9]+)", "PER_SAMPLE_RESULTS": true}, "evaluationLog": "GT polygons: 3 (2 don't care) \nDET polygons: 1\n\nFind one-to-one matches\nMatch GT #0 with Det #0\nFind one-to-many matches\nFind many-to-one matches\n<b>Detection | PRECISION\n</b><b>Detection | RECALL\n</b><b># of false positive chars\n</b>0\n=================================\n<b>End-to-End | Recall\n</b><b>End-to-End | Precision\n</b>", "EndtoEnd": {"precision": 0.2777777777777778, "recall": 0.8333333333333334, "hmean": 0.4166666666666667, "recognition_score": 0.2777777777777778}, "end2endMat": [[0.0, 5.0, 0.0], [0.0, 0.0, 0.0], [0.0, 0.0, 0.0], [5.0, 0.0, 0.0], [0.0, 0.0, 0.0]], "gtTrans": ["COMNAM", "#####", "######"], "detTrans": ["CONINAM,0.91566074"], "gtQuery": ["COMNAM", "#####", "######"], "detQuery": ["CONINAM,0.91566074"]}