{"Rawdata": {"det_correct_num_recall": 16.0, "det_correct_num_precision": 14.0, "chars_gt": 28, "chars_det": 16.0, "num_splitted": 0, "num_merged": 2, "num_false_positive": 0, "char_missed": 12, "char_overlapped": 0, "char_false_positive": 0, "e2e_correct_num_recall": 16.0, "e2e_correct_num_precision": 14.0, "chars_recog": 39, "e2e_char_missed": 12.0, "e2e_char_false_positive": 23.0, "e2e_recog_score_chars": 39, "e2e_recog_score_correct_num": 16.0}, "Detection": {"precision": 0.875, "recall": 0.5714285714285714, "hmean": 0.691358024691358}, "pairs": [{"gt": [3], "det": [1], "type": "OO"}, {"gt": [5], "det": [0], "type": "OO"}, {"gt": [4, 5], "det": [0], "type": "MO"}, {"gt": [2, 3], "det": [1], "type": "MO"}], "detectionMat": [[0.0, 0.0, 0.0, 0.0], [0.0, 0.0, 0.0, 0.0], [0.0, 3.0, 3.0, 0.0], [0.0, 5.0, 5.0, 0.0], [3.0, 0.0, 3.0, 0.0], [5.0, 0.0, 5.0, 0.0], [0.0, 0.0, 0.0, 0.0], [0.0, 0.0, 0.0, 0.0], [0.0, 0.0, 0.0, 0.0], [8.0, 8.0, 0.0, 0.0], [1.0, 1.0, 0.0, 0.0]], "precisionMat": [[0.0, 0.0], [0.0, 0.0], [0.0, 0.3115029913744425], [0.0, 0.6770355455099606], [0.3033962264150949, 0.0], [0.7034319526627223, 0.0], [0.0, 0.0], [0.0, 0.0], [0.0, 0.0]], "gtPolPoints": [[116.0, 229.0, 136.0, 225.0, 139.0, 244.0, 120.0, 249.0], [133.0, 221.0, 175.0, 215.0, 179.0, 236.0, 136.0, 243.0], [277.0, 188.0, 304.0, 181.0, 308.0, 208.0, 281.0, 214.0], [304.0, 180.0, 363.0, 166.0, 367.0, 192.0, 308.0, 206.0], [519.0, 128.0, 563.0, 119.0, 567.0, 150.0, 523.0, 159.0], [562.0, 117.0, 656.0, 97.0, 661.0, 130.0, 566.0, 150.0], [941.0, 60.0, 982.0, 49.0, 988.0, 72.0, 947.0, 83.0], [2.0, 197.0, 35.0, 195.0, 34.0, 215.0, 1.0, 217.0], [1095.0, 126.0, 1126.0, 124.0, 1126.0, 137.0, 1095.0, 140.0]], "detPolPoints": [[524.0, 127.0, 649.0, 102.0, 655.0, 131.0, 530.0, 156.0], [277.0, 187.0, 360.0, 169.0, 365.0, 193.0, 282.0, 211.0]], "gtCharPoints": [[[121.25, 238.25], [127.75, 236.75], [134.25, 235.25]], [[138.75, 231.35], [147.25, 230.04999999999998], [155.75, 228.75], [164.25, 227.45], [172.75, 226.15]], [[283.5, 199.91666666666666], [292.5, 197.75], [301.5, 195.58333333333331]], [[311.9, 191.6], [323.7, 188.79999999999998], [335.5, 186.0], [347.29999999999995, 183.2], [359.09999999999997, 180.4]], [[528.3333333333334, 142.0], [543.0, 139.0], [557.6666666666667, 136.0]], [[573.45, 131.5], [592.35, 127.5], [611.25, 123.5], [630.1500000000001, 119.5], [649.0500000000001, 115.5]], [[949.125, 70.125], [959.375, 67.375], [969.625, 64.625], [979.875, 61.875]], [[9.75, 206.5], [26.25, 205.5]], [[1100.1666666666667, 132.58333333333334], [1110.5, 131.75], [1120.8333333333335, 130.91666666666669]]], "gtCharCounts": [[0.0, 0.0, 0.0], [0.0, 0.0, 0.0, 0.0, 0.0], [1.0, 1.0, 1.0], [1.0, 1.0, 1.0, 1.0, 1.0], [1.0, 1.0, 1.0], [1.0, 1.0, 1.0, 1.0, 1.0], [0.0, 0.0, 0.0, 0.0], [0.0, 0.0], [0.0, 0.0, 0.0]], "gtDontCare": [7, 8], "detDontCare": [], "evaluationParams": {"GT_PATH": "gt/gt_IC15.zip", "SUBMIT_PATH": "result/result_paddleOCR_IC15.zip", "OUTPUT_PATH": "output/", "PORT": 8080, "BOX_TYPE": "QUAD", "TRANSCRIPTION": true, "CONFIDENCES": false, "CRLF": false, "E2E": true, "CASE_SENSITIVE": true, "RS": true, "AREA_PRECISION_CONSTRAINT": 0.5, "GRANULARITY_PENALTY_WEIGHT": 1.0, "VERTICAL_ASPECT_RATIO_THRES": 2.0, "NUM_WORKERS": 2, "GT_SAMPLE_NAME_2_ID": "([0-9]+)", "DET_SAMPLE_NAME_2_ID": "([0-9]+)", "PER_SAMPLE_RESULTS": true}, "evaluationLog": "GT polygons: 9 (2 don't care) \nDET polygons: 2\n\nFind one-to-one matches\nMatch GT #3 with Det #1\nMatch GT #5 with Det #0\nFind one-to-many matches\nFind many-to-one matches\nMatch GT #[4, 5] with Det #0\nMatch GT #[2, 3] with Det #1\n<b>Detection | PRECISION\n</b><b>Detection | RECALL\n</b><b># of false positive chars\n</b>0\n=================================\n<b>End-to-End | Recall\n</b><b>End-to-End | Precision\n</b>", "EndtoEnd": {"precision": 0.358974358974359, "recall": 0.5714285714285714, "hmean": 0.4409448818897638, "recognition_score": 0.41025641025641024}, "end2endMat": [[0.0, 0.0, 0.0, 0.0], [0.0, 0.0, 0.0, 0.0], [0.0, 0.0, 3.0, 0.0], [0.0, 0.0, 5.0, 0.0], [0.0, 0.0, 3.0, 0.0], [0.0, 0.0, 5.0, 0.0], [0.0, 0.0, 0.0, 0.0], [0.0, 0.0, 0.0, 0.0], [0.0, 0.0, 0.0, 0.0], [8.0, 8.0, 0.0, 0.0], [1.0, 1.0, 0.0, 0.0]], "gtTrans": ["Art", "Needs", "Art", "Needs", "Art", "Needs", "EXIT", "##", "###"], "detTrans": ["Art Needs,0.99127895", "Art Needs,0.9505236"], "gtQuery": ["Art", "Needs", "Art", "Needs", "Art", "Needs", "EXIT", "##", "###"], "detQuery": ["Art Needs,0.99127895", "Art Needs,0.9505236"]}