{"Rawdata": {"det_correct_num_recall": 10.0, "det_correct_num_precision": 10.0, "chars_gt": 15, "chars_det": 10.0, "num_splitted": 0, "num_merged": 0, "num_false_positive": 0, "char_missed": 5, "char_overlapped": 0, "char_false_positive": 0, "e2e_correct_num_recall": 5.0, "e2e_correct_num_precision": 5.0, "chars_recog": 33, "e2e_char_missed": 10.0, "e2e_char_false_positive": 28.0, "e2e_recog_score_chars": 33, "e2e_recog_score_correct_num": 5.0}, "Detection": {"precision": 1.0, "recall": 0.6666666666666666, "hmean": 0.8}, "pairs": [{"gt": [5], "det": [0], "type": "OO"}, {"gt": [7], "det": [1], "type": "OO"}], "detectionMat": [[0.0, 0.0, 0.0, 0.0], [0.0, 0.0, 0.0, 0.0], [0.0, 0.0, 0.0, 0.0], [0.0, 0.0, 0.0, 0.0], [0.0, 0.0, 0.0, 0.0], [6.0, 0.0, 6.0, 0.0], [0.0, 0.0, 0.0, 0.0], [0.0, 4.0, 4.0, 0.0], [0.0, 0.0, 0.0, 0.0], [0.0, 0.0, 0.0, 0.0], [0.0, 0.0, 0.0, 0.0], [6.0, 4.0, 0.0, 0.0], [0.0, 0.0, 0.0, 0.0]], "precisionMat": [[0.0, 0.10648219381202277], [0.0, 0.0], [0.0, 0.0], [0.0, 0.0], [0.0, 0.0], [1.0, 0.0], [0.0, 0.13864903091835745], [0.0, 0.5257294157108845], [0.0, 0.13285208818954092], [0.0, 0.0], [0.0, 0.0]], "gtPolPoints": [[686.0, 378.0, 707.0, 379.0, 707.0, 389.0, 686.0, 389.0], [473.0, 216.0, 518.0, 206.0, 516.0, 235.0, 471.0, 245.0], [622.0, 335.0, 667.0, 328.0, 667.0, 346.0, 622.0, 353.0], [629.0, 354.0, 643.0, 353.0, 638.0, 371.0, 624.0, 372.0], [621.0, 372.0, 668.0, 365.0, 666.0, 386.0, 619.0, 393.0], [778.0, 193.0, 900.0, 180.0, 902.0, 223.0, 781.0, 235.0], [709.0, 379.0, 735.0, 382.0, 733.0, 392.0, 707.0, 390.0], [689.0, 388.0, 729.0, 389.0, 729.0, 405.0, 689.0, 403.0], [687.0, 402.0, 733.0, 403.0, 733.0, 414.0, 687.0, 412.0], [183.0, 239.0, 257.0, 241.0, 255.0, 260.0, 181.0, 258.0], [971.0, 298.0, 991.0, 298.0, 988.0, 321.0, 968.0, 321.0]], "detPolPoints": [[779.0, 196.0, 888.0, 183.0, 893.0, 221.0, 784.0, 234.0], [704.0, 371.0, 732.0, 390.0, 715.0, 416.0, 686.0, 396.0]], "gtCharPoints": [[[689.5, 383.5833333333333], [696.5, 383.75], [703.5, 383.91666666666663]], [[483.25, 228.0], [505.75, 223.0]], [[629.5, 342.8333333333333], [644.5, 340.5], [659.5, 338.16666666666663]], [[630.0, 362.75], [637.0, 362.25]], [[625.875, 381.625], [637.625, 379.875], [649.375, 378.125], [661.125, 376.375]], [[788.1785714285714, 213.10714285714286], [805.5357142857143, 211.32142857142858], [822.8928571428571, 209.53571428571428], [840.25, 207.75], [857.6071428571429, 205.96428571428572], [874.9642857142858, 204.17857142857144], [892.3214285714286, 202.39285714285714]], [[712.3333333333334, 384.9166666666667], [721.0, 385.75], [729.6666666666667, 386.58333333333337]], [[694.0, 395.6875], [704.0, 396.0625], [714.0, 396.4375], [724.0, 396.8125]], [[691.6, 407.15], [700.8000000000001, 407.45], [710.0, 407.75], [719.2, 408.04999999999995], [728.4, 408.34999999999997]], [[191.25, 248.75], [209.75, 249.25], [228.25, 249.75], [246.75, 250.25]], [[974.5, 309.5], [984.5, 309.5]]], "gtCharCounts": [[0.0, 0.0, 0.0], [0.0, 0.0], [0.0, 0.0, 0.0], [0.0, 0.0], [0.0, 0.0, 0.0, 0.0], [1.0, 1.0, 1.0, 1.0, 1.0, 1.0, 0.0], [0.0, 0.0, 0.0], [1.0, 1.0, 1.0, 1.0], [0.0, 0.0, 0.0, 0.0, 0.0], [0.0, 0.0, 0.0, 0.0], [0.0, 0.0]], "gtDontCare": [0, 1, 2, 3, 6, 8, 9, 10], "detDontCare": [], "evaluationParams": {"GT_PATH": "gt/gt_IC15.zip", "SUBMIT_PATH": "result/result_paddleOCR_IC15.zip", "OUTPUT_PATH": "output/", "PORT": 8080, "BOX_TYPE": "QUAD", "TRANSCRIPTION": true, "CONFIDENCES": false, "CRLF": false, "E2E": true, "CASE_SENSITIVE": true, "RS": true, "AREA_PRECISION_CONSTRAINT": 0.5, "GRANULARITY_PENALTY_WEIGHT": 1.0, "VERTICAL_ASPECT_RATIO_THRES": 2.0, "NUM_WORKERS": 2, "GT_SAMPLE_NAME_2_ID": "([0-9]+)", "DET_SAMPLE_NAME_2_ID": "([0-9]+)", "PER_SAMPLE_RESULTS": true}, "evaluationLog": "GT polygons: 11 (8 don't care) \nDET polygons: 2\n\nFind one-to-one matches\nMatch GT #5 with Det #0\nMatch GT #7 with Det #1\nFind one-to-many matches\nFind many-to-one matches\n<b>Detection | PRECISION\n</b><b>Detection | RECALL\n</b><b># of false positive chars\n</b>0\n=================================\n<b>End-to-End | Recall\n</b><b>End-to-End | Precision\n</b>", "EndtoEnd": {"precision": 0.15151515151515152, "recall": 0.3333333333333333, "hmean": 0.20833333333333331, "recognition_score": 0.15151515151515152}, "end2endMat": [[0.0, 0.0, 0.0, 0.0], [0.0, 0.0, 0.0, 0.0], [0.0, 0.0, 0.0, 0.0], [0.0, 0.0, 0.0, 0.0], [0.0, 0.0, 0.0, 0.0], [0.0, 0.0, 3.0, 0.0], [0.0, 0.0, 0.0, 0.0], [0.0, 0.0, 2.0, 0.0], [0.0, 0.0, 0.0, 0.0], [0.0, 0.0, 0.0, 0.0], [0.0, 0.0, 0.0, 0.0], [3.0, 2.0, 0.0, 0.0], [0.0, 0.0, 0.0, 0.0]], "gtTrans": ["###", "##", "###", "##", "$108", "dENiZEN", "###", "$150", "#####", "####", "##"], "detTrans": ["CBIIZEN,0.87046003", "a130,0.59336174"], "gtQuery": ["###", "##", "###", "##", "$108", "dENiZEN", "###", "$150", "#####", "####", "##"], "detQuery": ["CBIIZEN,0.87046003", "a130,0.59336174"]}