{"Rawdata": {"det_correct_num_recall": 0.0, "det_correct_num_precision": 0.0, "chars_gt": 8, "chars_det": 0, "num_splitted": 0, "num_merged": 0, "num_false_positive": 0, "char_missed": 8, "char_overlapped": 0, "char_false_positive": 0, "e2e_correct_num_recall": 0.0, "e2e_correct_num_precision": 0.0, "chars_recog": 0, "e2e_char_missed": 8.0, "e2e_char_false_positive": 0.0, "e2e_recog_score_chars": 0, "e2e_recog_score_correct_num": 0.0}, "Detection": {"precision": 0.0, "recall": 0.0, "hmean": 0}, "pairs": [], "detectionMat": [[0.0, 0.0], [0.0, 0.0], [0.0, 0.0], [0.0, 0.0], [0.0, 0.0], [0.0, 0.0]], "precisionMat": [[], [], [], []], "gtPolPoints": [[720.0, 111.0, 757.0, 109.0, 760.0, 124.0, 720.0, 126.0], [718.0, 127.0, 760.0, 126.0, 760.0, 134.0, 719.0, 142.0], [202.0, 448.0, 303.0, 432.0, 312.0, 467.0, 216.0, 480.0], [316.0, 433.0, 404.0, 420.0, 407.0, 446.0, 319.0, 458.0]], "detPolPoints": [], "gtCharPoints": [[[724.8125, 118.25], [734.4375, 117.75], [744.0625, 117.25], [753.6875, 116.75]], [[723.6875, 133.9375], [734.0625, 132.8125], [744.4375, 131.6875], [754.8125, 130.5625]], [[225.41666666666666, 461.5833333333333], [258.25, 456.75], [291.0833333333333, 451.91666666666663]], [[328.5, 443.9375], [350.5, 440.8125], [372.5, 437.6875], [394.5, 434.5625]]], "gtCharCounts": [0.0, 0.0, 0.0, 0.0], "gtDontCare": [1, 2], "detDontCare": [], "evaluationParams": {"GT_PATH": "gt/gt_IC15.zip", "SUBMIT_PATH": "result/result_paddleOCR_IC15.zip", "OUTPUT_PATH": "output/", "PORT": 8080, "BOX_TYPE": "QUAD", "TRANSCRIPTION": true, "CONFIDENCES": false, "CRLF": false, "E2E": true, "CASE_SENSITIVE": true, "RS": true, "AREA_PRECISION_CONSTRAINT": 0.5, "GRANULARITY_PENALTY_WEIGHT": 1.0, "VERTICAL_ASPECT_RATIO_THRES": 2.0, "NUM_WORKERS": 2, "GT_SAMPLE_NAME_2_ID": "([0-9]+)", "DET_SAMPLE_NAME_2_ID": "([0-9]+)", "PER_SAMPLE_RESULTS": true}, "evaluationLog": "GT polygons: 4 (2 don't care) \nDET polygons: 0\n\nFind one-to-one matches\nFind one-to-many matches\nFind many-to-one matches\n<b>Detection | PRECISION\n</b><b>Detection | RECALL\n</b><b># of false positive chars\n</b>0\n=================================\n<b>End-to-End | Recall\n</b><b>End-to-End | Precision\n</b>", "EndtoEnd": {"precision": 0.0, "recall": 0.0, "hmean": 0, "recognition_score": 0.0}, "end2endMat": [[0.0, 0.0], [0.0, 0.0], [0.0, 0.0], [0.0, 0.0], [0.0, 0.0], [0.0, 0.0]], "gtTrans": ["cook", "####", "###", "SOMA"], "detTrans": [], "gtQuery": ["cook", "####", "###", "SOMA"], "detQuery": []}