{"Rawdata": {"det_correct_num_recall": 0.0, "det_correct_num_precision": 0.0, "chars_gt": 24, "chars_det": 0, "num_splitted": 0, "num_merged": 0, "num_false_positive": 0, "char_missed": 24, "char_overlapped": 0, "char_false_positive": 0, "e2e_correct_num_recall": 0.0, "e2e_correct_num_precision": 0.0, "chars_recog": 0, "e2e_char_missed": 24.0, "e2e_char_false_positive": 0.0, "e2e_recog_score_chars": 0, "e2e_recog_score_correct_num": 0.0}, "Detection": {"precision": 0.0, "recall": 0.0, "hmean": 0}, "pairs": [], "detectionMat": [[0.0, 0.0], [0.0, 0.0], [0.0, 0.0], [0.0, 0.0], [0.0, 0.0], [0.0, 0.0], [0.0, 0.0], [0.0, 0.0], [0.0, 0.0], [0.0, 0.0], [0.0, 0.0], [0.0, 0.0]], "precisionMat": [[], [], [], [], [], [], [], [], [], []], "gtPolPoints": [[186.0, 119.0, 324.0, 179.0, 320.0, 244.0, 182.0, 184.0], [202.0, 332.0, 267.0, 329.0, 268.0, 339.0, 203.0, 342.0], [269.0, 332.0, 309.0, 328.0, 312.0, 338.0, 272.0, 342.0], [2.0, 318.0, 23.0, 318.0, 21.0, 356.0, 0.0, 356.0], [608.0, 295.0, 653.0, 291.0, 654.0, 311.0, 609.0, 315.0], [653.0, 288.0, 702.0, 284.0, 703.0, 308.0, 654.0, 312.0], [611.0, 280.0, 650.0, 273.0, 652.0, 292.0, 613.0, 299.0], [654.0, 272.0, 701.0, 266.0, 703.0, 288.0, 656.0, 294.0], [451.0, 329.0, 514.0, 330.0, 515.0, 349.0, 452.0, 348.0], [563.0, 410.0, 592.0, 405.0, 590.0, 421.0, 561.0, 426.0]], "detPolPoints": [], "gtCharPoints": [[[189.75, 154.0], [201.25, 159.0], [212.75, 164.0], [224.25, 169.0], [235.75, 174.0], [247.25, 179.0], [258.75, 184.0], [270.25, 189.0], [281.75, 194.0], [293.25, 199.0], [304.75, 204.0], [316.25, 209.0]], [[207.14285714285714, 336.7857142857143], [216.42857142857142, 336.35714285714283], [225.71428571428572, 335.92857142857144], [235.0, 335.5], [244.28571428571428, 335.07142857142856], [253.57142857142856, 334.6428571428571], [262.8571428571429, 334.2142857142857]], [[275.5, 336.5], [285.5, 335.5], [295.5, 334.5], [305.5, 333.5]], [[6.25, 337.0], [16.75, 337.0]], [[614.125, 304.5], [625.375, 303.5], [636.625, 302.5], [647.875, 301.5]], [[659.625, 299.5], [671.875, 298.5], [684.125, 297.5], [696.375, 296.5]], [[618.5, 288.3333333333333], [631.5, 286.0], [644.5, 283.66666666666663]], [[662.8333333333334, 282.0], [678.5, 280.0], [694.1666666666667, 278.0]], [[459.375, 338.625], [475.125, 338.875], [490.875, 339.125], [506.625, 339.375]], [[569.25, 416.75], [583.75, 414.25]]], "gtCharCounts": [0.0, 0.0, 0.0, 0.0, 0.0, 0.0, 0.0, 0.0, 0.0, 0.0], "gtDontCare": [1, 2, 3, 6, 7, 9], "detDontCare": [], "evaluationParams": {"GT_PATH": "gt/gt_IC15.zip", "SUBMIT_PATH": "result/result_paddleOCR_IC15.zip", "OUTPUT_PATH": "output/", "PORT": 8080, "BOX_TYPE": "QUAD", "TRANSCRIPTION": true, "CONFIDENCES": false, "CRLF": false, "E2E": true, "CASE_SENSITIVE": true, "RS": true, "AREA_PRECISION_CONSTRAINT": 0.5, "GRANULARITY_PENALTY_WEIGHT": 1.0, "VERTICAL_ASPECT_RATIO_THRES": 2.0, "NUM_WORKERS": 2, "GT_SAMPLE_NAME_2_ID": "([0-9]+)", "DET_SAMPLE_NAME_2_ID": "([0-9]+)", "PER_SAMPLE_RESULTS": true}, "evaluationLog": "GT polygons: 10 (6 don't care) \nDET polygons: 0\n\nFind one-to-one matches\nFind one-to-many matches\nFind many-to-one matches\n<b>Detection | PRECISION\n</b><b>Detection | RECALL\n</b><b># of false positive chars\n</b>0\n=================================\n<b>End-to-End | Recall\n</b><b>End-to-End | Precision\n</b>", "EndtoEnd": {"precision": 0.0, "recall": 0.0, "hmean": 0, "recognition_score": 0.0}, "end2endMat": [[0.0, 0.0], [0.0, 0.0], [0.0, 0.0], [0.0, 0.0], [0.0, 0.0], [0.0, 0.0], [0.0, 0.0], [0.0, 0.0], [0.0, 0.0], [0.0, 0.0], [0.0, 0.0], [0.0, 0.0]], "gtTrans": ["collectpoint", "#######", "####", "##", "SALE", "SALE", "###", "###", "poix", "##"], "detTrans": [], "gtQuery": ["collectpoint", "#######", "####", "##", "SALE", "SALE", "###", "###", "poix", "##"], "detQuery": []}