{"Rawdata": {"det_correct_num_recall": 7.0, "det_correct_num_precision": 7.0, "chars_gt": 17, "chars_det": 7.0, "num_splitted": 0, "num_merged": 0, "num_false_positive": 0, "char_missed": 10, "char_overlapped": 0, "char_false_positive": 0, "e2e_correct_num_recall": 7.0, "e2e_correct_num_precision": 7.0, "chars_recog": 18, "e2e_char_missed": 10.0, "e2e_char_false_positive": 11.0, "e2e_recog_score_chars": 18, "e2e_recog_score_correct_num": 7.0}, "Detection": {"precision": 1.0, "recall": 0.4117647058823529, "hmean": 0.5833333333333334}, "pairs": [{"gt": [6], "det": [0], "type": "OO"}], "detectionMat": [[0.0, 0.0, 0.0], [0.0, 0.0, 0.0], [0.0, 0.0, 0.0], [0.0, 0.0, 0.0], [0.0, 0.0, 0.0], [0.0, 0.0, 0.0], [7.0, 7.0, 0.0], [0.0, 0.0, 0.0], [7.0, 0.0, 0.0], [0.0, 0.0, 0.0]], "precisionMat": [[0.0], [0.0], [0.0], [0.0], [0.0], [0.0], [0.7881268651830914], [0.0]], "gtPolPoints": [[0.0, 10.0, 139.0, 16.0, 132.0, 94.0, 0.0, 83.0], [2.0, 103.0, 125.0, 102.0, 124.0, 142.0, 0.0, 134.0], [2.0, 140.0, 83.0, 134.0, 79.0, 150.0, 0.0, 164.0], [342.0, 78.0, 381.0, 81.0, 388.0, 108.0, 346.0, 103.0], [337.0, 100.0, 392.0, 107.0, 395.0, 127.0, 343.0, 121.0], [341.0, 116.0, 392.0, 124.0, 391.0, 147.0, 344.0, 140.0], [461.0, 123.0, 593.0, 146.0, 599.0, 180.0, 470.0, 170.0], [72.0, 257.0, 152.0, 256.0, 154.0, 280.0, 74.0, 281.0]], "detPolPoints": [[466.0, 120.0, 603.0, 140.0, 597.0, 186.0, 459.0, 166.0]], "gtCharPoints": [[[16.9375, 47.5625], [50.8125, 49.6875], [84.6875, 51.8125], [118.5625, 53.9375]], [[16.4375, 118.9375], [47.3125, 119.8125], [78.1875, 120.6875], [109.0625, 121.5625]], [[11.0, 150.75], [31.0, 148.25], [51.0, 145.75], [71.0, 143.25]], [[354.125, 91.5], [374.375, 93.5]], [[348.9166666666667, 111.58333333333333], [366.75, 113.75], [384.58333333333337, 115.91666666666666]], [[350.6666666666667, 129.25], [367.0, 131.75], [383.33333333333337, 134.25]], [[474.82142857142856, 147.67857142857142], [493.4642857142857, 150.03571428571428], [512.1071428571429, 152.39285714285714], [530.75, 154.75], [549.3928571428571, 157.10714285714283], [568.0357142857142, 159.4642857142857], [586.6785714285714, 161.82142857142856]], [[79.66666666666667, 268.9166666666667], [93.0, 268.75], [106.33333333333334, 268.58333333333337], [119.66666666666667, 268.4166666666667], [133.0, 268.25], [146.33333333333334, 268.08333333333337]]], "gtCharCounts": [[0.0, 0.0, 0.0, 0.0], [0.0, 0.0, 0.0, 0.0], [0.0, 0.0, 0.0, 0.0], [0.0, 0.0], [0.0, 0.0, 0.0], [0.0, 0.0, 0.0], [1.0, 1.0, 1.0, 1.0, 1.0, 1.0, 1.0], [0.0, 0.0, 0.0, 0.0, 0.0, 0.0]], "gtDontCare": [1, 2, 3, 4, 5], "detDontCare": [], "evaluationParams": {"GT_PATH": "gt/gt_IC15.zip", "SUBMIT_PATH": "result/result_paddleOCR_IC15.zip", "OUTPUT_PATH": "output/", "PORT": 8080, "BOX_TYPE": "QUAD", "TRANSCRIPTION": true, "CONFIDENCES": false, "CRLF": false, "E2E": true, "CASE_SENSITIVE": true, "RS": true, "AREA_PRECISION_CONSTRAINT": 0.5, "GRANULARITY_PENALTY_WEIGHT": 1.0, "VERTICAL_ASPECT_RATIO_THRES": 2.0, "NUM_WORKERS": 2, "GT_SAMPLE_NAME_2_ID": "([0-9]+)", "DET_SAMPLE_NAME_2_ID": "([0-9]+)", "PER_SAMPLE_RESULTS": true}, "evaluationLog": "GT polygons: 8 (5 don't care) \nDET polygons: 1\n\nFind one-to-one matches\nMatch GT #6 with Det #0\nFind one-to-many matches\nFind many-to-one matches\n<b>Detection | PRECISION\n</b><b>Detection | RECALL\n</b><b># of false positive chars\n</b>0\n=================================\n<b>End-to-End | Recall\n</b><b>End-to-End | Precision\n</b>", "EndtoEnd": {"precision": 0.3888888888888889, "recall": 0.4117647058823529, "hmean": 0.39999999999999997, "recognition_score": 0.3888888888888889}, "end2endMat": [[0.0, 0.0, 0.0], [0.0, 0.0, 0.0], [0.0, 0.0, 0.0], [0.0, 0.0, 0.0], [0.0, 0.0, 0.0], [0.0, 0.0, 0.0], [0.0, 7.0, 0.0], [0.0, 0.0, 0.0], [7.0, 0.0, 0.0], [0.0, 0.0, 0.0]], "gtTrans": ["Eett", "####", "####", "##", "###", "###", "DOCKERS", "figger"], "detTrans": ["DOCKERS,0.99099046"], "gtQuery": ["Eett", "####", "####", "##", "###", "###", "DOCKERS", "figger"], "detQuery": ["DOCKERS,0.99099046"]}