{"Rawdata": {"det_correct_num_recall": 0.0, "det_correct_num_precision": 0.0, "chars_gt": 11, "chars_det": 0, "num_splitted": 0, "num_merged": 0, "num_false_positive": 0, "char_missed": 11, "char_overlapped": 0, "char_false_positive": 0, "e2e_correct_num_recall": 0.0, "e2e_correct_num_precision": 0.0, "chars_recog": 0, "e2e_char_missed": 11.0, "e2e_char_false_positive": 0.0, "e2e_recog_score_chars": 0, "e2e_recog_score_correct_num": 0.0}, "Detection": {"precision": 0.0, "recall": 0.0, "hmean": 0}, "pairs": [], "detectionMat": [[0.0, 0.0], [0.0, 0.0], [0.0, 0.0], [0.0, 0.0], [0.0, 0.0], [0.0, 0.0], [0.0, 0.0], [0.0, 0.0], [0.0, 0.0], [0.0, 0.0]], "precisionMat": [[], [], [], [], [], [], [], []], "gtPolPoints": [[149.0, 202.0, 181.0, 201.0, 177.0, 389.0, 146.0, 390.0], [327.0, 110.0, 383.0, 113.0, 383.0, 141.0, 328.0, 138.0], [429.0, 146.0, 469.0, 146.0, 470.0, 172.0, 430.0, 171.0], [329.0, 83.0, 367.0, 87.0, 365.0, 104.0, 327.0, 100.0], [367.0, 90.0, 384.0, 92.0, 381.0, 107.0, 364.0, 106.0], [439.0, 120.0, 443.0, 122.0, 439.0, 138.0, 435.0, 135.0], [439.0, 125.0, 467.0, 129.0, 467.0, 143.0, 439.0, 139.0], [339.0, 144.0, 387.0, 146.0, 386.0, 157.0, 339.0, 155.0]], "detPolPoints": [], "gtCharPoints": [[[162.08333333333334, 358.1666666666667], [163.25, 295.5], [164.41666666666669, 232.83333333333337]], [[334.4375, 124.375], [348.3125, 125.125], [362.1875, 125.875], [376.0625, 126.625]], [[434.5, 158.5625], [444.5, 158.6875], [454.5, 158.8125], [464.5, 158.9375]], [[334.3333333333333, 92.16666666666667], [347.0, 93.5], [359.66666666666663, 94.83333333333334]], [[369.75, 98.375], [378.25, 99.125]], [[437.5, 134.5625], [438.5, 130.6875], [439.5, 126.8125], [440.5, 122.9375]], [[443.6666666666667, 132.66666666666666], [453.0, 134.0], [462.33333333333337, 135.33333333333331]], [[343.75, 149.7], [353.25, 150.1], [362.75, 150.5], [372.25, 150.89999999999998], [381.75, 151.29999999999998]]], "gtCharCounts": [0.0, 0.0, 0.0, 0.0, 0.0, 0.0, 0.0, 0.0], "gtDontCare": [3, 4, 5, 6, 7], "detDontCare": [], "evaluationParams": {"GT_PATH": "gt/gt_IC15.zip", "SUBMIT_PATH": "result/result_paddleOCR_IC15.zip", "OUTPUT_PATH": "output/", "PORT": 8080, "BOX_TYPE": "QUAD", "TRANSCRIPTION": true, "CONFIDENCES": false, "CRLF": false, "E2E": true, "CASE_SENSITIVE": true, "RS": true, "AREA_PRECISION_CONSTRAINT": 0.5, "GRANULARITY_PENALTY_WEIGHT": 1.0, "VERTICAL_ASPECT_RATIO_THRES": 2.0, "NUM_WORKERS": 2, "GT_SAMPLE_NAME_2_ID": "([0-9]+)", "DET_SAMPLE_NAME_2_ID": "([0-9]+)", "PER_SAMPLE_RESULTS": true}, "evaluationLog": "GT polygons: 8 (5 don't care) \nDET polygons: 0\n\nFind one-to-one matches\nFind one-to-many matches\nFind many-to-one matches\n<b>Detection | PRECISION\n</b><b>Detection | RECALL\n</b><b># of false positive chars\n</b>0\n=================================\n<b>End-to-End | Recall\n</b><b>End-to-End | Precision\n</b>", "EndtoEnd": {"precision": 0.0, "recall": 0.0, "hmean": 0, "recognition_score": 0.0}, "end2endMat": [[0.0, 0.0], [0.0, 0.0], [0.0, 0.0], [0.0, 0.0], [0.0, 0.0], [0.0, 0.0], [0.0, 0.0], [0.0, 0.0], [0.0, 0.0], [0.0, 0.0]], "gtTrans": ["LES", "BALL", "PARK", "###", "##", "####", "###", "#####"], "detTrans": [], "gtQuery": ["LES", "BALL", "PARK", "###", "##", "####", "###", "#####"], "detQuery": []}