{"Rawdata": {"det_correct_num_recall": 0.0, "det_correct_num_precision": 0.0, "chars_gt": 51, "chars_det": 0, "num_splitted": 0, "num_merged": 0, "num_false_positive": 0, "char_missed": 51, "char_overlapped": 0, "char_false_positive": 0, "e2e_correct_num_recall": 0.0, "e2e_correct_num_precision": 0.0, "chars_recog": 0, "e2e_char_missed": 51.0, "e2e_char_false_positive": 0.0, "e2e_recog_score_chars": 0, "e2e_recog_score_correct_num": 0.0}, "Detection": {"precision": 0.0, "recall": 0.0, "hmean": 0}, "pairs": [], "detectionMat": [[0.0, 0.0], [0.0, 0.0], [0.0, 0.0], [0.0, 0.0], [0.0, 0.0], [0.0, 0.0], [0.0, 0.0], [0.0, 0.0], [0.0, 0.0], [0.0, 0.0], [0.0, 0.0], [0.0, 0.0], [0.0, 0.0], [0.0, 0.0], [0.0, 0.0], [0.0, 0.0], [0.0, 0.0], [0.0, 0.0], [0.0, 0.0]], "precisionMat": [[], [], [], [], [], [], [], [], [], [], [], [], [], [], [], [], []], "gtPolPoints": [[392.0, 71.0, 420.0, 71.0, 420.0, 81.0, 391.0, 81.0], [325.0, 73.0, 358.0, 72.0, 359.0, 82.0, 326.0, 83.0], [395.0, 56.0, 448.0, 55.0, 448.0, 71.0, 395.0, 71.0], [493.0, 30.0, 531.0, 31.0, 531.0, 43.0, 493.0, 42.0], [495.0, 41.0, 530.0, 43.0, 529.0, 54.0, 495.0, 52.0], [299.0, 75.0, 327.0, 74.0, 327.0, 82.0, 299.0, 83.0], [348.0, 57.0, 393.0, 57.0, 393.0, 71.0, 348.0, 71.0], [362.0, 72.0, 391.0, 72.0, 391.0, 83.0, 361.0, 82.0], [297.0, 59.0, 346.0, 58.0, 346.0, 72.0, 297.0, 73.0], [421.0, 72.0, 448.0, 71.0, 448.0, 81.0, 421.0, 81.0], [300.0, 110.0, 374.0, 110.0, 373.0, 128.0, 300.0, 128.0], [786.0, 355.0, 813.0, 355.0, 813.0, 371.0, 786.0, 372.0], [1.0, 208.0, 81.0, 235.0, 74.0, 279.0, 1.0, 266.0], [584.0, 571.0, 605.0, 564.0, 611.0, 581.0, 590.0, 588.0], [623.0, 562.0, 642.0, 561.0, 642.0, 582.0, 623.0, 582.0], [574.0, 429.0, 586.0, 436.0, 582.0, 459.0, 570.0, 453.0], [582.0, 462.0, 598.0, 466.0, 595.0, 483.0, 579.0, 478.0]], "detPolPoints": [], "gtCharPoints": [[[395.0625, 76.0], [402.1875, 76.0], [409.3125, 76.0], [416.4375, 76.0]], [[328.8, 77.9], [335.40000000000003, 77.7], [342.0, 77.5], [348.6, 77.30000000000001], [355.2, 77.10000000000001]], [[399.4166666666667, 63.458333333333336], [408.25, 63.375], [417.08333333333337, 63.29166666666667], [425.9166666666667, 63.208333333333336], [434.75, 63.125], [443.58333333333337, 63.04166666666667]], [[496.1666666666667, 36.083333333333336], [502.5, 36.25], [508.83333333333337, 36.41666666666667], [515.1666666666667, 36.583333333333336], [521.5, 36.75], [527.8333333333334, 36.91666666666667]], [[498.45, 46.7], [505.34999999999997, 47.1], [512.25, 47.5], [519.15, 47.900000000000006], [526.05, 48.300000000000004]], [[302.5, 78.875], [309.5, 78.625], [316.5, 78.375], [323.5, 78.125]], [[353.625, 64.0], [364.875, 64.0], [376.125, 64.0], [387.375, 64.0]], [[365.1875, 77.0625], [372.5625, 77.1875], [379.9375, 77.3125], [387.3125, 77.4375]], [[301.9, 65.9], [311.7, 65.7], [321.5, 65.5], [331.29999999999995, 65.30000000000001], [341.09999999999997, 65.10000000000001]], [[424.375, 76.4375], [431.125, 76.3125], [437.875, 76.1875], [444.625, 76.0625]], [[307.35, 119.0], [322.05, 119.0], [336.75, 119.0], [351.45000000000005, 119.0], [366.15000000000003, 119.0]], [[789.375, 363.4375], [796.125, 363.3125], [802.875, 363.1875], [809.625, 363.0625]], [[20.125, 242.0], [58.375, 252.0]], [[592.25, 577.75], [602.75, 574.25]], [[627.75, 571.875], [637.25, 571.625]], [[575.0, 442.625], [581.0, 445.875]], [[584.5, 471.125], [592.5, 473.375]]], "gtCharCounts": [0.0, 0.0, 0.0, 0.0, 0.0, 0.0, 0.0, 0.0, 0.0, 0.0, 0.0, 0.0, 0.0, 0.0, 0.0, 0.0, 0.0], "gtDontCare": [10, 12, 13, 14, 15, 16], "detDontCare": [], "evaluationParams": {"GT_PATH": "gt/gt_IC15.zip", "SUBMIT_PATH": "result/result_paddleOCR_IC15.zip", "OUTPUT_PATH": "output/", "PORT": 8080, "BOX_TYPE": "QUAD", "TRANSCRIPTION": true, "CONFIDENCES": false, "CRLF": false, "E2E": true, "CASE_SENSITIVE": true, "RS": true, "AREA_PRECISION_CONSTRAINT": 0.5, "GRANULARITY_PENALTY_WEIGHT": 1.0, "VERTICAL_ASPECT_RATIO_THRES": 2.0, "NUM_WORKERS": 2, "GT_SAMPLE_NAME_2_ID": "([0-9]+)", "DET_SAMPLE_NAME_2_ID": "([0-9]+)", "PER_SAMPLE_RESULTS": true}, "evaluationLog": "GT polygons: 17 (6 don't care) \nDET polygons: 0\n\nFind one-to-one matches\nFind one-to-many matches\nFind many-to-one matches\n<b>Detection | PRECISION\n</b><b>Detection | RECALL\n</b><b># of false positive chars\n</b>0\n=================================\n<b>End-to-End | Recall\n</b><b>End-to-End | Precision\n</b>", "EndtoEnd": {"precision": 0.0, "recall": 0.0, "hmean": 0, "recognition_score": 0.0}, "end2endMat": [[0.0, 0.0], [0.0, 0.0], [0.0, 0.0], [0.0, 0.0], [0.0, 0.0], [0.0, 0.0], [0.0, 0.0], [0.0, 0.0], [0.0, 0.0], [0.0, 0.0], [0.0, 0.0], [0.0, 0.0], [0.0, 0.0], [0.0, 0.0], [0.0, 0.0], [0.0, 0.0], [0.0, 0.0], [0.0, 0.0], [0.0, 0.0]], "gtTrans": ["YOUR", "STEAK", "CLAIM!", "Robert", "Timms", "YOUR", "YOUR", "DONE", "STAKE", "WAY!", "#####", "NTRE", "##", "##", "##", "##", "##"], "detTrans": [], "gtQuery": ["YOUR", "STEAK", "CLAIM!", "Robert", "Timms", "YOUR", "YOUR", "DONE", "STAKE", "WAY!", "#####", "NTRE", "##", "##", "##", "##", "##"], "detQuery": []}