{"Rawdata": {"det_correct_num_recall": 9.0, "det_correct_num_precision": 9.0, "chars_gt": 15, "chars_det": 9.0, "num_splitted": 0, "num_merged": 0, "num_false_positive": 0, "char_missed": 6, "char_overlapped": 0, "char_false_positive": 0, "e2e_correct_num_recall": 9.0, "e2e_correct_num_precision": 9.0, "chars_recog": 20, "e2e_char_missed": 6.0, "e2e_char_false_positive": 11.0, "e2e_recog_score_chars": 20, "e2e_recog_score_correct_num": 9.0}, "Detection": {"precision": 1.0, "recall": 0.6, "hmean": 0.7499999999999999}, "pairs": [{"gt": [0], "det": [0], "type": "OO"}], "detectionMat": [[9.0, 9.0, 0.0], [0.0, 0.0, 0.0], [0.0, 0.0, 0.0], [9.0, 0.0, 0.0], [0.0, 0.0, 0.0]], "precisionMat": [[0.8814737375059525], [0.0], [0.01637667359740852]], "gtPolPoints": [[435.0, 195.0, 605.0, 161.0, 612.0, 214.0, 442.0, 248.0], [446.0, 263.0, 543.0, 234.0, 552.0, 270.0, 455.0, 299.0], [545.0, 235.0, 616.0, 215.0, 618.0, 248.0, 547.0, 268.0]], "detPolPoints": [[432.0, 187.0, 605.0, 165.0, 613.0, 223.0, 440.0, 246.0]], "gtCharPoints": [[[447.94444444444446, 219.61111111111111], [466.83333333333337, 215.83333333333334], [485.72222222222223, 212.05555555555557], [504.61111111111114, 208.27777777777777], [523.5, 204.5], [542.3888888888889, 200.72222222222223], [561.2777777777778, 196.94444444444446], [580.1666666666667, 193.16666666666669], [599.0555555555555, 189.38888888888889]], [[458.5833333333333, 278.5833333333333], [474.75, 273.75], [490.91666666666663, 268.91666666666663], [507.0833333333333, 264.0833333333333], [523.25, 259.25], [539.4166666666666, 254.41666666666666]], [[557.8333333333334, 248.16666666666666], [581.5, 241.5], [605.1666666666667, 234.83333333333331]]], "gtCharCounts": [[1.0, 1.0, 1.0, 1.0, 1.0, 1.0, 1.0, 1.0, 1.0], [0.0, 0.0, 0.0, 0.0, 0.0, 0.0], [0.0, 0.0, 0.0]], "gtDontCare": [2], "detDontCare": [], "evaluationParams": {"GT_PATH": "gt/gt_IC15.zip", "SUBMIT_PATH": "result/result_paddleOCR_IC15.zip", "OUTPUT_PATH": "output/", "PORT": 8080, "BOX_TYPE": "QUAD", "TRANSCRIPTION": true, "CONFIDENCES": false, "CRLF": false, "E2E": true, "CASE_SENSITIVE": true, "RS": true, "AREA_PRECISION_CONSTRAINT": 0.5, "GRANULARITY_PENALTY_WEIGHT": 1.0, "VERTICAL_ASPECT_RATIO_THRES": 2.0, "NUM_WORKERS": 2, "GT_SAMPLE_NAME_2_ID": "([0-9]+)", "DET_SAMPLE_NAME_2_ID": "([0-9]+)", "PER_SAMPLE_RESULTS": true}, "evaluationLog": "GT polygons: 3 (1 don't care) \nDET polygons: 1\n\nFind one-to-one matches\nMatch GT #0 with Det #0\nFind one-to-many matches\nFind many-to-one matches\n<b>Detection | PRECISION\n</b><b>Detection | RECALL\n</b><b># of false positive chars\n</b>0\n=================================\n<b>End-to-End | Recall\n</b><b>End-to-End | Precision\n</b>", "EndtoEnd": {"precision": 0.45, "recall": 0.6, "hmean": 0.5142857142857143, "recognition_score": 0.45}, "end2endMat": [[0.0, 9.0, 0.0], [0.0, 0.0, 0.0], [0.0, 0.0, 0.0], [9.0, 0.0, 0.0], [0.0, 0.0, 0.0]], "gtTrans": ["SINGAPORE", "CRUISE", "###"], "detTrans": ["SINGAPORE,0.97261155"], "gtQuery": ["SINGAPORE", "CRUISE", "###"], "detQuery": ["SINGAPORE,0.97261155"]}