{"Rawdata": {"det_correct_num_recall": 21.0, "det_correct_num_precision": 18.0, "chars_gt": 29, "chars_det": 21.0, "num_splitted": 0, "num_merged": 2, "num_false_positive": 0, "char_missed": 8, "char_overlapped": 0, "char_false_positive": 0, "e2e_correct_num_recall": 20.0, "e2e_correct_num_precision": 17.0, "chars_recog": 43, "e2e_char_missed": 9.0, "e2e_char_false_positive": 23.0, "e2e_recog_score_chars": 43, "e2e_recog_score_correct_num": 20.0}, "Detection": {"precision": 0.8571428571428571, "recall": 0.7241379310344828, "hmean": 0.7850467289719627}, "pairs": [{"gt": [4], "det": [1], "type": "OO"}, {"gt": [2, 5, 7], "det": [0], "type": "MO"}, {"gt": [4, 6], "det": [1], "type": "MO"}], "detectionMat": [[0.0, 0.0, 0.0, 0.0], [0.0, 0.0, 0.0, 0.0], [4.0, 0.0, 4.0, 0.0], [0.0, 0.0, 0.0, 0.0], [0.0, 4.0, 4.0, 0.0], [5.0, 0.0, 5.0, 0.0], [0.0, 3.0, 3.0, 0.0], [5.0, 0.0, 5.0, 0.0], [0.0, 0.0, 0.0, 0.0], [0.0, 0.0, 0.0, 0.0], [0.0, 0.0, 0.0, 0.0], [0.0, 0.0, 0.0, 0.0], [0.0, 0.0, 0.0, 0.0], [0.0, 0.0, 0.0, 0.0], [14.0, 7.0, 0.0, 0.0], [2.0, 1.0, 0.0, 0.0]], "precisionMat": [[0.0, 0.0], [0.0, 0.0], [0.3162964763524686, 0.0], [0.0, 0.0], [0.0, 0.5515733760835465], [0.34287586981773455, 0.0], [0.0, 0.41593424962764747], [0.3045305863698671, 0.0], [0.0, 0.0], [0.0, 0.0], [0.0, 0.0], [0.0, 0.0], [0.0, 0.0], [0.0, 0.0]], "gtPolPoints": [[412.0, 660.0, 480.0, 671.0, 476.0, 718.0, 415.0, 717.0], [543.0, 247.0, 701.0, 236.0, 697.0, 272.0, 545.0, 281.0], [1086.0, 497.0, 1226.0, 504.0, 1231.0, 558.0, 1088.0, 554.0], [1237.0, 510.0, 1272.0, 515.0, 1273.0, 561.0, 1240.0, 562.0], [825.0, 550.0, 1058.0, 561.0, 1066.0, 647.0, 832.0, 636.0], [948.0, 502.0, 1081.0, 510.0, 1082.0, 556.0, 952.0, 548.0], [1072.0, 563.0, 1267.0, 570.0, 1276.0, 665.0, 1080.0, 660.0], [820.0, 501.0, 942.0, 503.0, 942.0, 548.0, 820.0, 542.0], [31.0, 345.0, 64.0, 344.0, 62.0, 364.0, 28.0, 365.0], [65.0, 344.0, 126.0, 345.0, 126.0, 364.0, 65.0, 363.0], [294.0, 342.0, 318.0, 342.0, 318.0, 364.0, 294.0, 364.0], [301.0, 220.0, 341.0, 221.0, 340.0, 238.0, 300.0, 237.0], [42.0, 208.0, 87.0, 210.0, 86.0, 227.0, 41.0, 226.0], [220.0, 217.0, 247.0, 217.0, 247.0, 231.0, 220.0, 231.0]], "detPolPoints": [[827.0, 505.0, 1210.0, 517.0, 1209.0, 552.0, 826.0, 541.0], [836.0, 557.0, 1250.0, 582.0, 1245.0, 651.0, 832.0, 626.0]], "gtCharPoints": [[[424.25, 689.5], [445.75, 691.5], [467.25, 693.5]], [[559.5, 263.0], [590.5, 261.0], [621.5, 259.0], [652.5, 257.0], [683.5, 255.0]], [[1101.15, 526.05], [1129.45, 527.15], [1157.75, 528.25], [1186.0500000000002, 529.3499999999999], [1214.3500000000001, 530.4499999999999]], [[1247.0, 536.5], [1264.0, 537.5]], [[857.6875, 594.375], [916.0625, 597.125], [974.4375, 599.875], [1032.8125, 602.625]], [[963.15, 525.8], [989.4499999999999, 527.4], [1015.75, 529.0], [1042.05, 530.5999999999999], [1068.35, 532.1999999999999]], [[1108.5833333333333, 612.5], [1173.75, 614.5], [1238.9166666666665, 616.5]], [[832.2, 521.9], [856.6, 522.6999999999999], [881.0, 523.5], [905.4000000000001, 524.3], [929.8000000000001, 525.1]], [[37.875, 354.75], [54.625, 354.25]], [[72.625, 353.625], [87.875, 353.875], [103.125, 354.125], [118.375, 354.375]], [[300.0, 353.0], [312.0, 353.0]], [[307.1666666666667, 228.66666666666666], [320.5, 229.0], [333.83333333333337, 229.33333333333331]], [[49.0, 217.25], [64.0, 217.75], [79.0, 218.25]], [[226.75, 224.0], [240.25, 224.0]]], "gtCharCounts": [[0.0, 0.0, 0.0], [0.0, 0.0, 0.0, 0.0, 0.0], [1.0, 1.0, 1.0, 1.0, 0.0], [0.0, 0.0], [1.0, 1.0, 1.0, 1.0], [1.0, 1.0, 1.0, 1.0, 1.0], [1.0, 1.0, 1.0], [1.0, 1.0, 1.0, 1.0, 1.0], [0.0, 0.0], [0.0, 0.0, 0.0, 0.0], [0.0, 0.0], [0.0, 0.0, 0.0], [0.0, 0.0, 0.0], [0.0, 0.0]], "gtDontCare": [1, 3, 8, 10, 11, 12, 13], "detDontCare": [], "evaluationParams": {"GT_PATH": "gt/gt_IC15.zip", "SUBMIT_PATH": "result/result_paddleOCR_IC15.zip", "OUTPUT_PATH": "output/", "PORT": 8080, "BOX_TYPE": "QUAD", "TRANSCRIPTION": true, "CONFIDENCES": false, "CRLF": false, "E2E": true, "CASE_SENSITIVE": true, "RS": true, "AREA_PRECISION_CONSTRAINT": 0.5, "GRANULARITY_PENALTY_WEIGHT": 1.0, "VERTICAL_ASPECT_RATIO_THRES": 2.0, "NUM_WORKERS": 2, "GT_SAMPLE_NAME_2_ID": "([0-9]+)", "DET_SAMPLE_NAME_2_ID": "([0-9]+)", "PER_SAMPLE_RESULTS": true}, "evaluationLog": "GT polygons: 14 (7 don't care) \nDET polygons: 2\n\nFind one-to-one matches\nMatch GT #4 with Det #1\nFind one-to-many matches\nFind many-to-one matches\nMatch GT #[2, 5, 7] with Det #0\nMatch GT #[4, 6] with Det #1\n<b>Detection | PRECISION\n</b><b>Detection | RECALL\n</b><b># of false positive chars\n</b>0\n=================================\n<b>End-to-End | Recall\n</b><b>End-to-End | Precision\n</b>", "EndtoEnd": {"precision": 0.3953488372093023, "recall": 0.6896551724137931, "hmean": 0.5025868440502587, "recognition_score": 0.46511627906976744}, "end2endMat": [[0.0, 0.0, 0.0, 0.0], [0.0, 0.0, 0.0, 0.0], [0.0, 0.0, 5.0, 0.0], [0.0, 0.0, 0.0, 0.0], [0.0, 0.0, 4.0, 0.0], [0.0, 0.0, 5.0, 0.0], [0.0, 0.0, 2.0, 0.0], [0.0, 0.0, 4.0, 0.0], [0.0, 0.0, 0.0, 0.0], [0.0, 0.0, 0.0, 0.0], [0.0, 0.0, 0.0, 0.0], [0.0, 0.0, 0.0, 0.0], [0.0, 0.0, 0.0, 0.0], [0.0, 0.0, 0.0, 0.0], [14.0, 6.0, 0.0, 0.0], [2.0, 1.0, 0.0, 0.0]], "gtTrans": ["H&M", "#####", "FINAL", "##", "SALE", "FINAL", "SAL", "FINAL", "##", "FARN", "##", "###", "###", "##"], "detTrans": ["FINAL FINAL FINA,0.9833788", "SALESAI,0.9899667"], "gtQuery": ["H&M", "#####", "FINAL", "##", "SALE", "FINAL", "SAL", "FINAL", "##", "FARN", "##", "###", "###", "##"], "detQuery": ["FINAL FINAL FINA,0.9833788", "SALESAI,0.9899667"]}