{"Rawdata": {"det_correct_num_recall": 6.0, "det_correct_num_precision": 6.0, "chars_gt": 15, "chars_det": 6.0, "num_splitted": 0, "num_merged": 0, "num_false_positive": 0, "char_missed": 9, "char_overlapped": 0, "char_false_positive": 0, "e2e_correct_num_recall": 5.0, "e2e_correct_num_precision": 5.0, "chars_recog": 17, "e2e_char_missed": 10.0, "e2e_char_false_positive": 12.0, "e2e_recog_score_chars": 17, "e2e_recog_score_correct_num": 5.0}, "Detection": {"precision": 1.0, "recall": 0.4, "hmean": 0.5714285714285715}, "pairs": [{"gt": [9], "det": [0], "type": "OO"}], "detectionMat": [[0.0, 0.0, 0.0], [0.0, 0.0, 0.0], [0.0, 0.0, 0.0], [0.0, 0.0, 0.0], [0.0, 0.0, 0.0], [0.0, 0.0, 0.0], [0.0, 0.0, 0.0], [0.0, 0.0, 0.0], [0.0, 0.0, 0.0], [6.0, 6.0, 0.0], [0.0, 0.0, 0.0], [0.0, 0.0, 0.0], [0.0, 0.0, 0.0], [0.0, 0.0, 0.0], [0.0, 0.0, 0.0], [6.0, 0.0, 0.0], [0.0, 0.0, 0.0]], "precisionMat": [[0.0], [0.0], [0.0], [0.0], [0.0], [0.0], [0.0], [0.0], [0.0], [0.9173554782955862], [0.0], [0.0], [0.0], [0.0], [0.0]], "gtPolPoints": [[483.0, 204.0, 530.0, 204.0, 531.0, 218.0, 485.0, 218.0], [807.0, 276.0, 870.0, 275.0, 871.0, 289.0, 808.0, 290.0], [308.0, 144.0, 326.0, 150.0, 321.0, 171.0, 303.0, 165.0], [900.0, 48.0, 953.0, 44.0, 956.0, 71.0, 902.0, 75.0], [858.0, 208.0, 876.0, 208.0, 875.0, 228.0, 857.0, 228.0], [248.0, 121.0, 307.0, 143.0, 305.0, 165.0, 246.0, 144.0], [217.0, 106.0, 252.0, 119.0, 245.0, 146.0, 210.0, 134.0], [760.0, 278.0, 810.0, 279.0, 807.0, 293.0, 757.0, 291.0], [902.0, 207.0, 928.0, 207.0, 928.0, 216.0, 902.0, 216.0], [28.0, 2.0, 187.0, 1.0, 195.0, 19.0, 17.0, 52.0], [441.0, 628.0, 479.0, 662.0, 469.0, 686.0, 432.0, 653.0], [768.0, 201.0, 786.0, 200.0, 787.0, 217.0, 769.0, 217.0], [760.0, 459.0, 803.0, 464.0, 795.0, 493.0, 752.0, 488.0], [478.0, 252.0, 534.0, 250.0, 536.0, 270.0, 479.0, 271.0], [478.0, 277.0, 534.0, 275.0, 537.0, 318.0, 480.0, 320.0]], "detPolPoints": [[24.0, 9.0, 187.0, 0.0, 191.0, 28.0, 28.0, 45.0]], "gtCharPoints": [[[489.8125, 211.0], [501.4375, 211.0], [513.0625, 211.0], [524.6875, 211.0]], [[813.8, 282.9], [826.4, 282.7], [839.0, 282.5], [851.5999999999999, 282.29999999999995], [864.1999999999999, 282.09999999999997]], [[310.0, 156.0], [319.0, 159.0]], [[907.6875, 61.0], [921.0625, 60.0], [934.4375, 59.0], [947.8125, 58.0]], [[862.0, 218.0], [871.0, 218.0]], [[252.9, 134.65], [264.7, 138.95000000000002], [276.5, 143.25], [288.3, 147.55], [300.1, 151.85]], [[222.25, 123.125], [239.75, 129.375]], [[764.75, 284.6875], [777.25, 285.0625], [789.75, 285.4375], [802.25, 285.8125]], [[906.3333333333334, 211.5], [915.0, 211.5], [923.6666666666667, 211.5]], [[36.541666666666664, 25.583333333333332], [64.625, 22.75], [92.70833333333333, 19.916666666666664], [120.79166666666666, 17.083333333333332], [148.875, 14.249999999999998], [176.95833333333331, 11.416666666666664]], [[445.875, 648.875], [464.625, 665.625]], [[773.0, 208.875], [782.0, 208.625]], [[766.75, 474.75], [788.25, 477.25]], [[487.9166666666667, 261.25], [506.75, 260.75], [525.5833333333334, 260.25]], [[493.125, 298.0], [521.375, 297.0]]], "gtCharCounts": [[0.0, 0.0, 0.0, 0.0], [0.0, 0.0, 0.0, 0.0, 0.0], [0.0, 0.0], [0.0, 0.0, 0.0, 0.0], [0.0, 0.0], [0.0, 0.0, 0.0, 0.0, 0.0], [0.0, 0.0], [0.0, 0.0, 0.0, 0.0], [0.0, 0.0, 0.0], [1.0, 1.0, 1.0, 1.0, 1.0, 1.0], [0.0, 0.0], [0.0, 0.0], [0.0, 0.0], [0.0, 0.0, 0.0], [0.0, 0.0]], "gtDontCare": [0, 1, 2, 4, 6, 7, 8, 10, 11, 12, 13, 14], "detDontCare": [], "evaluationParams": {"GT_PATH": "gt/gt_IC15.zip", "SUBMIT_PATH": "result/result_paddleOCR_IC15.zip", "OUTPUT_PATH": "output/", "PORT": 8080, "BOX_TYPE": "QUAD", "TRANSCRIPTION": true, "CONFIDENCES": false, "CRLF": false, "E2E": true, "CASE_SENSITIVE": true, "RS": true, "AREA_PRECISION_CONSTRAINT": 0.5, "GRANULARITY_PENALTY_WEIGHT": 1.0, "VERTICAL_ASPECT_RATIO_THRES": 2.0, "NUM_WORKERS": 2, "GT_SAMPLE_NAME_2_ID": "([0-9]+)", "DET_SAMPLE_NAME_2_ID": "([0-9]+)", "PER_SAMPLE_RESULTS": true}, "evaluationLog": "GT polygons: 15 (12 don't care) \nDET polygons: 1\n\nFind one-to-one matches\nMatch GT #9 with Det #0\nFind one-to-many matches\nFind many-to-one matches\n<b>Detection | PRECISION\n</b><b>Detection | RECALL\n</b><b># of false positive chars\n</b>0\n=================================\n<b>End-to-End | Recall\n</b><b>End-to-End | Precision\n</b>", "EndtoEnd": {"precision": 0.29411764705882354, "recall": 0.3333333333333333, "hmean": 0.3125, "recognition_score": 0.29411764705882354}, "end2endMat": [[0.0, 0.0, 0.0], [0.0, 0.0, 0.0], [0.0, 0.0, 0.0], [0.0, 0.0, 0.0], [0.0, 0.0, 0.0], [0.0, 0.0, 0.0], [0.0, 0.0, 0.0], [0.0, 0.0, 0.0], [0.0, 0.0, 0.0], [0.0, 5.0, 0.0], [0.0, 0.0, 0.0], [0.0, 0.0, 0.0], [0.0, 0.0, 0.0], [0.0, 0.0, 0.0], [0.0, 0.0, 0.0], [5.0, 0.0, 0.0], [0.0, 0.0, 0.0]], "gtTrans": ["####", "#####", "##", "EXIT", "##", "Level", "##", "####", "###", "Avenue", "##", "##", "##", "###", "##"], "detTrans": ["Auenue,0.92809707"], "gtQuery": ["####", "#####", "##", "EXIT", "##", "Level", "##", "####", "###", "Avenue", "##", "##", "##", "###", "##"], "detQuery": ["Auenue,0.92809707"]}