{"Rawdata": {"det_correct_num_recall": 8.0, "det_correct_num_precision": 8.0, "chars_gt": 9, "chars_det": 8.0, "num_splitted": 0, "num_merged": 0, "num_false_positive": 0, "char_missed": 1, "char_overlapped": 0, "char_false_positive": 0, "e2e_correct_num_recall": 8.0, "e2e_correct_num_precision": 8.0, "chars_recog": 29, "e2e_char_missed": 1.0, "e2e_char_false_positive": 21.0, "e2e_recog_score_chars": 29, "e2e_recog_score_correct_num": 8.0}, "Detection": {"precision": 1.0, "recall": 0.8888888888888888, "hmean": 0.9411764705882353}, "pairs": [{"gt": [1], "det": [2], "type": "OO"}, {"gt": [5], "det": [0], "type": "OO"}], "detectionMat": [[0.0, 0.0, 0.0, 0.0, 0.0], [0.0, 0.0, 5.0, 5.0, 0.0], [0.0, 0.0, 0.0, 0.0, 0.0], [0.0, 0.0, 0.0, 0.0, 0.0], [0.0, 0.0, 0.0, 0.0, 0.0], [3.0, 0.0, 0.0, 3.0, 0.0], [3.0, 0.0, 5.0, 0.0, 0.0], [0.0, 0.0, 0.0, 0.0, 0.0]], "precisionMat": [[0.0, 0.9083710121573917, 0.0721441735399862], [0.0, 0.0, 0.8224913494809694], [0.0, 0.0, 0.0], [0.0, 0.0, 0.0], [0.0, 0.0, 0.0], [0.9751600343800398, 0.0, 0.0]], "gtPolPoints": [[1064.0, 239.0, 1145.0, 237.0, 1149.0, 296.0, 1068.0, 297.0], [1064.0, 297.0, 1149.0, 298.0, 1152.0, 326.0, 1067.0, 325.0], [1074.0, 330.0, 1098.0, 330.0, 1097.0, 344.0, 1073.0, 344.0], [1074.0, 344.0, 1096.0, 344.0, 1095.0, 358.0, 1073.0, 358.0], [1076.0, 357.0, 1107.0, 359.0, 1107.0, 373.0, 1075.0, 371.0], [809.0, 244.0, 927.0, 238.0, 929.0, 273.0, 811.0, 279.0]], "detPolPoints": [[850.0, 243.0, 922.0, 236.0, 925.0, 267.0, 853.0, 273.0], [1067.0, 235.0, 1146.0, 232.0, 1149.0, 287.0, 1070.0, 290.0], [1068.0, 294.0, 1153.0, 294.0, 1153.0, 327.0, 1068.0, 327.0]], "gtCharPoints": [[[1086.25, 267.625], [1126.75, 266.875]], [[1074.0, 311.1], [1091.0, 311.3], [1108.0, 311.5], [1125.0, 311.70000000000005], [1142.0, 311.90000000000003]], [[1079.5, 337.0], [1091.5, 337.0]], [[1079.0, 351.0], [1090.0, 351.0]], [[1080.75, 364.3333333333333], [1091.25, 365.0], [1101.75, 365.66666666666663]], [[824.75, 260.75], [854.25, 259.25], [883.75, 257.75], [913.25, 256.25]]], "gtCharCounts": [[0.0, 0.0], [1.0, 1.0, 1.0, 1.0, 1.0], [0.0, 0.0], [0.0, 0.0], [0.0, 0.0, 0.0], [0.0, 1.0, 1.0, 1.0]], "gtDontCare": [0, 2, 3, 4], "detDontCare": [1], "evaluationParams": {"GT_PATH": "gt/gt_IC15.zip", "SUBMIT_PATH": "result/result_paddleOCR_IC15.zip", "OUTPUT_PATH": "output/", "PORT": 8080, "BOX_TYPE": "QUAD", "TRANSCRIPTION": true, "CONFIDENCES": false, "CRLF": false, "E2E": true, "CASE_SENSITIVE": true, "RS": true, "AREA_PRECISION_CONSTRAINT": 0.5, "GRANULARITY_PENALTY_WEIGHT": 1.0, "VERTICAL_ASPECT_RATIO_THRES": 2.0, "NUM_WORKERS": 2, "GT_SAMPLE_NAME_2_ID": "([0-9]+)", "DET_SAMPLE_NAME_2_ID": "([0-9]+)", "PER_SAMPLE_RESULTS": true}, "evaluationLog": "GT polygons: 6 (4 don't care) \nDET polygons: 3\n (1 don't care)\nFind one-to-one matches\nMatch GT #1 with Det #2\nMatch GT #5 with Det #0\nFind one-to-many matches\nFind many-to-one matches\n<b>Detection | PRECISION\n</b><b>Detection | RECALL\n</b><b># of false positive chars\n</b>0\n=================================\n<b>End-to-End | Recall\n</b><b>End-to-End | Precision\n</b>", "EndtoEnd": {"precision": 0.27586206896551724, "recall": 0.8888888888888888, "hmean": 0.42105263157894735, "recognition_score": 0.27586206896551724}, "end2endMat": [[0.0, 0.0, 0.0, 0.0, 0.0], [0.0, 0.0, 0.0, 5.0, 0.0], [0.0, 0.0, 0.0, 0.0, 0.0], [0.0, 0.0, 0.0, 0.0, 0.0], [0.0, 0.0, 0.0, 0.0, 0.0], [0.0, 0.0, 0.0, 3.0, 0.0], [3.0, 0.0, 5.0, 0.0, 0.0], [0.0, 0.0, 0.0, 0.0, 0.0]], "gtTrans": ["##", "HOUSE", "##", "##", "###", "QBHO"], "detTrans": ["BHO,0.98459893", "OB,0.9949896", "HOUSE,0.9952589"], "gtQuery": ["##", "HOUSE", "##", "##", "###", "QBHO"], "detQuery": ["BHO,0.98459893", "OB,0.9949896", "HOUSE,0.9952589"]}