{"Rawdata": {"det_correct_num_recall": 13.0, "det_correct_num_precision": 12.0, "chars_gt": 13, "chars_det": 13.0, "num_splitted": 0, "num_merged": 1, "num_false_positive": 0, "char_missed": 0, "char_overlapped": 0, "char_false_positive": 0, "e2e_correct_num_recall": 13.0, "e2e_correct_num_precision": 12.0, "chars_recog": 24, "e2e_char_missed": 0.0, "e2e_char_false_positive": 11.0, "e2e_recog_score_chars": 24, "e2e_recog_score_correct_num": 13.0}, "Detection": {"precision": 0.9230769230769231, "recall": 1.0, "hmean": 0.9600000000000001}, "pairs": [{"gt": [0], "det": [0], "type": "OO"}, {"gt": [0, 1], "det": [0], "type": "MO"}], "detectionMat": [[8.0, 8.0, 0.0], [5.0, 5.0, 0.0], [13.0, 0.0, 0.0], [1.0, 0.0, 0.0]], "precisionMat": [[0.5298637434689072], [0.4621452720008197]], "gtPolPoints": [[331.0, 115.0, 449.0, 113.0, 457.0, 156.0, 329.0, 156.0], [451.0, 114.0, 560.0, 107.0, 560.0, 157.0, 459.0, 157.0]], "detPolPoints": [[333.0, 122.0, 560.0, 122.0, 560.0, 150.0, 333.0, 150.0]], "gtCharPoints": [[[337.6875, 135.4375], [353.0625, 135.3125], [368.4375, 135.1875], [383.8125, 135.0625], [399.1875, 134.9375], [414.5625, 134.8125], [429.9375, 134.6875], [445.3125, 134.5625]], [[465.5, 135.15], [486.5, 134.45000000000002], [507.5, 133.75], [528.5, 133.05], [549.5, 132.35]]], "gtCharCounts": [[1.0, 1.0, 1.0, 1.0, 1.0, 1.0, 1.0, 1.0], [1.0, 1.0, 1.0, 1.0, 1.0]], "gtDontCare": [], "detDontCare": [], "evaluationParams": {"GT_PATH": "gt/gt_IC15.zip", "SUBMIT_PATH": "result/result_paddleOCR_IC15.zip", "OUTPUT_PATH": "output/", "PORT": 8080, "BOX_TYPE": "QUAD", "TRANSCRIPTION": true, "CONFIDENCES": false, "CRLF": false, "E2E": true, "CASE_SENSITIVE": true, "RS": true, "AREA_PRECISION_CONSTRAINT": 0.5, "GRANULARITY_PENALTY_WEIGHT": 1.0, "VERTICAL_ASPECT_RATIO_THRES": 2.0, "NUM_WORKERS": 2, "GT_SAMPLE_NAME_2_ID": "([0-9]+)", "DET_SAMPLE_NAME_2_ID": "([0-9]+)", "PER_SAMPLE_RESULTS": true}, "evaluationLog": "GT polygons: 2 (0 don't care) \nDET polygons: 1\n\nFind one-to-one matches\nMatch GT #0 with Det #0\nFind one-to-many matches\nFind many-to-one matches\nMatch GT #[0, 1] with Det #0\n<b>Detection | PRECISION\n</b><b>Detection | RECALL\n</b><b># of false positive chars\n</b>0\n=================================\n<b>End-to-End | Recall\n</b><b>End-to-End | Precision\n</b>", "EndtoEnd": {"precision": 0.5, "recall": 1.0, "hmean": 0.6666666666666666, "recognition_score": 0.5416666666666666}, "end2endMat": [[0.0, 8.0, 0.0], [0.0, 5.0, 0.0], [13.0, 0.0, 0.0], [1.0, 0.0, 0.0]], "gtTrans": ["PRECIOUS", "THOTS"], "detTrans": ["PRECIOUSTHOTS,0.95102555"], "gtQuery": ["PRECIOUS", "THOTS"], "detQuery": ["PRECIOUSTHOTS,0.95102555"]}