{"Rawdata": {"det_correct_num_recall": 5.0, "det_correct_num_precision": 4.0, "chars_gt": 23, "chars_det": 12.0, "num_splitted": 0, "num_merged": 1, "num_false_positive": 1, "char_missed": 18, "char_overlapped": 0, "char_false_positive": 7, "e2e_correct_num_recall": 4.0, "e2e_correct_num_precision": 3.0, "chars_recog": 31, "e2e_char_missed": 19.0, "e2e_char_false_positive": 27.0, "e2e_recog_score_chars": 15, "e2e_recog_score_correct_num": 4.0}, "Detection": {"precision": 0.3333333333333333, "recall": 0.21739130434782608, "hmean": 0.26315789473684204}, "pairs": [{"gt": [0, 6], "det": [1], "type": "MO"}], "detectionMat": [[0.0, 3.0, 3.0, 0.0], [0.0, 0.0, 0.0, 0.0], [0.0, 0.0, 0.0, 0.0], [0.0, 0.0, 0.0, 0.0], [0.0, 0.0, 0.0, 0.0], [0.0, 0.0, 0.0, 0.0], [0.0, 2.0, 2.0, 0.0], [0.0, 0.0, 0.0, 0.0], [0.0, 0.0, 0.0, 0.0], [0.0, 0.0, 0.0, 0.0], [0.0, 0.0, 0.0, 0.0], [0.0, 5.0, 0.0, 0.0], [0.0, 1.0, 0.0, 0.0]], "precisionMat": [[0.0, 0.3602734291295425], [0.19743435635708784, 0.0], [0.0, 0.0], [0.0, 0.0], [0.0, 0.0], [0.1716569211924099, 0.0], [0.0, 0.3888439709248017], [0.0, 0.0], [0.0, 0.0], [0.0, 0.0], [0.0, 0.0]], "gtPolPoints": [[1075.0, 214.0, 1140.0, 209.0, 1140.0, 249.0, 1079.0, 250.0], [279.0, 79.0, 326.0, 81.0, 326.0, 105.0, 278.0, 101.0], [604.0, 204.0, 648.0, 205.0, 640.0, 246.0, 605.0, 259.0], [663.0, 198.0, 714.0, 201.0, 706.0, 246.0, 663.0, 253.0], [716.0, 199.0, 770.0, 198.0, 766.0, 242.0, 705.0, 249.0], [323.0, 80.0, 367.0, 84.0, 369.0, 106.0, 326.0, 101.0], [1164.0, 200.0, 1235.0, 196.0, 1238.0, 238.0, 1170.0, 239.0], [1077.0, 295.0, 1107.0, 292.0, 1106.0, 319.0, 1078.0, 317.0], [1105.0, 297.0, 1121.0, 299.0, 1124.0, 316.0, 1104.0, 316.0], [1192.0, 297.0, 1254.0, 295.0, 1253.0, 316.0, 1190.0, 316.0], [1198.0, 123.0, 1255.0, 125.0, 1251.0, 141.0, 1203.0, 144.0]], "detPolPoints": [[279.0, 75.0, 471.0, 81.0, 470.0, 109.0, 278.0, 103.0], [1085.0, 210.0, 1218.0, 197.0, 1221.0, 236.0, 1089.0, 249.0]], "gtCharPoints": [[[1087.5, 231.5], [1108.5, 230.5], [1129.5, 229.5]], [[286.4166666666667, 90.5], [302.25, 91.5], [318.08333333333337, 92.5]], [[614.375, 230.0], [634.125, 227.0]], [[668.875, 225.25], [680.625, 224.75], [692.375, 224.25], [704.125, 223.75]], [[717.6875, 223.5], [732.0625, 222.5], [746.4375, 221.5], [760.8125, 220.5]], [[328.85, 90.95], [337.55, 91.85000000000001], [346.25, 92.75], [354.95000000000005, 93.65], [363.65000000000003, 94.55]], [[1178.5833333333333, 219.08333333333334], [1201.75, 218.25], [1224.9166666666665, 217.41666666666669]], [[1081.125, 305.9375], [1088.375, 305.8125], [1095.625, 305.6875], [1102.875, 305.5625]], [[1109.0, 306.75], [1118.0, 307.25]], [[1198.8125, 306.375], [1214.4375, 306.125], [1230.0625, 305.875], [1245.6875, 305.625]], [[1209.25, 133.41666666666666], [1226.75, 133.25], [1244.25, 133.08333333333331]]], "gtCharCounts": [[1.0, 1.0, 1.0], [0.0, 0.0, 0.0], [0.0, 0.0], [0.0, 0.0, 0.0, 0.0], [0.0, 0.0, 0.0, 0.0], [0.0, 0.0, 0.0, 0.0, 0.0], [1.0, 1.0, 0.0], [0.0, 0.0, 0.0, 0.0], [0.0, 0.0], [0.0, 0.0, 0.0, 0.0], [0.0, 0.0, 0.0]], "gtDontCare": [1, 2, 8, 9, 10], "detDontCare": [], "evaluationParams": {"GT_PATH": "gt/gt_IC15.zip", "SUBMIT_PATH": "result/result_paddleOCR_IC15.zip", "OUTPUT_PATH": "output/", "PORT": 8080, "BOX_TYPE": "QUAD", "TRANSCRIPTION": true, "CONFIDENCES": false, "CRLF": false, "E2E": true, "CASE_SENSITIVE": true, "RS": true, "AREA_PRECISION_CONSTRAINT": 0.5, "GRANULARITY_PENALTY_WEIGHT": 1.0, "VERTICAL_ASPECT_RATIO_THRES": 2.0, "NUM_WORKERS": 2, "GT_SAMPLE_NAME_2_ID": "([0-9]+)", "DET_SAMPLE_NAME_2_ID": "([0-9]+)", "PER_SAMPLE_RESULTS": true}, "evaluationLog": "GT polygons: 11 (5 don't care) \nDET polygons: 2\n\nFind one-to-one matches\nFind one-to-many matches\nFind many-to-one matches\nMatch GT #[0, 6] with Det #1\n<b>Detection | PRECISION\n</b><b>Detection | RECALL\n</b><b># of false positive chars\n</b>7\n=================================\n<b>End-to-End | Recall\n</b><b>End-to-End | Precision\n</b>", "EndtoEnd": {"precision": 0.0967741935483871, "recall": 0.17391304347826086, "hmean": 0.1243523316062176, "recognition_score": 0.26666666666666666}, "end2endMat": [[0.0, 0.0, 2.0, 0.0], [0.0, 0.0, 0.0, 0.0], [0.0, 0.0, 0.0, 0.0], [0.0, 0.0, 0.0, 0.0], [0.0, 0.0, 0.0, 0.0], [0.0, 0.0, 0.0, 0.0], [0.0, 0.0, 2.0, 0.0], [0.0, 0.0, 0.0, 0.0], [0.0, 0.0, 0.0, 0.0], [0.0, 0.0, 0.0, 0.0], [0.0, 0.0, 0.0, 0.0], [0.0, 4.0, 0.0, 0.0], [0.0, 1.0, 0.0, 0.0]], "gtTrans": ["10%", "###", "##", "Coca", "Cola", "Three", "10%", "It's", "##", "####", "###"], "detTrans": ["wwwOat,0.5963381", "10-10,0.9092406"], "gtQuery": ["10%", "###", "##", "Coca", "Cola", "Three", "10%", "It's", "##", "####", "###"], "detQuery": ["wwwOat,0.5963381", "10-10,0.9092406"]}