{"Rawdata": {"det_correct_num_recall": 0.0, "det_correct_num_precision": 0.0, "chars_gt": 4, "chars_det": 0, "num_splitted": 0, "num_merged": 0, "num_false_positive": 0, "char_missed": 4, "char_overlapped": 0, "char_false_positive": 0, "e2e_correct_num_recall": 0.0, "e2e_correct_num_precision": 0.0, "chars_recog": 0, "e2e_char_missed": 4.0, "e2e_char_false_positive": 0.0, "e2e_recog_score_chars": 0, "e2e_recog_score_correct_num": 0.0}, "Detection": {"precision": 0.0, "recall": 0.0, "hmean": 0}, "pairs": [], "detectionMat": [[0.0, 0.0], [0.0, 0.0], [0.0, 0.0], [0.0, 0.0], [0.0, 0.0], [0.0, 0.0]], "precisionMat": [[], [], [], []], "gtPolPoints": [[692.0, 46.0, 754.0, 2.0, 780.0, 135.0, 715.0, 172.0], [949.0, 51.0, 1089.0, 2.0, 1107.0, 91.0, 967.0, 140.0], [763.0, 0.0, 789.0, 0.0, 805.0, 115.0, 782.0, 125.0], [796.0, 3.0, 823.0, 0.0, 835.0, 93.0, 811.0, 106.0]], "detPolPoints": [], "gtCharPoints": [[[719.375, 98.875], [751.125, 78.625]], [[975.5, 89.375], [1010.5, 77.125], [1045.5, 64.875], [1080.5, 52.625]], [[791.75, 108.0], [788.25, 84.0], [784.75, 60.0], [781.25, 36.0], [777.75, 12.0]], [[821.3125, 87.25], [817.9375, 62.75], [814.5625, 38.25], [811.1875, 13.75]]], "gtCharCounts": [0.0, 0.0, 0.0, 0.0], "gtDontCare": [0, 2, 3], "detDontCare": [], "evaluationParams": {"GT_PATH": "gt/gt_IC15.zip", "SUBMIT_PATH": "result/result_paddleOCR_IC15.zip", "OUTPUT_PATH": "output/", "PORT": 8080, "BOX_TYPE": "QUAD", "TRANSCRIPTION": true, "CONFIDENCES": false, "CRLF": false, "E2E": true, "CASE_SENSITIVE": true, "RS": true, "AREA_PRECISION_CONSTRAINT": 0.5, "GRANULARITY_PENALTY_WEIGHT": 1.0, "VERTICAL_ASPECT_RATIO_THRES": 2.0, "NUM_WORKERS": 2, "GT_SAMPLE_NAME_2_ID": "([0-9]+)", "DET_SAMPLE_NAME_2_ID": "([0-9]+)", "PER_SAMPLE_RESULTS": true}, "evaluationLog": "GT polygons: 4 (3 don't care) \nDET polygons: 0\n\nFind one-to-one matches\nFind one-to-many matches\nFind many-to-one matches\n<b>Detection | PRECISION\n</b><b>Detection | RECALL\n</b><b># of false positive chars\n</b>0\n=================================\n<b>End-to-End | Recall\n</b><b>End-to-End | Precision\n</b>", "EndtoEnd": {"precision": 0.0, "recall": 0.0, "hmean": 0, "recognition_score": 0.0}, "end2endMat": [[0.0, 0.0], [0.0, 0.0], [0.0, 0.0], [0.0, 0.0], [0.0, 0.0], [0.0, 0.0]], "gtTrans": ["##", "bYST", "#####", "####"], "detTrans": [], "gtQuery": ["##", "bYST", "#####", "####"], "detQuery": []}