{"Rawdata": {"det_correct_num_recall": 9.0, "det_correct_num_precision": 9.0, "chars_gt": 9, "chars_det": 9.0, "num_splitted": 0, "num_merged": 0, "num_false_positive": 0, "char_missed": 0, "char_overlapped": 0, "char_false_positive": 0, "e2e_correct_num_recall": 9.0, "e2e_correct_num_precision": 9.0, "chars_recog": 19, "e2e_char_missed": 0.0, "e2e_char_false_positive": 10.0, "e2e_recog_score_chars": 19, "e2e_recog_score_correct_num": 9.0}, "Detection": {"precision": 1.0, "recall": 1.0, "hmean": 1.0}, "pairs": [{"gt": [0], "det": [0], "type": "OO"}], "detectionMat": [[9.0, 9.0, 0.0], [9.0, 0.0, 0.0], [0.0, 0.0, 0.0]], "precisionMat": [[0.9733077852213687]], "gtPolPoints": [[217.0, 17.0, 337.0, 25.0, 330.0, 51.0, 212.0, 47.0]], "detPolPoints": [[219.0, 17.0, 333.0, 26.0, 330.0, 54.0, 217.0, 44.0]], "gtCharPoints": [[[221.11111111111111, 32.333333333333336], [234.33333333333334, 33.0], [247.55555555555554, 33.66666666666667], [260.77777777777777, 34.333333333333336], [274.0, 35.0], [287.22222222222223, 35.66666666666667], [300.44444444444446, 36.333333333333336], [313.66666666666663, 37.0], [326.8888888888889, 37.66666666666667]]], "gtCharCounts": [[1.0, 1.0, 1.0, 1.0, 1.0, 1.0, 1.0, 1.0, 1.0]], "gtDontCare": [], "detDontCare": [], "evaluationParams": {"GT_PATH": "gt/gt_IC15.zip", "SUBMIT_PATH": "result/result_paddleOCR_IC15.zip", "OUTPUT_PATH": "output/", "PORT": 8080, "BOX_TYPE": "QUAD", "TRANSCRIPTION": true, "CONFIDENCES": false, "CRLF": false, "E2E": true, "CASE_SENSITIVE": true, "RS": true, "AREA_PRECISION_CONSTRAINT": 0.5, "GRANULARITY_PENALTY_WEIGHT": 1.0, "VERTICAL_ASPECT_RATIO_THRES": 2.0, "NUM_WORKERS": 2, "GT_SAMPLE_NAME_2_ID": "([0-9]+)", "DET_SAMPLE_NAME_2_ID": "([0-9]+)", "PER_SAMPLE_RESULTS": true}, "evaluationLog": "GT polygons: 1 (0 don't care) \nDET polygons: 1\n\nFind one-to-one matches\nMatch GT #0 with Det #0\nFind one-to-many matches\nFind many-to-one matches\n<b>Detection | PRECISION\n</b><b>Detection | RECALL\n</b><b># of false positive chars\n</b>0\n=================================\n<b>End-to-End | Recall\n</b><b>End-to-End | Precision\n</b>", "EndtoEnd": {"precision": 0.47368421052631576, "recall": 1.0, "hmean": 0.6428571428571429, "recognition_score": 0.47368421052631576}, "end2endMat": [[0.0, 9.0, 0.0], [9.0, 0.0, 0.0], [0.0, 0.0, 0.0]], "gtTrans": ["Underpass"], "detTrans": ["Underpass,0.9991113"], "gtQuery": ["Underpass"], "detQuery": ["Underpass,0.9991113"]}