{"Rawdata": {"det_correct_num_recall": 10.0, "det_correct_num_precision": 9.0, "chars_gt": 20, "chars_det": 10.0, "num_splitted": 0, "num_merged": 1, "num_false_positive": 0, "char_missed": 10, "char_overlapped": 0, "char_false_positive": 0, "e2e_correct_num_recall": 10.0, "e2e_correct_num_precision": 9.0, "chars_recog": 21, "e2e_char_missed": 10.0, "e2e_char_false_positive": 11.0, "e2e_recog_score_chars": 21, "e2e_recog_score_correct_num": 10.0}, "Detection": {"precision": 0.9, "recall": 0.5, "hmean": 0.6428571428571429}, "pairs": [{"gt": [0, 1], "det": [0], "type": "MO"}], "detectionMat": [[4.0, 4.0, 0.0], [6.0, 6.0, 0.0], [0.0, 0.0, 0.0], [0.0, 0.0, 0.0], [0.0, 0.0, 0.0], [10.0, 0.0, 0.0], [1.0, 0.0, 0.0]], "precisionMat": [[0.44279132558001655], [0.3975583629703042], [0.0], [0.0], [0.0]], "gtPolPoints": [[73.0, 54.0, 236.0, 54.0, 242.0, 121.0, 80.0, 121.0], [252.0, 60.0, 401.0, 61.0, 405.0, 111.0, 256.0, 110.0], [887.0, 53.0, 1143.0, 47.0, 1140.0, 91.0, 883.0, 96.0], [1.0, 136.0, 80.0, 136.0, 80.0, 153.0, 1.0, 153.0], [362.0, 125.0, 423.0, 118.0, 423.0, 132.0, 362.0, 138.0]], "detPolPoints": [[89.0, 49.0, 402.0, 53.0, 401.0, 107.0, 88.0, 103.0]], "gtCharPoints": [[[96.8125, 87.5], [137.4375, 87.5], [178.0625, 87.5], [218.6875, 87.5]], [[266.4166666666667, 85.08333333333333], [291.25, 85.25], [316.08333333333337, 85.41666666666666], [340.9166666666667, 85.58333333333333], [365.75, 85.75], [390.58333333333337, 85.91666666666666]], [[906.375, 74.04166666666667], [949.125, 73.125], [991.875, 72.20833333333334], [1034.625, 71.29166666666667], [1077.375, 70.375], [1120.125, 69.45833333333334]], [[4.95, 144.5], [12.850000000000001, 144.5], [20.75, 144.5], [28.650000000000002, 144.5], [36.550000000000004, 144.5], [44.45, 144.5], [52.35000000000001, 144.5], [60.25000000000001, 144.5], [68.15, 144.5], [76.05000000000001, 144.5]], [[368.1, 130.85], [380.3, 129.54999999999998], [392.5, 128.25], [404.70000000000005, 126.94999999999999], [416.90000000000003, 125.64999999999999]]], "gtCharCounts": [[1.0, 1.0, 1.0, 1.0], [1.0, 1.0, 1.0, 1.0, 1.0, 1.0], [0.0, 0.0, 0.0, 0.0, 0.0, 0.0], [0.0, 0.0, 0.0, 0.0, 0.0, 0.0, 0.0, 0.0, 0.0, 0.0], [0.0, 0.0, 0.0, 0.0, 0.0]], "gtDontCare": [2, 4], "detDontCare": [], "evaluationParams": {"GT_PATH": "gt/gt_IC15.zip", "SUBMIT_PATH": "result/result_paddleOCR_IC15.zip", "OUTPUT_PATH": "output/", "PORT": 8080, "BOX_TYPE": "QUAD", "TRANSCRIPTION": true, "CONFIDENCES": false, "CRLF": false, "E2E": true, "CASE_SENSITIVE": true, "RS": true, "AREA_PRECISION_CONSTRAINT": 0.5, "GRANULARITY_PENALTY_WEIGHT": 1.0, "VERTICAL_ASPECT_RATIO_THRES": 2.0, "NUM_WORKERS": 2, "GT_SAMPLE_NAME_2_ID": "([0-9]+)", "DET_SAMPLE_NAME_2_ID": "([0-9]+)", "PER_SAMPLE_RESULTS": true}, "evaluationLog": "GT polygons: 5 (2 don't care) \nDET polygons: 1\n\nFind one-to-one matches\nFind one-to-many matches\nFind many-to-one matches\nMatch GT #[0, 1] with Det #0\n<b>Detection | PRECISION\n</b><b>Detection | RECALL\n</b><b># of false positive chars\n</b>0\n=================================\n<b>End-to-End | Recall\n</b><b>End-to-End | Precision\n</b>", "EndtoEnd": {"precision": 0.42857142857142855, "recall": 0.5, "hmean": 0.4615384615384615, "recognition_score": 0.47619047619047616}, "end2endMat": [[0.0, 4.0, 0.0], [0.0, 6.0, 0.0], [0.0, 0.0, 0.0], [0.0, 0.0, 0.0], [0.0, 0.0, 0.0], [10.0, 0.0, 0.0], [1.0, 0.0, 0.0]], "gtTrans": ["JOHN", "LITTLE", "######", "OILETREIES", "#####"], "detTrans": ["JOHN LITTLE,0.8857544"], "gtQuery": ["JOHN", "LITTLE", "######", "OILETREIES", "#####"], "detQuery": ["JOHN LITTLE,0.8857544"]}