{"Rawdata": {"det_correct_num_recall": 5.0, "det_correct_num_precision": 5.0, "chars_gt": 22, "chars_det": 5.0, "num_splitted": 0, "num_merged": 0, "num_false_positive": 0, "char_missed": 17, "char_overlapped": 0, "char_false_positive": 0, "e2e_correct_num_recall": 5.0, "e2e_correct_num_precision": 5.0, "chars_recog": 19, "e2e_char_missed": 17.0, "e2e_char_false_positive": 14.0, "e2e_recog_score_chars": 19, "e2e_recog_score_correct_num": 5.0}, "Detection": {"precision": 1.0, "recall": 0.22727272727272727, "hmean": 0.37037037037037035}, "pairs": [{"gt": [1], "det": [0], "type": "OO"}], "detectionMat": [[0.0, 0.0, 0.0], [5.0, 5.0, 0.0], [0.0, 0.0, 0.0], [0.0, 0.0, 0.0], [0.0, 0.0, 0.0], [0.0, 0.0, 0.0], [0.0, 0.0, 0.0], [5.0, 0.0, 0.0], [0.0, 0.0, 0.0]], "precisionMat": [[0.0], [0.6143537291626916], [0.18289765932000684], [0.0], [0.0], [0.0], [0.0]], "gtPolPoints": [[5.0, 153.0, 49.0, 156.0, 48.0, 175.0, 6.0, 175.0], [613.0, 118.0, 778.0, 118.0, 782.0, 169.0, 618.0, 169.0], [789.0, 119.0, 835.0, 119.0, 839.0, 165.0, 793.0, 166.0], [940.0, 317.0, 1015.0, 282.0, 1024.0, 307.0, 949.0, 341.0], [1081.0, 10.0, 1103.0, 11.0, 1104.0, 31.0, 1082.0, 30.0], [507.0, 231.0, 545.0, 221.0, 546.0, 233.0, 508.0, 243.0], [510.0, 248.0, 547.0, 232.0, 548.0, 244.0, 511.0, 260.0]], "detPolPoints": [[636.0, 116.0, 866.0, 119.0, 865.0, 170.0, 636.0, 167.0]], "gtCharPoints": [[[10.875, 164.1875], [21.625, 164.5625], [32.375, 164.9375], [43.125, 165.3125]], [[629.2083333333334, 143.5], [656.625, 143.5], [684.0416666666667, 143.5], [711.4583333333334, 143.5], [738.875, 143.5], [766.2916666666667, 143.5]], [[802.5, 142.375], [825.5, 142.125]], [[953.875, 324.6875], [972.625, 316.0625], [991.375, 307.4375], [1010.125, 298.8125]], [[1087.0, 20.25], [1098.0, 20.75]], [[512.25, 235.75], [521.75, 233.25], [531.25, 230.75], [540.75, 228.25]], [[515.125, 252.0], [524.375, 248.0], [533.625, 244.0], [542.875, 240.0]]], "gtCharCounts": [[0.0, 0.0, 0.0, 0.0], [0.0, 1.0, 1.0, 1.0, 1.0, 1.0], [0.0, 0.0], [0.0, 0.0, 0.0, 0.0], [0.0, 0.0], [0.0, 0.0, 0.0, 0.0], [0.0, 0.0, 0.0, 0.0]], "gtDontCare": [2, 4], "detDontCare": [], "evaluationParams": {"GT_PATH": "gt/gt_IC15.zip", "SUBMIT_PATH": "result/result_paddleOCR_IC15.zip", "OUTPUT_PATH": "output/", "PORT": 8080, "BOX_TYPE": "QUAD", "TRANSCRIPTION": true, "CONFIDENCES": false, "CRLF": false, "E2E": true, "CASE_SENSITIVE": true, "RS": true, "AREA_PRECISION_CONSTRAINT": 0.5, "GRANULARITY_PENALTY_WEIGHT": 1.0, "VERTICAL_ASPECT_RATIO_THRES": 2.0, "NUM_WORKERS": 2, "GT_SAMPLE_NAME_2_ID": "([0-9]+)", "DET_SAMPLE_NAME_2_ID": "([0-9]+)", "PER_SAMPLE_RESULTS": true}, "evaluationLog": "GT polygons: 7 (2 don't care) \nDET polygons: 1\n\nFind one-to-one matches\nMatch GT #1 with Det #0\nFind one-to-many matches\nFind many-to-one matches\n<b>Detection | PRECISION\n</b><b>Detection | RECALL\n</b><b># of false positive chars\n</b>0\n=================================\n<b>End-to-End | Recall\n</b><b>End-to-End | Precision\n</b>", "EndtoEnd": {"precision": 0.2631578947368421, "recall": 0.22727272727272727, "hmean": 0.24390243902439024, "recognition_score": 0.2631578947368421}, "end2endMat": [[0.0, 0.0, 0.0], [0.0, 5.0, 0.0], [0.0, 0.0, 0.0], [0.0, 0.0, 0.0], [0.0, 0.0, 0.0], [0.0, 0.0, 0.0], [0.0, 0.0, 0.0], [5.0, 0.0, 0.0], [0.0, 0.0, 0.0]], "gtTrans": ["EXIT", "OREVER", "##", "SALE", "##", "SALE", "SALE"], "detTrans": ["REVER 21,0.91850936"], "gtQuery": ["EXIT", "OREVER", "##", "SALE", "##", "SALE", "SALE"], "detQuery": ["REVER 21,0.91850936"]}