{"Rawdata": {"det_correct_num_recall": 8.0, "det_correct_num_precision": 8.0, "chars_gt": 43, "chars_det": 8.0, "num_splitted": 0, "num_merged": 0, "num_false_positive": 0, "char_missed": 35, "char_overlapped": 0, "char_false_positive": 0, "e2e_correct_num_recall": 8.0, "e2e_correct_num_precision": 8.0, "chars_recog": 20, "e2e_char_missed": 35.0, "e2e_char_false_positive": 12.0, "e2e_recog_score_chars": 20, "e2e_recog_score_correct_num": 8.0}, "Detection": {"precision": 1.0, "recall": 0.18604651162790697, "hmean": 0.3137254901960785}, "pairs": [{"gt": [1], "det": [0], "type": "OO"}], "detectionMat": [[0.0, 0.0, 0.0], [8.0, 8.0, 0.0], [0.0, 0.0, 0.0], [0.0, 0.0, 0.0], [0.0, 0.0, 0.0], [0.0, 0.0, 0.0], [0.0, 0.0, 0.0], [0.0, 0.0, 0.0], [0.0, 0.0, 0.0], [0.0, 0.0, 0.0], [0.0, 0.0, 0.0], [8.0, 0.0, 0.0], [0.0, 0.0, 0.0]], "precisionMat": [[0.0], [0.8315491961677194], [0.0], [0.0], [0.0], [0.0], [0.0], [0.0], [0.0], [0.0], [0.0]], "gtPolPoints": [[326.0, 621.0, 473.0, 572.0, 491.0, 587.0, 344.0, 634.0], [87.0, 618.0, 220.0, 611.0, 220.0, 636.0, 86.0, 640.0], [80.0, 288.0, 161.0, 296.0, 155.0, 325.0, 77.0, 312.0], [74.0, 320.0, 156.0, 325.0, 154.0, 355.0, 75.0, 347.0], [71.0, 346.0, 160.0, 350.0, 157.0, 381.0, 71.0, 373.0], [90.0, 261.0, 172.0, 270.0, 162.0, 298.0, 81.0, 290.0], [1082.0, 108.0, 1096.0, 110.0, 1096.0, 133.0, 1086.0, 133.0], [1094.0, 93.0, 1166.0, 88.0, 1176.0, 145.0, 1102.0, 153.0], [373.0, 301.0, 435.0, 300.0, 438.0, 321.0, 374.0, 323.0], [405.0, 128.0, 431.0, 134.0, 430.0, 152.0, 404.0, 146.0], [397.0, 150.0, 436.0, 155.0, 436.0, 178.0, 397.0, 173.0]], "detPolPoints": [[65.0, 621.0, 211.0, 611.0, 213.0, 633.0, 66.0, 644.0]], "gtCharPoints": [[[344.1875, 624.5], [362.5625, 618.5], [380.9375, 612.5], [399.3125, 606.5], [417.6875, 600.5], [436.0625, 594.5], [454.4375, 588.5], [472.8125, 582.5]], [[94.84375, 628.65625], [111.53125, 627.96875], [128.21875, 627.28125], [144.90625, 626.59375], [161.59375, 625.90625], [178.28125, 625.21875], [194.96875, 624.53125], [211.65625, 623.84375]], [[86.45, 301.05], [102.35000000000001, 303.15000000000003], [118.25, 305.25], [134.15, 307.35], [150.05, 309.45]], [[82.55, 334.15], [98.65, 335.45], [114.75, 336.75], [130.85, 338.04999999999995], [146.95, 339.34999999999997]], [[81.9375, 360.25], [103.8125, 361.75], [125.6875, 363.25], [147.5625, 364.75]], [[93.65, 276.35], [109.95, 278.05], [126.25, 279.75], [142.55, 281.45000000000005], [158.85000000000002, 283.15000000000003]], [[1090.6666666666667, 129.0], [1090.0, 121.0], [1089.3333333333335, 113.0]], [[1116.25, 121.375], [1152.75, 118.125]], [[381.375, 311.8125], [397.125, 311.4375], [412.875, 311.0625], [428.625, 310.6875]], [[408.8333333333333, 138.0], [417.5, 140.0], [426.16666666666663, 142.0]], [[400.9, 162.0], [408.7, 163.0], [416.5, 164.0], [424.29999999999995, 165.0], [432.09999999999997, 166.0]]], "gtCharCounts": [[0.0, 0.0, 0.0, 0.0, 0.0, 0.0, 0.0, 0.0], [1.0, 1.0, 1.0, 1.0, 1.0, 1.0, 1.0, 1.0], [0.0, 0.0, 0.0, 0.0, 0.0], [0.0, 0.0, 0.0, 0.0, 0.0], [0.0, 0.0, 0.0, 0.0], [0.0, 0.0, 0.0, 0.0, 0.0], [0.0, 0.0, 0.0], [0.0, 0.0], [0.0, 0.0, 0.0, 0.0], [0.0, 0.0, 0.0], [0.0, 0.0, 0.0, 0.0, 0.0]], "gtDontCare": [4, 6, 7], "detDontCare": [], "evaluationParams": {"GT_PATH": "gt/gt_IC15.zip", "SUBMIT_PATH": "result/result_paddleOCR_IC15.zip", "OUTPUT_PATH": "output/", "PORT": 8080, "BOX_TYPE": "QUAD", "TRANSCRIPTION": true, "CONFIDENCES": false, "CRLF": false, "E2E": true, "CASE_SENSITIVE": true, "RS": true, "AREA_PRECISION_CONSTRAINT": 0.5, "GRANULARITY_PENALTY_WEIGHT": 1.0, "VERTICAL_ASPECT_RATIO_THRES": 2.0, "NUM_WORKERS": 2, "GT_SAMPLE_NAME_2_ID": "([0-9]+)", "DET_SAMPLE_NAME_2_ID": "([0-9]+)", "PER_SAMPLE_RESULTS": true}, "evaluationLog": "GT polygons: 11 (3 don't care) \nDET polygons: 1\n\nFind one-to-one matches\nMatch GT #1 with Det #0\nFind one-to-many matches\nFind many-to-one matches\n<b>Detection | PRECISION\n</b><b>Detection | RECALL\n</b><b># of false positive chars\n</b>0\n=================================\n<b>End-to-End | Recall\n</b><b>End-to-End | Precision\n</b>", "EndtoEnd": {"precision": 0.4, "recall": 0.18604651162790697, "hmean": 0.25396825396825395, "recognition_score": 0.4}, "end2endMat": [[0.0, 0.0, 0.0], [0.0, 8.0, 0.0], [0.0, 0.0, 0.0], [0.0, 0.0, 0.0], [0.0, 0.0, 0.0], [0.0, 0.0, 0.0], [0.0, 0.0, 0.0], [0.0, 0.0, 0.0], [0.0, 0.0, 0.0], [0.0, 0.0, 0.0], [0.0, 0.0, 0.0], [8.0, 0.0, 0.0], [0.0, 0.0, 0.0]], "gtTrans": ["TAGHeuer", "TAGHeuer", "CRACK", "UNDER", "####", "#DONT", "###", "##", "TAGH", "JAG", "HEUER"], "detTrans": ["GTAGHeuer,0.82881176"], "gtQuery": ["TAGHeuer", "TAGHeuer", "CRACK", "UNDER", "####", "#DONT", "###", "##", "TAGH", "JAG", "HEUER"], "detQuery": ["GTAGHeuer,0.82881176"]}