{"Rawdata": {"det_correct_num_recall": 0.0, "det_correct_num_precision": 0.0, "chars_gt": 13, "chars_det": 0, "num_splitted": 0, "num_merged": 0, "num_false_positive": 0, "char_missed": 13, "char_overlapped": 0, "char_false_positive": 0, "e2e_correct_num_recall": 0.0, "e2e_correct_num_precision": 0.0, "chars_recog": 0, "e2e_char_missed": 13.0, "e2e_char_false_positive": 0.0, "e2e_recog_score_chars": 0, "e2e_recog_score_correct_num": 0.0}, "Detection": {"precision": 0.0, "recall": 0.0, "hmean": 0}, "pairs": [], "detectionMat": [[0.0, 0.0], [0.0, 0.0], [0.0, 0.0], [0.0, 0.0], [0.0, 0.0], [0.0, 0.0], [0.0, 0.0], [0.0, 0.0]], "precisionMat": [[], [], [], [], [], []], "gtPolPoints": [[365.0, 490.0, 419.0, 468.0, 431.0, 498.0, 385.0, 517.0], [413.0, 471.0, 487.0, 444.0, 501.0, 470.0, 436.0, 498.0], [684.0, 359.0, 720.0, 347.0, 728.0, 362.0, 693.0, 371.0], [719.0, 350.0, 743.0, 341.0, 755.0, 352.0, 729.0, 360.0], [530.0, 428.0, 554.0, 418.0, 561.0, 435.0, 536.0, 445.0], [550.0, 418.0, 583.0, 407.0, 593.0, 422.0, 560.0, 433.0]], "detPolPoints": [], "gtCharPoints": [[[379.1666666666667, 501.7916666666667], [387.5, 498.375], [395.83333333333337, 494.95833333333337], [404.1666666666667, 491.5416666666667], [412.5, 488.125], [420.83333333333337, 484.70833333333337]], [[429.4642857142857, 482.5357142857143], [439.39285714285717, 478.60714285714283], [449.32142857142856, 474.67857142857144], [459.25, 470.75], [469.17857142857144, 466.82142857142856], [479.1071428571429, 462.8928571428571], [489.0357142857143, 458.9642857142857]], [[694.4166666666666, 363.25], [706.25, 359.75], [718.0833333333333, 356.25]], [[730.25, 352.875], [742.75, 348.625]], [[539.125, 434.0], [551.375, 429.0]], [[563.25, 422.75], [579.75, 417.25]]], "gtCharCounts": [0.0, 0.0, 0.0, 0.0, 0.0, 0.0], "gtDontCare": [2, 3, 4, 5], "detDontCare": [], "evaluationParams": {"GT_PATH": "gt/gt_IC15.zip", "SUBMIT_PATH": "result/result_paddleOCR_IC15.zip", "OUTPUT_PATH": "output/", "PORT": 8080, "BOX_TYPE": "QUAD", "TRANSCRIPTION": true, "CONFIDENCES": false, "CRLF": false, "E2E": true, "CASE_SENSITIVE": true, "RS": true, "AREA_PRECISION_CONSTRAINT": 0.5, "GRANULARITY_PENALTY_WEIGHT": 1.0, "VERTICAL_ASPECT_RATIO_THRES": 2.0, "NUM_WORKERS": 2, "GT_SAMPLE_NAME_2_ID": "([0-9]+)", "DET_SAMPLE_NAME_2_ID": "([0-9]+)", "PER_SAMPLE_RESULTS": true}, "evaluationLog": "GT polygons: 6 (4 don't care) \nDET polygons: 0\n\nFind one-to-one matches\nFind one-to-many matches\nFind many-to-one matches\n<b>Detection | PRECISION\n</b><b>Detection | RECALL\n</b><b># of false positive chars\n</b>0\n=================================\n<b>End-to-End | Recall\n</b><b>End-to-End | Precision\n</b>", "EndtoEnd": {"precision": 0.0, "recall": 0.0, "hmean": 0, "recognition_score": 0.0}, "end2endMat": [[0.0, 0.0], [0.0, 0.0], [0.0, 0.0], [0.0, 0.0], [0.0, 0.0], [0.0, 0.0], [0.0, 0.0], [0.0, 0.0]], "gtTrans": ["Copper", "chimney", "###", "##", "##", "##"], "detTrans": [], "gtQuery": ["Copper", "chimney", "###", "##", "##", "##"], "detQuery": []}