{"Rawdata": {"det_correct_num_recall": 15.0, "det_correct_num_precision": 15.0, "chars_gt": 16, "chars_det": 19.0, "num_splitted": 0, "num_merged": 0, "num_false_positive": 1, "char_missed": 1, "char_overlapped": 0, "char_false_positive": 4, "e2e_correct_num_recall": 16.0, "e2e_correct_num_precision": 16.0, "chars_recog": 52, "e2e_char_missed": 0.0, "e2e_char_false_positive": 36.0, "e2e_recog_score_chars": 37, "e2e_recog_score_correct_num": 16.0}, "Detection": {"precision": 0.7894736842105263, "recall": 0.9375, "hmean": 0.8571428571428572}, "pairs": [{"gt": [0], "det": [0], "type": "OO"}, {"gt": [1], "det": [1], "type": "OO"}], "detectionMat": [[7.0, 0.0, 0.0, 7.0, 0.0], [0.0, 8.0, 0.0, 8.0, 0.0], [0.0, 0.0, 0.0, 0.0, 0.0], [0.0, 0.0, 0.0, 0.0, 0.0], [0.0, 0.0, 0.0, 0.0, 0.0], [0.0, 0.0, 0.0, 0.0, 0.0], [0.0, 0.0, 0.0, 0.0, 0.0], [0.0, 0.0, 0.0, 0.0, 0.0], [0.0, 0.0, 0.0, 0.0, 0.0], [7.0, 8.0, 0.0, 0.0, 0.0], [0.0, 0.0, 0.0, 0.0, 0.0]], "precisionMat": [[0.9949899077277974, 0.00018891804942013988, 0.0], [0.0, 0.8261605400243793, 0.0], [0.0, 0.0, 0.0], [0.0, 0.0, 0.0], [0.0, 0.0, 0.0], [0.0, 0.0, 0.0], [0.0, 0.0, 0.0], [0.0, 0.0, 0.0], [0.0, 0.0, 0.0]], "gtPolPoints": [[825.0, 120.0, 955.0, 105.0, 952.0, 144.0, 829.0, 152.0], [896.0, 150.0, 1051.0, 137.0, 1051.0, 170.0, 907.0, 182.0], [1221.0, 573.0, 1244.0, 562.0, 1258.0, 595.0, 1235.0, 607.0], [1044.0, 336.0, 1080.0, 333.0, 1082.0, 351.0, 1047.0, 354.0], [1082.0, 339.0, 1098.0, 339.0, 1101.0, 355.0, 1084.0, 355.0], [990.0, 331.0, 1029.0, 331.0, 1033.0, 349.0, 994.0, 348.0], [957.0, 328.0, 991.0, 327.0, 992.0, 339.0, 958.0, 340.0], [953.0, 402.0, 993.0, 395.0, 994.0, 412.0, 954.0, 419.0], [998.0, 398.0, 1040.0, 390.0, 1041.0, 407.0, 998.0, 415.0]], "detPolPoints": [[828.0, 125.0, 943.0, 113.0, 946.0, 141.0, 831.0, 153.0], [904.0, 149.0, 1067.0, 131.0, 1071.0, 163.0, 908.0, 181.0], [157.0, 328.0, 271.0, 312.0, 275.0, 345.0, 161.0, 361.0]], "gtCharPoints": [[[834.90625, 135.28125], [850.71875, 133.84375], [866.53125, 132.40625], [882.34375, 130.96875], [898.15625, 129.53125], [913.96875, 128.09375], [929.78125, 126.65625], [945.59375, 125.21875]], [[910.84375, 165.21875], [929.53125, 163.65625], [948.21875, 162.09375], [966.90625, 160.53125], [985.59375, 158.96875], [1004.28125, 157.40625], [1022.96875, 155.84375], [1041.65625, 154.28125]], [[1233.75, 587.125], [1245.25, 581.375]], [[1054.375, 344.25], [1072.125, 342.75]], [[1087.125, 347.0], [1095.375, 347.0]], [[998.5, 339.5833333333333], [1011.5, 339.75], [1024.5, 339.91666666666663]], [[963.1666666666666, 333.8333333333333], [974.5, 333.5], [985.8333333333333, 333.16666666666663]], [[960.1666666666666, 409.3333333333333], [973.5, 407.0], [986.8333333333333, 404.66666666666663]], [[1005.0833333333334, 405.1666666666667], [1019.25, 402.5], [1033.4166666666667, 399.83333333333337]]], "gtCharCounts": [[1.0, 1.0, 1.0, 1.0, 1.0, 1.0, 1.0, 0.0], [1.0, 1.0, 1.0, 1.0, 1.0, 1.0, 1.0, 1.0], [0.0, 0.0], [0.0, 0.0], [0.0, 0.0], [0.0, 0.0, 0.0], [0.0, 0.0, 0.0], [0.0, 0.0, 0.0], [0.0, 0.0, 0.0]], "gtDontCare": [2, 3, 4, 5, 6, 7, 8], "detDontCare": [], "evaluationParams": {"GT_PATH": "gt/gt_IC15.zip", "SUBMIT_PATH": "result/result_paddleOCR_IC15.zip", "OUTPUT_PATH": "output/", "PORT": 8080, "BOX_TYPE": "QUAD", "TRANSCRIPTION": true, "CONFIDENCES": false, "CRLF": false, "E2E": true, "CASE_SENSITIVE": true, "RS": true, "AREA_PRECISION_CONSTRAINT": 0.5, "GRANULARITY_PENALTY_WEIGHT": 1.0, "VERTICAL_ASPECT_RATIO_THRES": 2.0, "NUM_WORKERS": 2, "GT_SAMPLE_NAME_2_ID": "([0-9]+)", "DET_SAMPLE_NAME_2_ID": "([0-9]+)", "PER_SAMPLE_RESULTS": true}, "evaluationLog": "GT polygons: 9 (7 don't care) \nDET polygons: 3\n\nFind one-to-one matches\nMatch GT #0 with Det #0\nMatch GT #1 with Det #1\nFind one-to-many matches\nFind many-to-one matches\n<b>Detection | PRECISION\n</b><b>Detection | RECALL\n</b><b># of false positive chars\n</b>4\n=================================\n<b>End-to-End | Recall\n</b><b>End-to-End | Precision\n</b>", "EndtoEnd": {"precision": 0.3076923076923077, "recall": 1.0, "hmean": 0.47058823529411764, "recognition_score": 0.43243243243243246}, "end2endMat": [[0.0, 0.0, 0.0, 8.0, 0.0], [0.0, 0.0, 0.0, 8.0, 0.0], [0.0, 0.0, 0.0, 0.0, 0.0], [0.0, 0.0, 0.0, 0.0, 0.0], [0.0, 0.0, 0.0, 0.0, 0.0], [0.0, 0.0, 0.0, 0.0, 0.0], [0.0, 0.0, 0.0, 0.0, 0.0], [0.0, 0.0, 0.0, 0.0, 0.0], [0.0, 0.0, 0.0, 0.0, 0.0], [8.0, 8.0, 0.0, 0.0, 0.0], [0.0, 0.0, 0.0, 0.0, 0.0]], "gtTrans": ["Everyday", "Specials", "##", "##", "##", "###", "###", "###", "###"], "detTrans": ["Everyday,0.9016465", "Specialse,0.8806043", "38388,0.7324916"], "gtQuery": ["Everyday", "Specials", "##", "##", "##", "###", "###", "###", "###"], "detQuery": ["Everyday,0.9016465", "Specialse,0.8806043", "38388,0.7324916"]}