{"Rawdata": {"det_correct_num_recall": 5.0, "det_correct_num_precision": 5.0, "chars_gt": 5, "chars_det": 5.0, "num_splitted": 0, "num_merged": 0, "num_false_positive": 0, "char_missed": 0, "char_overlapped": 0, "char_false_positive": 0, "e2e_correct_num_recall": 5.0, "e2e_correct_num_precision": 5.0, "chars_recog": 14, "e2e_char_missed": 0.0, "e2e_char_false_positive": 9.0, "e2e_recog_score_chars": 14, "e2e_recog_score_correct_num": 5.0}, "Detection": {"precision": 1.0, "recall": 1.0, "hmean": 1.0}, "pairs": [{"gt": [0], "det": [0], "type": "OO"}], "detectionMat": [[5.0, 0.0, 5.0, 0.0], [0.0, 0.0, 0.0, 0.0], [0.0, 0.0, 0.0, 0.0], [0.0, 0.0, 0.0, 0.0], [0.0, 0.0, 0.0, 0.0], [5.0, 0.0, 0.0, 0.0], [0.0, 0.0, 0.0, 0.0]], "precisionMat": [[0.7234099475968911, 0.0], [0.0, 0.0], [0.0, 0.9980995613304458], [0.0, 0.0], [0.0, 0.0]], "gtPolPoints": [[115.0, 295.0, 252.0, 295.0, 251.0, 331.0, 111.0, 330.0], [471.0, 163.0, 508.0, 165.0, 508.0, 185.0, 472.0, 183.0], [951.0, 217.0, 1053.0, 191.0, 1063.0, 346.0, 971.0, 355.0], [458.0, 315.0, 501.0, 313.0, 498.0, 326.0, 461.0, 326.0], [527.0, 132.0, 590.0, 133.0, 590.0, 153.0, 525.0, 152.0]], "detPolPoints": [[109.0, 284.0, 252.0, 288.0, 251.0, 335.0, 108.0, 332.0], [987.0, 336.0, 1016.0, 336.0, 1016.0, 351.0, 987.0, 351.0]], "gtCharPoints": [[[126.85, 312.55], [154.54999999999998, 312.65000000000003], [182.25, 312.75], [209.95, 312.85], [237.64999999999998, 312.95]], [[480.625, 173.5], [498.875, 174.5]], [[985.25, 281.625], [1033.75, 272.875]], [[464.5, 320.375], [474.5, 320.125], [484.5, 319.875], [494.5, 319.625]], [[534.0, 142.125], [550.0, 142.375], [566.0, 142.625], [582.0, 142.875]]], "gtCharCounts": [[1.0, 1.0, 1.0, 1.0, 1.0], [0.0, 0.0], [0.0, 0.0], [0.0, 0.0, 0.0, 0.0], [0.0, 0.0, 0.0, 0.0]], "gtDontCare": [1, 2, 3, 4], "detDontCare": [1], "evaluationParams": {"GT_PATH": "gt/gt_IC15.zip", "SUBMIT_PATH": "result/result_paddleOCR_IC15.zip", "OUTPUT_PATH": "output/", "PORT": 8080, "BOX_TYPE": "QUAD", "TRANSCRIPTION": true, "CONFIDENCES": false, "CRLF": false, "E2E": true, "CASE_SENSITIVE": true, "RS": true, "AREA_PRECISION_CONSTRAINT": 0.5, "GRANULARITY_PENALTY_WEIGHT": 1.0, "VERTICAL_ASPECT_RATIO_THRES": 2.0, "NUM_WORKERS": 2, "GT_SAMPLE_NAME_2_ID": "([0-9]+)", "DET_SAMPLE_NAME_2_ID": "([0-9]+)", "PER_SAMPLE_RESULTS": true}, "evaluationLog": "GT polygons: 5 (4 don't care) \nDET polygons: 2\n (1 don't care)\nFind one-to-one matches\nMatch GT #0 with Det #0\nFind one-to-many matches\nFind many-to-one matches\n<b>Detection | PRECISION\n</b><b>Detection | RECALL\n</b><b># of false positive chars\n</b>0\n=================================\n<b>End-to-End | Recall\n</b><b>End-to-End | Precision\n</b>", "EndtoEnd": {"precision": 0.35714285714285715, "recall": 1.0, "hmean": 0.5263157894736842, "recognition_score": 0.35714285714285715}, "end2endMat": [[0.0, 0.0, 5.0, 0.0], [0.0, 0.0, 0.0, 0.0], [0.0, 0.0, 0.0, 0.0], [0.0, 0.0, 0.0, 0.0], [0.0, 0.0, 0.0, 0.0], [5.0, 0.0, 0.0, 0.0], [0.0, 0.0, 0.0, 0.0]], "gtTrans": ["FENDI", "##", "##", "####", "####"], "detTrans": ["FENDI,0.996548", "LO8r,0.5187518"], "gtQuery": ["FENDI", "##", "##", "####", "####"], "detQuery": ["FENDI,0.996548", "LO8r,0.5187518"]}