{"Rawdata": {"det_correct_num_recall": 25.0, "det_correct_num_precision": 23.0, "chars_gt": 27, "chars_det": 25.0, "num_splitted": 0, "num_merged": 2, "num_false_positive": 0, "char_missed": 2, "char_overlapped": 0, "char_false_positive": 0, "e2e_correct_num_recall": 24.0, "e2e_correct_num_precision": 22.0, "chars_recog": 46, "e2e_char_missed": 3.0, "e2e_char_false_positive": 22.0, "e2e_recog_score_chars": 46, "e2e_recog_score_correct_num": 24.0}, "Detection": {"precision": 0.92, "recall": 0.9259259259259259, "hmean": 0.9229534510433387}, "pairs": [{"gt": [1], "det": [0], "type": "OO"}, {"gt": [2], "det": [1], "type": "OO"}, {"gt": [0, 1], "det": [0], "type": "MO"}, {"gt": [2, 3], "det": [1], "type": "MO"}], "detectionMat": [[2.0, 0.0, 2.0, 0.0], [11.0, 0.0, 11.0, 0.0], [0.0, 7.0, 7.0, 0.0], [0.0, 5.0, 5.0, 0.0], [0.0, 0.0, 0.0, 0.0], [0.0, 0.0, 0.0, 0.0], [13.0, 12.0, 0.0, 0.0], [1.0, 1.0, 0.0, 0.0]], "precisionMat": [[0.06606836342430684, 0.0], [0.8862136916141199, 0.0], [0.0, 0.568398839190579], [0.0, 0.4587889871823354], [0.0, 0.0], [0.0, 0.0]], "gtPolPoints": [[473.0, 164.0, 497.0, 165.0, 496.0, 198.0, 472.0, 196.0], [497.0, 163.0, 731.0, 160.0, 730.0, 196.0, 496.0, 199.0], [607.0, 201.0, 677.0, 200.0, 675.0, 218.0, 605.0, 219.0], [671.0, 198.0, 730.0, 198.0, 731.0, 218.0, 672.0, 218.0], [986.0, 158.0, 1010.0, 156.0, 1010.0, 186.0, 986.0, 188.0], [987.0, 189.0, 1013.0, 190.0, 1013.0, 215.0, 987.0, 214.0]], "detPolPoints": [[477.0, 170.0, 728.0, 165.0, 728.0, 197.0, 478.0, 201.0], [609.0, 201.0, 724.0, 198.0, 724.0, 213.0, 610.0, 216.0]], "gtCharPoints": [[[476.5, 180.25], [484.5, 180.75], [492.5, 181.25]], [[507.1363636363636, 180.86363636363637], [528.4090909090909, 180.5909090909091], [549.6818181818181, 180.31818181818184], [570.9545454545455, 180.04545454545456], [592.2272727272727, 179.77272727272728], [613.5, 179.5], [634.7727272727273, 179.22727272727275], [656.0454545454545, 178.95454545454547], [677.3181818181818, 178.6818181818182], [698.5909090909091, 178.4090909090909], [719.8636363636364, 178.13636363636365]], [[611.0, 209.92857142857142], [621.0, 209.78571428571428], [631.0, 209.64285714285714], [641.0, 209.5], [651.0, 209.35714285714283], [661.0, 209.2142857142857], [671.0, 209.07142857142856]], [[676.4166666666666, 208.0], [686.25, 208.0], [696.0833333333333, 208.0], [705.9166666666666, 208.0], [715.75, 208.0], [725.5833333333333, 208.0]], [[992.0, 172.5], [1004.0, 171.5]], [[993.5, 201.75], [1006.5, 202.25]]], "gtCharCounts": [[0.0, 1.0, 1.0], [1.0, 1.0, 1.0, 1.0, 1.0, 1.0, 1.0, 1.0, 1.0, 1.0, 1.0], [1.0, 1.0, 1.0, 1.0, 1.0, 1.0, 1.0], [1.0, 1.0, 1.0, 1.0, 1.0, 0.0], [0.0, 0.0], [0.0, 0.0]], "gtDontCare": [4, 5], "detDontCare": [], "evaluationParams": {"GT_PATH": "gt/gt_IC15.zip", "SUBMIT_PATH": "result/result_paddleOCR_IC15.zip", "OUTPUT_PATH": "output/", "PORT": 8080, "BOX_TYPE": "QUAD", "TRANSCRIPTION": true, "CONFIDENCES": false, "CRLF": false, "E2E": true, "CASE_SENSITIVE": true, "RS": true, "AREA_PRECISION_CONSTRAINT": 0.5, "GRANULARITY_PENALTY_WEIGHT": 1.0, "VERTICAL_ASPECT_RATIO_THRES": 2.0, "NUM_WORKERS": 2, "GT_SAMPLE_NAME_2_ID": "([0-9]+)", "DET_SAMPLE_NAME_2_ID": "([0-9]+)", "PER_SAMPLE_RESULTS": true}, "evaluationLog": "GT polygons: 6 (2 don't care) \nDET polygons: 2\n\nFind one-to-one matches\nMatch GT #1 with Det #0\nMatch GT #2 with Det #1\nFind one-to-many matches\nFind many-to-one matches\nMatch GT #[0, 1] with Det #0\nMatch GT #[2, 3] with Det #1\n<b>Detection | PRECISION\n</b><b>Detection | RECALL\n</b><b># of false positive chars\n</b>0\n=================================\n<b>End-to-End | Recall\n</b><b>End-to-End | Precision\n</b>", "EndtoEnd": {"precision": 0.4782608695652174, "recall": 0.8888888888888888, "hmean": 0.6219081272084807, "recognition_score": 0.5217391304347826}, "end2endMat": [[0.0, 0.0, 2.0, 0.0], [0.0, 0.0, 10.0, 0.0], [0.0, 0.0, 7.0, 0.0], [0.0, 0.0, 5.0, 0.0], [0.0, 0.0, 0.0, 0.0], [0.0, 0.0, 0.0, 0.0], [12.0, 12.0, 0.0, 0.0], [1.0, 1.0, 0.0, 0.0]], "gtTrans": ["the", "underground", "fashion", "street", "##", "##"], "detTrans": ["tunderground,0.93097496", "fashion stree,0.9688073"], "gtQuery": ["the", "underground", "fashion", "street", "##", "##"], "detQuery": ["tunderground,0.93097496", "fashion stree,0.9688073"]}