{"Rawdata": {"det_correct_num_recall": 3.0, "det_correct_num_precision": 3.0, "chars_gt": 23, "chars_det": 8.0, "num_splitted": 0, "num_merged": 0, "num_false_positive": 1, "char_missed": 20, "char_overlapped": 0, "char_false_positive": 5, "e2e_correct_num_recall": 2.0, "e2e_correct_num_precision": 2.0, "chars_recog": 25, "e2e_char_missed": 21.0, "e2e_char_false_positive": 23.0, "e2e_recog_score_chars": 13, "e2e_recog_score_correct_num": 2.0}, "Detection": {"precision": 0.375, "recall": 0.13043478260869565, "hmean": 0.19354838709677416}, "pairs": [{"gt": [0], "det": [1], "type": "OO"}], "detectionMat": [[0.0, 3.0, 3.0, 0.0], [0.0, 0.0, 0.0, 0.0], [0.0, 0.0, 0.0, 0.0], [0.0, 0.0, 0.0, 0.0], [0.0, 0.0, 0.0, 0.0], [0.0, 0.0, 0.0, 0.0], [0.0, 0.0, 0.0, 0.0], [0.0, 0.0, 0.0, 0.0], [0.0, 0.0, 0.0, 0.0], [0.0, 0.0, 0.0, 0.0], [0.0, 3.0, 0.0, 0.0], [0.0, 0.0, 0.0, 0.0]], "precisionMat": [[0.0, 0.9835438347280959], [0.0, 0.0], [0.0, 0.0], [0.0, 0.0], [0.0, 0.0], [0.0, 0.0], [0.0, 0.0], [0.0, 0.0], [0.0, 0.0], [0.0, 0.0]], "gtPolPoints": [[461.0, 594.0, 506.0, 578.0, 505.0, 603.0, 462.0, 617.0], [438.0, 625.0, 505.0, 605.0, 505.0, 634.0, 445.0, 652.0], [418.0, 661.0, 481.0, 638.0, 484.0, 669.0, 427.0, 690.0], [477.0, 643.0, 503.0, 638.0, 504.0, 657.0, 485.0, 665.0], [421.0, 696.0, 457.0, 685.0, 472.0, 704.0, 434.0, 719.0], [458.0, 678.0, 483.0, 671.0, 481.0, 697.0, 465.0, 702.0], [481.0, 673.0, 507.0, 658.0, 503.0, 685.0, 482.0, 695.0], [441.0, 718.0, 502.0, 688.0, 505.0, 704.0, 488.0, 719.0], [230.0, 323.0, 330.0, 328.0, 324.0, 394.0, 224.0, 388.0], [459.0, 546.0, 510.0, 533.0, 512.0, 548.0, 461.0, 560.0]], "detPolPoints": [[477.0, 181.0, 603.0, 181.0, 603.0, 209.0, 477.0, 209.0], [467.0, 594.0, 493.0, 581.0, 502.0, 599.0, 475.0, 612.0]], "gtCharPoints": [[[465.9, 604.0], [474.7, 601.0], [483.5, 598.0], [492.29999999999995, 595.0], [501.09999999999997, 592.0]], [[446.0357142857143, 637.1428571428571], [455.10714285714283, 634.4285714285714], [464.17857142857144, 631.7142857142857], [473.25, 629.0], [482.32142857142856, 626.2857142857142], [491.3928571428571, 623.5714285714286], [500.4642857142857, 620.8571428571428]], [[428.5, 673.3], [440.5, 668.9], [452.5, 664.5], [464.5, 660.0999999999999], [476.5, 655.6999999999999]], [[486.625, 652.375], [497.875, 649.125]], [[433.6666666666667, 705.3333333333334], [446.0, 701.0], [458.33333333333337, 696.6666666666667]], [[466.625, 688.5], [476.875, 685.5]], [[485.4166666666667, 681.9166666666666], [493.25, 677.75], [501.08333333333337, 673.5833333333333]], [[474.25, 712.875], [493.75, 701.625]], [[252.0, 356.875], [302.0, 359.625]], [[466.375, 551.4375], [479.125, 548.3125], [491.875, 545.1875], [504.625, 542.0625]]], "gtCharCounts": [[0.0, 1.0, 1.0, 1.0, 0.0], [0.0, 0.0, 0.0, 0.0, 0.0, 0.0, 0.0], [0.0, 0.0, 0.0, 0.0, 0.0], [0.0, 0.0], [0.0, 0.0, 0.0], [0.0, 0.0], [0.0, 0.0, 0.0], [0.0, 0.0], [0.0, 0.0], [0.0, 0.0, 0.0, 0.0]], "gtDontCare": [3, 5, 7, 8, 9], "detDontCare": [], "evaluationParams": {"GT_PATH": "gt/gt_IC15.zip", "SUBMIT_PATH": "result/result_paddleOCR_IC15.zip", "OUTPUT_PATH": "output/", "PORT": 8080, "BOX_TYPE": "QUAD", "TRANSCRIPTION": true, "CONFIDENCES": false, "CRLF": false, "E2E": true, "CASE_SENSITIVE": true, "RS": true, "AREA_PRECISION_CONSTRAINT": 0.5, "GRANULARITY_PENALTY_WEIGHT": 1.0, "VERTICAL_ASPECT_RATIO_THRES": 2.0, "NUM_WORKERS": 2, "GT_SAMPLE_NAME_2_ID": "([0-9]+)", "DET_SAMPLE_NAME_2_ID": "([0-9]+)", "PER_SAMPLE_RESULTS": true}, "evaluationLog": "GT polygons: 10 (5 don't care) \nDET polygons: 2\n\nFind one-to-one matches\nMatch GT #0 with Det #1\nFind one-to-many matches\nFind many-to-one matches\n<b>Detection | PRECISION\n</b><b>Detection | RECALL\n</b><b># of false positive chars\n</b>5\n=================================\n<b>End-to-End | Recall\n</b><b>End-to-End | Precision\n</b>", "EndtoEnd": {"precision": 0.08, "recall": 0.08695652173913043, "hmean": 0.08333333333333333, "recognition_score": 0.15384615384615385}, "end2endMat": [[0.0, 0.0, 2.0, 0.0], [0.0, 0.0, 0.0, 0.0], [0.0, 0.0, 0.0, 0.0], [0.0, 0.0, 0.0, 0.0], [0.0, 0.0, 0.0, 0.0], [0.0, 0.0, 0.0, 0.0], [0.0, 0.0, 0.0, 0.0], [0.0, 0.0, 0.0, 0.0], [0.0, 0.0, 0.0, 0.0], [0.0, 0.0, 0.0, 0.0], [0.0, 2.0, 0.0, 0.0], [0.0, 0.0, 0.0, 0.0]], "gtTrans": ["Start", "earning", "STARS", "##", "top", "##", "all", "##", "##", "####"], "detTrans": ["t,0.61792964", "iar,0.7692075"], "gtQuery": ["Start", "earning", "STARS", "##", "top", "##", "all", "##", "##", "####"], "detQuery": ["t,0.61792964", "iar,0.7692075"]}