{"Rawdata": {"det_correct_num_recall": 0.0, "det_correct_num_precision": 0.0, "chars_gt": 11, "chars_det": 0, "num_splitted": 0, "num_merged": 0, "num_false_positive": 0, "char_missed": 11, "char_overlapped": 0, "char_false_positive": 0, "e2e_correct_num_recall": 0.0, "e2e_correct_num_precision": 0.0, "chars_recog": 0, "e2e_char_missed": 11.0, "e2e_char_false_positive": 0.0, "e2e_recog_score_chars": 0, "e2e_recog_score_correct_num": 0.0}, "Detection": {"precision": 0.0, "recall": 0.0, "hmean": 0}, "pairs": [], "detectionMat": [[0.0, 0.0], [0.0, 0.0], [0.0, 0.0], [0.0, 0.0], [0.0, 0.0], [0.0, 0.0]], "precisionMat": [[], [], [], []], "gtPolPoints": [[615.0, 246.0, 698.0, 251.0, 694.0, 281.0, 615.0, 272.0], [698.0, 252.0, 742.0, 261.0, 740.0, 283.0, 697.0, 278.0], [865.0, 223.0, 898.0, 213.0, 901.0, 233.0, 867.0, 243.0], [902.0, 212.0, 945.0, 198.0, 946.0, 217.0, 903.0, 231.0]], "detPolPoints": [], "gtCharPoints": [[[620.7857142857143, 259.5], [632.3571428571429, 260.5], [643.9285714285714, 261.5], [655.5, 262.5], [667.0714285714287, 263.5], [678.6428571428572, 264.5], [690.2142857142858, 265.5]], [[702.9375, 265.875], [713.8125, 267.625], [724.6875, 269.375], [735.5625, 271.125]], [[874.375, 230.5], [891.125, 225.5]], [[909.6666666666666, 219.16666666666666], [924.0, 214.5], [938.3333333333333, 209.83333333333331]]], "gtCharCounts": [0.0, 0.0, 0.0, 0.0], "gtDontCare": [2, 3], "detDontCare": [], "evaluationParams": {"GT_PATH": "gt/gt_IC15.zip", "SUBMIT_PATH": "result/result_paddleOCR_IC15.zip", "OUTPUT_PATH": "output/", "PORT": 8080, "BOX_TYPE": "QUAD", "TRANSCRIPTION": true, "CONFIDENCES": false, "CRLF": false, "E2E": true, "CASE_SENSITIVE": true, "RS": true, "AREA_PRECISION_CONSTRAINT": 0.5, "GRANULARITY_PENALTY_WEIGHT": 1.0, "VERTICAL_ASPECT_RATIO_THRES": 2.0, "NUM_WORKERS": 2, "GT_SAMPLE_NAME_2_ID": "([0-9]+)", "DET_SAMPLE_NAME_2_ID": "([0-9]+)", "PER_SAMPLE_RESULTS": true}, "evaluationLog": "GT polygons: 4 (2 don't care) \nDET polygons: 0\n\nFind one-to-one matches\nFind one-to-many matches\nFind many-to-one matches\n<b>Detection | PRECISION\n</b><b>Detection | RECALL\n</b><b># of false positive chars\n</b>0\n=================================\n<b>End-to-End | Recall\n</b><b>End-to-End | Precision\n</b>", "EndtoEnd": {"precision": 0.0, "recall": 0.0, "hmean": 0, "recognition_score": 0.0}, "end2endMat": [[0.0, 0.0], [0.0, 0.0], [0.0, 0.0], [0.0, 0.0], [0.0, 0.0], [0.0, 0.0]], "gtTrans": ["ST.MARC", "CAFE", "##", "###"], "detTrans": [], "gtQuery": ["ST.MARC", "CAFE", "##", "###"], "detQuery": []}