{"Rawdata": {"det_correct_num_recall": 11.0, "det_correct_num_precision": 10.0, "chars_gt": 23, "chars_det": 11.0, "num_splitted": 0, "num_merged": 1, "num_false_positive": 0, "char_missed": 12, "char_overlapped": 0, "char_false_positive": 0, "e2e_correct_num_recall": 3.0, "e2e_correct_num_precision": 2.0, "chars_recog": 24, "e2e_char_missed": 20.0, "e2e_char_false_positive": 21.0, "e2e_recog_score_chars": 24, "e2e_recog_score_correct_num": 3.0}, "Detection": {"precision": 0.9090909090909091, "recall": 0.4782608695652174, "hmean": 0.6267806267806267}, "pairs": [{"gt": [1], "det": [0], "type": "OO"}, {"gt": [2, 6], "det": [1], "type": "MO"}], "detectionMat": [[0.0, 0.0, 0.0, 0.0], [4.0, 0.0, 4.0, 0.0], [0.0, 4.0, 4.0, 0.0], [0.0, 0.0, 0.0, 0.0], [0.0, 0.0, 0.0, 0.0], [0.0, 0.0, 0.0, 0.0], [0.0, 3.0, 3.0, 0.0], [0.0, 0.0, 0.0, 0.0], [0.0, 0.0, 0.0, 0.0], [0.0, 0.0, 0.0, 0.0], [0.0, 0.0, 0.0, 0.0], [4.0, 7.0, 0.0, 0.0], [0.0, 1.0, 0.0, 0.0]], "precisionMat": [[0.0485993017074324, 0.0], [0.5999125244654532, 0.01641290039048284], [0.0, 0.47227842978551193], [0.0, 0.004182209311457326], [0.0, 0.0], [0.0, 0.0], [0.0, 0.3403259963840761], [0.19681015219974127, 0.04188972697768558], [0.0, 0.0], [0.0, 0.0], [0.0, 0.0]], "gtPolPoints": [[355.0, 165.0, 424.0, 190.0, 423.0, 254.0, 354.0, 229.0], [357.0, 235.0, 394.0, 243.0, 392.0, 277.0, 355.0, 269.0], [358.0, 275.0, 391.0, 279.0, 388.0, 314.0, 355.0, 310.0], [355.0, 327.0, 407.0, 316.0, 403.0, 416.0, 351.0, 427.0], [351.0, 438.0, 406.0, 417.0, 404.0, 482.0, 349.0, 503.0], [353.0, 507.0, 403.0, 489.0, 399.0, 525.0, 349.0, 543.0], [390.0, 279.0, 421.0, 283.0, 417.0, 317.0, 386.0, 313.0], [396.0, 253.0, 418.0, 256.0, 415.0, 282.0, 393.0, 279.0], [402.0, 334.0, 422.0, 333.0, 420.0, 373.0, 400.0, 374.0], [403.0, 380.0, 420.0, 377.0, 418.0, 405.0, 401.0, 408.0], [570.0, 242.0, 614.0, 273.0, 612.0, 297.0, 568.0, 266.0]], "detPolPoints": [[359.0, 236.0, 414.0, 244.0, 408.0, 281.0, 353.0, 273.0], [357.0, 270.0, 415.0, 277.0, 410.0, 319.0, 352.0, 312.0]], "gtCharPoints": [[[363.125, 200.125], [380.375, 206.375], [397.625, 212.625], [414.875, 218.875]], [[360.625, 253.0], [369.875, 255.0], [379.125, 257.0], [388.375, 259.0]], [[360.625, 293.0], [368.875, 294.0], [377.125, 295.0], [385.375, 296.0]], [[366.0, 374.25], [392.0, 368.75]], [[359.1666666666667, 467.0], [377.5, 460.0], [395.83333333333337, 453.0]], [[357.25, 522.75], [369.75, 518.25], [382.25, 513.75], [394.75, 509.25]], [[391.875, 296.5], [399.625, 297.5], [407.375, 298.5], [415.125, 299.5]], [[400.0, 266.75], [411.0, 268.25]], [[406.0, 353.75], [416.0, 353.25]], [[406.25, 393.25], [414.75, 391.75]], [[576.3333333333334, 259.1666666666667], [591.0, 269.5], [605.6666666666667, 279.83333333333337]]], "gtCharCounts": [[0.0, 0.0, 0.0, 0.0], [1.0, 1.0, 1.0, 1.0], [1.0, 1.0, 1.0, 1.0], [0.0, 0.0], [0.0, 0.0, 0.0], [0.0, 0.0, 0.0, 0.0], [1.0, 1.0, 1.0, 0.0], [0.0, 0.0], [0.0, 0.0], [0.0, 0.0], [0.0, 0.0, 0.0]], "gtDontCare": [3, 7, 8, 9, 10], "detDontCare": [], "evaluationParams": {"GT_PATH": "gt/gt_IC15.zip", "SUBMIT_PATH": "result/result_paddleOCR_IC15.zip", "OUTPUT_PATH": "output/", "PORT": 8080, "BOX_TYPE": "QUAD", "TRANSCRIPTION": true, "CONFIDENCES": false, "CRLF": false, "E2E": true, "CASE_SENSITIVE": true, "RS": true, "AREA_PRECISION_CONSTRAINT": 0.5, "GRANULARITY_PENALTY_WEIGHT": 1.0, "VERTICAL_ASPECT_RATIO_THRES": 2.0, "NUM_WORKERS": 2, "GT_SAMPLE_NAME_2_ID": "([0-9]+)", "DET_SAMPLE_NAME_2_ID": "([0-9]+)", "PER_SAMPLE_RESULTS": true}, "evaluationLog": "GT polygons: 11 (5 don't care) \nDET polygons: 2\n\nFind one-to-one matches\nMatch GT #1 with Det #0\nFind one-to-many matches\nFind many-to-one matches\nMatch GT #[2, 6] with Det #1\n<b>Detection | PRECISION\n</b><b>Detection | RECALL\n</b><b># of false positive chars\n</b>0\n=================================\n<b>End-to-End | Recall\n</b><b>End-to-End | Precision\n</b>", "EndtoEnd": {"precision": 0.08333333333333333, "recall": 0.13043478260869565, "hmean": 0.10169491525423728, "recognition_score": 0.125}, "end2endMat": [[0.0, 0.0, 0.0, 0.0], [0.0, 0.0, 2.0, 0.0], [0.0, 0.0, 1.0, 0.0], [0.0, 0.0, 0.0, 0.0], [0.0, 0.0, 0.0, 0.0], [0.0, 0.0, 0.0, 0.0], [0.0, 0.0, 0.0, 0.0], [0.0, 0.0, 0.0, 0.0], [0.0, 0.0, 0.0, 0.0], [0.0, 0.0, 0.0, 0.0], [0.0, 0.0, 0.0, 0.0], [2.0, 1.0, 0.0, 0.0], [0.0, 1.0, 0.0, 0.0]], "gtTrans": ["SALE", "SALE", "sale", "##", "SAL", "SALE", "sale", "##", "##", "##", "###"], "detTrans": ["SA,0.92947495", "e,0.6364222"], "gtQuery": ["SALE", "SALE", "sale", "##", "SAL", "SALE", "sale", "##", "##", "##", "###"], "detQuery": ["SA,0.92947495", "e,0.6364222"]}