{"Rawdata": {"det_correct_num_recall": 7.0, "det_correct_num_precision": 7.0, "chars_gt": 14, "chars_det": 7.0, "num_splitted": 0, "num_merged": 0, "num_false_positive": 0, "char_missed": 7, "char_overlapped": 0, "char_false_positive": 0, "e2e_correct_num_recall": 7.0, "e2e_correct_num_precision": 7.0, "chars_recog": 19, "e2e_char_missed": 7.0, "e2e_char_false_positive": 12.0, "e2e_recog_score_chars": 19, "e2e_recog_score_correct_num": 7.0}, "Detection": {"precision": 1.0, "recall": 0.5, "hmean": 0.6666666666666666}, "pairs": [{"gt": [0], "det": [0], "type": "OO"}], "detectionMat": [[7.0, 7.0, 0.0], [0.0, 0.0, 0.0], [0.0, 0.0, 0.0], [0.0, 0.0, 0.0], [0.0, 0.0, 0.0], [7.0, 0.0, 0.0], [0.0, 0.0, 0.0]], "precisionMat": [[0.7039549337536166], [0.12458517070509614], [0.0], [0.0], [0.0]], "gtPolPoints": [[187.0, 37.0, 570.0, 55.0, 568.0, 138.0, 185.0, 121.0], [593.0, 63.0, 668.0, 65.0, 665.0, 138.0, 590.0, 136.0], [189.0, 401.0, 451.0, 391.0, 450.0, 425.0, 188.0, 435.0], [465.0, 391.0, 520.0, 388.0, 520.0, 424.0, 465.0, 426.0], [344.0, 506.0, 358.0, 504.0, 357.0, 519.0, 342.0, 520.0]], "detPolPoints": [[193.0, 23.0, 671.0, 56.0, 665.0, 147.0, 186.0, 115.0]], "gtCharPoints": [[[213.35714285714286, 80.25], [268.07142857142856, 82.75], [322.7857142857143, 85.25], [377.5, 87.75], [432.2142857142857, 90.25], [486.92857142857144, 92.75], [541.6428571428571, 95.25]], [[610.25, 100.0], [647.75, 101.0]], [[207.21428571428572, 417.2857142857143], [244.64285714285717, 415.85714285714283], [282.07142857142856, 414.42857142857144], [319.5, 413.0], [356.92857142857144, 411.57142857142856], [394.3571428571429, 410.1428571428571], [431.78571428571433, 408.7142857142857]], [[478.75, 407.875], [506.25, 406.625]], [[346.625, 512.625], [353.875, 511.875]]], "gtCharCounts": [[1.0, 1.0, 1.0, 1.0, 1.0, 1.0, 1.0], [0.0, 0.0], [0.0, 0.0, 0.0, 0.0, 0.0, 0.0, 0.0], [0.0, 0.0], [0.0, 0.0]], "gtDontCare": [1, 3, 4], "detDontCare": [], "evaluationParams": {"GT_PATH": "gt/gt_IC15.zip", "SUBMIT_PATH": "result/result_paddleOCR_IC15.zip", "OUTPUT_PATH": "output/", "PORT": 8080, "BOX_TYPE": "QUAD", "TRANSCRIPTION": true, "CONFIDENCES": false, "CRLF": false, "E2E": true, "CASE_SENSITIVE": true, "RS": true, "AREA_PRECISION_CONSTRAINT": 0.5, "GRANULARITY_PENALTY_WEIGHT": 1.0, "VERTICAL_ASPECT_RATIO_THRES": 2.0, "NUM_WORKERS": 2, "GT_SAMPLE_NAME_2_ID": "([0-9]+)", "DET_SAMPLE_NAME_2_ID": "([0-9]+)", "PER_SAMPLE_RESULTS": true}, "evaluationLog": "GT polygons: 5 (3 don't care) \nDET polygons: 1\n\nFind one-to-one matches\nMatch GT #0 with Det #0\nFind one-to-many matches\nFind many-to-one matches\n<b>Detection | PRECISION\n</b><b>Detection | RECALL\n</b><b># of false positive chars\n</b>0\n=================================\n<b>End-to-End | Recall\n</b><b>End-to-End | Precision\n</b>", "EndtoEnd": {"precision": 0.3684210526315789, "recall": 0.5, "hmean": 0.4242424242424242, "recognition_score": 0.3684210526315789}, "end2endMat": [[0.0, 7.0, 0.0], [0.0, 0.0, 0.0], [0.0, 0.0, 0.0], [0.0, 0.0, 0.0], [0.0, 0.0, 0.0], [7.0, 0.0, 0.0], [0.0, 0.0, 0.0]], "gtTrans": ["FOREVER", "##", "FORE ER", "##", "##"], "detTrans": ["FOREVER21,0.9964834"], "gtQuery": ["FOREVER", "##", "FORE ER", "##", "##"], "detQuery": ["FOREVER21,0.9964834"]}