{"Rawdata": {"det_correct_num_recall": 0.0, "det_correct_num_precision": 0.0, "chars_gt": 8, "chars_det": 0, "num_splitted": 0, "num_merged": 0, "num_false_positive": 0, "char_missed": 8, "char_overlapped": 0, "char_false_positive": 0, "e2e_correct_num_recall": 0.0, "e2e_correct_num_precision": 0.0, "chars_recog": 0, "e2e_char_missed": 8.0, "e2e_char_false_positive": 0.0, "e2e_recog_score_chars": 0, "e2e_recog_score_correct_num": 0.0}, "Detection": {"precision": 0.0, "recall": 0.0, "hmean": 0}, "pairs": [], "detectionMat": [[0.0, 0.0], [0.0, 0.0], [0.0, 0.0], [0.0, 0.0], [0.0, 0.0]], "precisionMat": [[], [], []], "gtPolPoints": [[105.0, 230.0, 176.0, 225.0, 176.0, 238.0, 105.0, 243.0], [395.0, 172.0, 474.0, 167.0, 475.0, 173.0, 396.0, 178.0], [381.0, 179.0, 487.0, 174.0, 487.0, 181.0, 381.0, 186.0]], "detPolPoints": [], "gtCharPoints": [[[109.4375, 236.1875], [118.3125, 235.5625], [127.1875, 234.9375], [136.0625, 234.3125], [144.9375, 233.6875], [153.8125, 233.0625], [162.6875, 232.4375], [171.5625, 231.8125]], [[399.45, 174.75], [407.34999999999997, 174.25], [415.25, 173.75], [423.15, 173.25], [431.05, 172.75], [438.95, 172.25], [446.85, 171.75], [454.75, 171.25], [462.65, 170.75], [470.55, 170.25]], [[386.3, 182.25], [396.90000000000003, 181.75], [407.5, 181.25], [418.1, 180.75], [428.7, 180.25], [439.3, 179.75], [449.9, 179.25], [460.5, 178.75], [471.1, 178.25], [481.7, 177.75]]], "gtCharCounts": [0.0, 0.0, 0.0], "gtDontCare": [1, 2], "detDontCare": [], "evaluationParams": {"GT_PATH": "gt/gt_IC15.zip", "SUBMIT_PATH": "result/result_paddleOCR_IC15.zip", "OUTPUT_PATH": "output/", "PORT": 8080, "BOX_TYPE": "QUAD", "TRANSCRIPTION": true, "CONFIDENCES": false, "CRLF": false, "E2E": true, "CASE_SENSITIVE": true, "RS": true, "AREA_PRECISION_CONSTRAINT": 0.5, "GRANULARITY_PENALTY_WEIGHT": 1.0, "VERTICAL_ASPECT_RATIO_THRES": 2.0, "NUM_WORKERS": 2, "GT_SAMPLE_NAME_2_ID": "([0-9]+)", "DET_SAMPLE_NAME_2_ID": "([0-9]+)", "PER_SAMPLE_RESULTS": true}, "evaluationLog": "GT polygons: 3 (2 don't care) \nDET polygons: 0\n\nFind one-to-one matches\nFind one-to-many matches\nFind many-to-one matches\n<b>Detection | PRECISION\n</b><b>Detection | RECALL\n</b><b># of false positive chars\n</b>0\n=================================\n<b>End-to-End | Recall\n</b><b>End-to-End | Precision\n</b>", "EndtoEnd": {"precision": 0.0, "recall": 0.0, "hmean": 0, "recognition_score": 0.0}, "end2endMat": [[0.0, 0.0], [0.0, 0.0], [0.0, 0.0], [0.0, 0.0], [0.0, 0.0]], "gtTrans": ["TAGHeuer", "##########", "##########"], "detTrans": [], "gtQuery": ["TAGHeuer", "##########", "##########"], "detQuery": []}