{"Rawdata": {"det_correct_num_recall": 9.0, "det_correct_num_precision": 9.0, "chars_gt": 13, "chars_det": 15.0, "num_splitted": 0, "num_merged": 0, "num_false_positive": 2, "char_missed": 4, "char_overlapped": 0, "char_false_positive": 6, "e2e_correct_num_recall": 8.0, "e2e_correct_num_precision": 8.0, "chars_recog": 56, "e2e_char_missed": 5.0, "e2e_char_false_positive": 48.0, "e2e_recog_score_chars": 29, "e2e_recog_score_correct_num": 8.0}, "Detection": {"precision": 0.6, "recall": 0.6923076923076923, "hmean": 0.6428571428571429}, "pairs": [{"gt": [0], "det": [1], "type": "OO"}, {"gt": [2], "det": [3], "type": "OO"}], "detectionMat": [[0.0, 3.0, 0.0, 0.0, 3.0, 0.0], [0.0, 0.0, 0.0, 0.0, 0.0, 0.0], [0.0, 0.0, 0.0, 6.0, 6.0, 0.0], [0.0, 0.0, 0.0, 0.0, 0.0, 0.0], [0.0, 0.0, 0.0, 0.0, 0.0, 0.0], [0.0, 0.0, 0.0, 0.0, 0.0, 0.0], [0.0, 0.0, 0.0, 0.0, 0.0, 0.0], [0.0, 0.0, 0.0, 0.0, 0.0, 0.0], [0.0, 0.0, 0.0, 0.0, 0.0, 0.0], [0.0, 3.0, 0.0, 6.0, 0.0, 0.0], [0.0, 0.0, 0.0, 0.0, 0.0, 0.0]], "precisionMat": [[0.06022741588080448, 0.9962894248608543, 0.0, 0.0], [0.0, 0.0, 0.3681462140992167, 0.0], [0.0, 0.0, 0.0, 0.9822389666307855], [0.0, 0.0, 0.0, 0.0], [0.0, 0.0, 0.0, 0.0], [0.0, 0.0, 0.0, 0.0], [0.0, 0.0, 0.0, 0.0], [0.0, 0.0, 0.0, 0.0], [0.0, 0.0, 0.0, 0.0]], "gtPolPoints": [[546.0, 100.0, 579.0, 103.0, 576.0, 117.0, 544.0, 114.0], [521.0, 123.0, 561.0, 127.0, 560.0, 141.0, 520.0, 137.0], [831.0, 256.0, 1005.0, 262.0, 1004.0, 295.0, 829.0, 289.0], [832.0, 322.0, 851.0, 323.0, 851.0, 333.0, 831.0, 331.0], [852.0, 321.0, 894.0, 323.0, 895.0, 335.0, 852.0, 333.0], [896.0, 326.0, 931.0, 328.0, 931.0, 337.0, 896.0, 335.0], [933.0, 328.0, 947.0, 328.0, 946.0, 338.0, 932.0, 338.0], [948.0, 329.0, 967.0, 330.0, 967.0, 339.0, 948.0, 338.0], [968.0, 330.0, 999.0, 331.0, 999.0, 341.0, 968.0, 340.0]], "detPolPoints": [[467.0, 61.0, 583.0, 68.0, 581.0, 112.0, 465.0, 105.0], [545.0, 103.0, 573.0, 103.0, 573.0, 114.0, 545.0, 114.0], [518.0, 116.0, 582.0, 123.0, 580.0, 146.0, 515.0, 140.0], [842.0, 256.0, 998.0, 261.0, 997.0, 293.0, 841.0, 288.0]], "gtCharPoints": [[[550.4166666666666, 107.5], [561.25, 108.5], [572.0833333333333, 109.5]], [[525.5, 130.5], [535.5, 131.5], [545.5, 132.5], [555.5, 133.5]], [[844.5416666666666, 273.0], [873.625, 274.0], [902.7083333333333, 275.0], [931.7916666666666, 276.0], [960.875, 277.0], [989.9583333333333, 278.0]], [[834.75, 326.75], [841.25, 327.25], [847.75, 327.75]], [[857.3125, 327.25], [867.9375, 327.75], [878.5625, 328.25], [889.1875, 328.75]], [[900.375, 330.75], [909.125, 331.25], [917.875, 331.75], [926.625, 332.25]], [[936.0, 333.0], [943.0, 333.0]], [[951.1666666666666, 333.6666666666667], [957.5, 334.0], [963.8333333333333, 334.33333333333337]], [[971.875, 335.125], [979.625, 335.375], [987.375, 335.625], [995.125, 335.875]]], "gtCharCounts": [[1.0, 1.0, 1.0], [0.0, 0.0, 0.0, 0.0], [1.0, 1.0, 1.0, 1.0, 1.0, 1.0], [0.0, 0.0, 0.0], [0.0, 0.0, 0.0, 0.0], [0.0, 0.0, 0.0, 0.0], [0.0, 0.0], [0.0, 0.0, 0.0], [0.0, 0.0, 0.0, 0.0]], "gtDontCare": [3, 4, 5, 6, 7, 8], "detDontCare": [], "evaluationParams": {"GT_PATH": "gt/gt_IC15.zip", "SUBMIT_PATH": "result/result_paddleOCR_IC15.zip", "OUTPUT_PATH": "output/", "PORT": 8080, "BOX_TYPE": "QUAD", "TRANSCRIPTION": true, "CONFIDENCES": false, "CRLF": false, "E2E": true, "CASE_SENSITIVE": true, "RS": true, "AREA_PRECISION_CONSTRAINT": 0.5, "GRANULARITY_PENALTY_WEIGHT": 1.0, "VERTICAL_ASPECT_RATIO_THRES": 2.0, "NUM_WORKERS": 2, "GT_SAMPLE_NAME_2_ID": "([0-9]+)", "DET_SAMPLE_NAME_2_ID": "([0-9]+)", "PER_SAMPLE_RESULTS": true}, "evaluationLog": "GT polygons: 9 (6 don't care) \nDET polygons: 4\n\nFind one-to-one matches\nMatch GT #0 with Det #1\nMatch GT #2 with Det #3\nFind one-to-many matches\nFind many-to-one matches\n<b>Detection | PRECISION\n</b><b>Detection | RECALL\n</b><b># of false positive chars\n</b>6\n=================================\n<b>End-to-End | Recall\n</b><b>End-to-End | Precision\n</b>", "EndtoEnd": {"precision": 0.14285714285714285, "recall": 0.6153846153846154, "hmean": 0.23188405797101452, "recognition_score": 0.27586206896551724}, "end2endMat": [[0.0, 0.0, 0.0, 0.0, 2.0, 0.0], [0.0, 0.0, 0.0, 0.0, 0.0, 0.0], [0.0, 0.0, 0.0, 0.0, 6.0, 0.0], [0.0, 0.0, 0.0, 0.0, 0.0, 0.0], [0.0, 0.0, 0.0, 0.0, 0.0, 0.0], [0.0, 0.0, 0.0, 0.0, 0.0, 0.0], [0.0, 0.0, 0.0, 0.0, 0.0, 0.0], [0.0, 0.0, 0.0, 0.0, 0.0, 0.0], [0.0, 0.0, 0.0, 0.0, 0.0, 0.0], [0.0, 2.0, 0.0, 6.0, 0.0, 0.0], [0.0, 0.0, 0.0, 0.0, 0.0, 0.0]], "gtTrans": ["MRT", "140m", "INSEAD", "###", "####", "####", "##", "###", "####"], "detTrans": ["CE,0.64611673", "MRI,0.9523954", "140m,0.9995336", "INSEAD,0.9897587"], "gtQuery": ["MRT", "140m", "INSEAD", "###", "####", "####", "##", "###", "####"], "detQuery": ["CE,0.64611673", "MRI,0.9523954", "140m,0.9995336", "INSEAD,0.9897587"]}