{"Rawdata": {"det_correct_num_recall": 0.0, "det_correct_num_precision": 0.0, "chars_gt": 17, "chars_det": 0, "num_splitted": 0, "num_merged": 0, "num_false_positive": 0, "char_missed": 17, "char_overlapped": 0, "char_false_positive": 0, "e2e_correct_num_recall": 0.0, "e2e_correct_num_precision": 0.0, "chars_recog": 0, "e2e_char_missed": 17.0, "e2e_char_false_positive": 0.0, "e2e_recog_score_chars": 0, "e2e_recog_score_correct_num": 0.0}, "Detection": {"precision": 0.0, "recall": 0.0, "hmean": 0}, "pairs": [], "detectionMat": [[0.0, 0.0], [0.0, 0.0], [0.0, 0.0], [0.0, 0.0], [0.0, 0.0], [0.0, 0.0]], "precisionMat": [[], [], [], []], "gtPolPoints": [[264.0, 165.0, 381.0, 189.0, 380.0, 207.0, 262.0, 183.0], [595.0, 216.0, 623.0, 210.0, 623.0, 352.0, 595.0, 358.0], [959.0, 286.0, 1113.0, 263.0, 1116.0, 285.0, 963.0, 308.0], [800.0, 331.0, 860.0, 328.0, 861.0, 354.0, 801.0, 358.0]], "detPolPoints": [], "gtCharPoints": [[[267.8958333333333, 175.0], [277.6875, 177.0], [287.47916666666663, 179.0], [297.2708333333333, 181.0], [307.0625, 183.0], [316.85416666666663, 185.0], [326.6458333333333, 187.0], [336.4375, 189.0], [346.22916666666663, 191.0], [356.0208333333333, 193.0], [365.8125, 195.0], [375.60416666666663, 197.0]], [[609.0, 340.8], [609.0, 312.40000000000003], [609.0, 284.0], [609.0, 255.60000000000002], [609.0, 227.20000000000002]], [[971.9642857142857, 295.35714285714283], [993.8928571428571, 292.07142857142856], [1015.8214285714286, 288.7857142857143], [1037.75, 285.5], [1059.6785714285713, 282.21428571428567], [1081.607142857143, 278.9285714285714], [1103.5357142857142, 275.6428571428571]], [[810.5, 343.9166666666667], [830.5, 342.75], [850.5, 341.58333333333337]]], "gtCharCounts": [0.0, 0.0, 0.0, 0.0], "gtDontCare": [2, 3], "detDontCare": [], "evaluationParams": {"GT_PATH": "gt/gt_IC15.zip", "SUBMIT_PATH": "result/result_paddleOCR_IC15.zip", "OUTPUT_PATH": "output/", "PORT": 8080, "BOX_TYPE": "QUAD", "TRANSCRIPTION": true, "CONFIDENCES": false, "CRLF": false, "E2E": true, "CASE_SENSITIVE": true, "RS": true, "AREA_PRECISION_CONSTRAINT": 0.5, "GRANULARITY_PENALTY_WEIGHT": 1.0, "VERTICAL_ASPECT_RATIO_THRES": 2.0, "NUM_WORKERS": 2, "GT_SAMPLE_NAME_2_ID": "([0-9]+)", "DET_SAMPLE_NAME_2_ID": "([0-9]+)", "PER_SAMPLE_RESULTS": true}, "evaluationLog": "GT polygons: 4 (2 don't care) \nDET polygons: 0\n\nFind one-to-one matches\nFind one-to-many matches\nFind many-to-one matches\n<b>Detection | PRECISION\n</b><b>Detection | RECALL\n</b><b># of false positive chars\n</b>0\n=================================\n<b>End-to-End | Recall\n</b><b>End-to-End | Precision\n</b>", "EndtoEnd": {"precision": 0.0, "recall": 0.0, "hmean": 0, "recognition_score": 0.0}, "end2endMat": [[0.0, 0.0], [0.0, 0.0], [0.0, 0.0], [0.0, 0.0], [0.0, 0.0], [0.0, 0.0]], "gtTrans": ["313@somerset", "OLATE", "#######", "###"], "detTrans": [], "gtQuery": ["313@somerset", "OLATE", "#######", "###"], "detQuery": []}