{"Rawdata": {"det_correct_num_recall": 0.0, "det_correct_num_precision": 0.0, "chars_gt": 5, "chars_det": 0, "num_splitted": 0, "num_merged": 0, "num_false_positive": 0, "char_missed": 5, "char_overlapped": 0, "char_false_positive": 0, "e2e_correct_num_recall": 0.0, "e2e_correct_num_precision": 0.0, "chars_recog": 0, "e2e_char_missed": 5.0, "e2e_char_false_positive": 0.0, "e2e_recog_score_chars": 0, "e2e_recog_score_correct_num": 0.0}, "Detection": {"precision": 0.0, "recall": 0.0, "hmean": 0}, "pairs": [], "detectionMat": [[0.0, 0.0], [0.0, 0.0], [0.0, 0.0], [0.0, 0.0]], "precisionMat": [[], []], "gtPolPoints": [[1018.0, 316.0, 1047.0, 315.0, 1047.0, 338.0, 1018.0, 337.0], [1046.0, 310.0, 1112.0, 314.0, 1113.0, 339.0, 1045.0, 338.0]], "detPolPoints": [], "gtCharPoints": [[[1025.25, 326.5], [1039.75, 326.5]], [[1052.2, 324.25], [1065.6000000000001, 324.75], [1079.0, 325.25], [1092.4, 325.75], [1105.8, 326.25]]], "gtCharCounts": [0.0, 0.0], "gtDontCare": [0], "detDontCare": [], "evaluationParams": {"GT_PATH": "gt/gt_IC15.zip", "SUBMIT_PATH": "result/result_paddleOCR_IC15.zip", "OUTPUT_PATH": "output/", "PORT": 8080, "BOX_TYPE": "QUAD", "TRANSCRIPTION": true, "CONFIDENCES": false, "CRLF": false, "E2E": true, "CASE_SENSITIVE": true, "RS": true, "AREA_PRECISION_CONSTRAINT": 0.5, "GRANULARITY_PENALTY_WEIGHT": 1.0, "VERTICAL_ASPECT_RATIO_THRES": 2.0, "NUM_WORKERS": 2, "GT_SAMPLE_NAME_2_ID": "([0-9]+)", "DET_SAMPLE_NAME_2_ID": "([0-9]+)", "PER_SAMPLE_RESULTS": true}, "evaluationLog": "GT polygons: 2 (1 don't care) \nDET polygons: 0\n\nFind one-to-one matches\nFind one-to-many matches\nFind many-to-one matches\n<b>Detection | PRECISION\n</b><b>Detection | RECALL\n</b><b># of false positive chars\n</b>0\n=================================\n<b>End-to-End | Recall\n</b><b>End-to-End | Precision\n</b>", "EndtoEnd": {"precision": 0.0, "recall": 0.0, "hmean": 0, "recognition_score": 0.0}, "end2endMat": [[0.0, 0.0], [0.0, 0.0], [0.0, 0.0], [0.0, 0.0]], "gtTrans": ["##", "HOUSE"], "detTrans": [], "gtQuery": ["##", "HOUSE"], "detQuery": []}