{"Rawdata": {"det_correct_num_recall": 0.0, "det_correct_num_precision": 0.0, "chars_gt": 34, "chars_det": 0, "num_splitted": 0, "num_merged": 0, "num_false_positive": 0, "char_missed": 34, "char_overlapped": 0, "char_false_positive": 0, "e2e_correct_num_recall": 0.0, "e2e_correct_num_precision": 0.0, "chars_recog": 0, "e2e_char_missed": 34.0, "e2e_char_false_positive": 0.0, "e2e_recog_score_chars": 0, "e2e_recog_score_correct_num": 0.0}, "Detection": {"precision": 0.0, "recall": 0.0, "hmean": 0}, "pairs": [], "detectionMat": [[0.0, 0.0], [0.0, 0.0], [0.0, 0.0], [0.0, 0.0], [0.0, 0.0], [0.0, 0.0], [0.0, 0.0], [0.0, 0.0], [0.0, 0.0], [0.0, 0.0], [0.0, 0.0], [0.0, 0.0], [0.0, 0.0], [0.0, 0.0], [0.0, 0.0], [0.0, 0.0]], "precisionMat": [[], [], [], [], [], [], [], [], [], [], [], [], [], []], "gtPolPoints": [[561.0, 172.0, 589.0, 172.0, 590.0, 200.0, 561.0, 200.0], [380.0, 93.0, 459.0, 97.0, 458.0, 120.0, 379.0, 117.0], [163.0, 150.0, 194.0, 148.0, 194.0, 173.0, 162.0, 174.0], [192.0, 138.0, 256.0, 146.0, 258.0, 194.0, 194.0, 186.0], [164.0, 181.0, 214.0, 179.0, 215.0, 198.0, 166.0, 201.0], [459.0, 99.0, 503.0, 100.0, 503.0, 120.0, 459.0, 119.0], [165.0, 196.0, 257.0, 191.0, 259.0, 224.0, 167.0, 230.0], [379.0, 256.0, 392.0, 257.0, 391.0, 275.0, 378.0, 274.0], [729.0, 109.0, 782.0, 111.0, 780.0, 136.0, 728.0, 134.0], [635.0, 159.0, 661.0, 158.0, 662.0, 172.0, 635.0, 173.0], [133.0, 658.0, 204.0, 636.0, 206.0, 657.0, 135.0, 679.0], [463.0, 609.0, 572.0, 570.0, 574.0, 586.0, 464.0, 624.0], [784.0, 124.0, 825.0, 124.0, 824.0, 135.0, 783.0, 135.0], [1004.0, 130.0, 1027.0, 131.0, 1025.0, 146.0, 1002.0, 145.0]], "detPolPoints": [], "gtCharPoints": [[[568.125, 186.0], [582.375, 186.0]], [[385.14285714285717, 105.25], [396.42857142857144, 105.75], [407.7142857142857, 106.25], [419.0, 106.75], [430.28571428571433, 107.25], [441.5714285714286, 107.75], [452.8571428571429, 108.25]], [[167.75, 161.75], [178.25, 161.25], [188.75, 160.75]], [[203.66666666666666, 163.33333333333334], [225.0, 166.0], [246.33333333333331, 168.66666666666669]], [[169.95, 190.75], [179.85, 190.25], [189.75, 189.75], [199.64999999999998, 189.25], [209.54999999999998, 188.75]], [[463.4, 109.1], [472.2, 109.3], [481.0, 109.5], [489.79999999999995, 109.69999999999999], [498.59999999999997, 109.89999999999999]], [[177.5, 212.3125], [200.5, 210.9375], [223.5, 209.5625], [246.5, 208.1875]], [[381.75, 265.25], [388.25, 265.75]], [[737.25, 121.83333333333333], [754.75, 122.5], [772.25, 123.16666666666666]], [[641.625, 165.75], [654.875, 165.25]], [[142.875, 665.75], [160.625, 660.25], [178.375, 654.75], [196.125, 649.25]], [[470.34375, 614.09375], [484.03125, 609.28125], [497.71875, 604.46875], [511.40625, 599.65625], [525.09375, 594.84375], [538.78125, 590.03125], [552.46875, 585.21875], [566.15625, 580.40625]], [[788.625, 129.5], [798.875, 129.5], [809.125, 129.5], [819.375, 129.5]], [[1008.75, 137.75], [1020.25, 138.25]]], "gtCharCounts": [0.0, 0.0, 0.0, 0.0, 0.0, 0.0, 0.0, 0.0, 0.0, 0.0, 0.0, 0.0, 0.0, 0.0], "gtDontCare": [0, 7, 9, 11, 12, 13], "detDontCare": [], "evaluationParams": {"GT_PATH": "gt/gt_IC15.zip", "SUBMIT_PATH": "result/result_paddleOCR_IC15.zip", "OUTPUT_PATH": "output/", "PORT": 8080, "BOX_TYPE": "QUAD", "TRANSCRIPTION": true, "CONFIDENCES": false, "CRLF": false, "E2E": true, "CASE_SENSITIVE": true, "RS": true, "AREA_PRECISION_CONSTRAINT": 0.5, "GRANULARITY_PENALTY_WEIGHT": 1.0, "VERTICAL_ASPECT_RATIO_THRES": 2.0, "NUM_WORKERS": 2, "GT_SAMPLE_NAME_2_ID": "([0-9]+)", "DET_SAMPLE_NAME_2_ID": "([0-9]+)", "PER_SAMPLE_RESULTS": true}, "evaluationLog": "GT polygons: 14 (6 don't care) \nDET polygons: 0\n\nFind one-to-one matches\nFind one-to-many matches\nFind many-to-one matches\n<b>Detection | PRECISION\n</b><b>Detection | RECALL\n</b><b># of false positive chars\n</b>0\n=================================\n<b>End-to-End | Recall\n</b><b>End-to-End | Precision\n</b>", "EndtoEnd": {"precision": 0.0, "recall": 0.0, "hmean": 0, "recognition_score": 0.0}, "end2endMat": [[0.0, 0.0], [0.0, 0.0], [0.0, 0.0], [0.0, 0.0], [0.0, 0.0], [0.0, 0.0], [0.0, 0.0], [0.0, 0.0], [0.0, 0.0], [0.0, 0.0], [0.0, 0.0], [0.0, 0.0], [0.0, 0.0], [0.0, 0.0], [0.0, 0.0], [0.0, 0.0]], "gtTrans": ["##", "pumpkin", "the", "big", "Patch", "patch", "sale", "##", "FOX", "##", "ZONY", "########", "####", "##"], "detTrans": [], "gtQuery": ["##", "pumpkin", "the", "big", "Patch", "patch", "sale", "##", "FOX", "##", "ZONY", "########", "####", "##"], "detQuery": []}