{"Rawdata": {"det_correct_num_recall": 0.0, "det_correct_num_precision": 0.0, "chars_gt": 10, "chars_det": 0, "num_splitted": 0, "num_merged": 0, "num_false_positive": 0, "char_missed": 10, "char_overlapped": 0, "char_false_positive": 0, "e2e_correct_num_recall": 0.0, "e2e_correct_num_precision": 0.0, "chars_recog": 0, "e2e_char_missed": 10.0, "e2e_char_false_positive": 0.0, "e2e_recog_score_chars": 0, "e2e_recog_score_correct_num": 0.0}, "Detection": {"precision": 0.0, "recall": 0.0, "hmean": 0}, "pairs": [], "detectionMat": [[0.0, 0.0], [0.0, 0.0], [0.0, 0.0], [0.0, 0.0], [0.0, 0.0], [0.0, 0.0], [0.0, 0.0], [0.0, 0.0], [0.0, 0.0], [0.0, 0.0], [0.0, 0.0], [0.0, 0.0]], "precisionMat": [[], [], [], [], [], [], [], [], [], []], "gtPolPoints": [[253.0, 327.0, 302.0, 330.0, 301.0, 351.0, 252.0, 348.0], [356.0, 295.0, 388.0, 293.0, 387.0, 337.0, 356.0, 333.0], [168.0, 163.0, 203.0, 165.0, 201.0, 180.0, 168.0, 176.0], [413.0, 208.0, 461.0, 207.0, 461.0, 221.0, 412.0, 220.0], [972.0, 145.0, 1050.0, 148.0, 1052.0, 170.0, 973.0, 163.0], [202.0, 460.0, 248.0, 456.0, 250.0, 485.0, 195.0, 493.0], [717.0, 157.0, 747.0, 143.0, 751.0, 165.0, 721.0, 175.0], [577.0, 200.0, 616.0, 200.0, 617.0, 210.0, 580.0, 211.0], [170.0, 139.0, 188.0, 142.0, 189.0, 162.0, 171.0, 160.0], [4.0, 197.0, 43.0, 201.0, 43.0, 211.0, 4.0, 209.0]], "detPolPoints": [], "gtCharPoints": [[[258.625, 337.875], [270.875, 338.625], [283.125, 339.375], [295.375, 340.125]], [[363.875, 314.25], [379.625, 314.75]], [[173.66666666666666, 170.0], [185.0, 171.0], [196.33333333333331, 172.0]], [[416.5416666666667, 214.0], [424.625, 214.0], [432.70833333333337, 214.0], [440.7916666666667, 214.0], [448.875, 214.0], [456.95833333333337, 214.0]], [[982.3125, 154.625], [1001.9375, 155.875], [1021.5625, 157.125], [1041.1875, 158.375]], [[211.125, 475.0], [236.375, 472.0]], [[726.5, 163.0], [741.5, 157.0]], [[583.25, 205.4375], [592.75, 205.3125], [602.25, 205.1875], [611.75, 205.0625]], [[175.0, 150.125], [184.0, 151.375]], [[8.875, 203.375], [18.625, 204.125], [28.375, 204.875], [38.125, 205.625]]], "gtCharCounts": [0.0, 0.0, 0.0, 0.0, 0.0, 0.0, 0.0, 0.0, 0.0, 0.0], "gtDontCare": [1, 2, 4, 5, 6, 7, 8, 9], "detDontCare": [], "evaluationParams": {"GT_PATH": "gt/gt_IC15.zip", "SUBMIT_PATH": "result/result_paddleOCR_IC15.zip", "OUTPUT_PATH": "output/", "PORT": 8080, "BOX_TYPE": "QUAD", "TRANSCRIPTION": true, "CONFIDENCES": false, "CRLF": false, "E2E": true, "CASE_SENSITIVE": true, "RS": true, "AREA_PRECISION_CONSTRAINT": 0.5, "GRANULARITY_PENALTY_WEIGHT": 1.0, "VERTICAL_ASPECT_RATIO_THRES": 2.0, "NUM_WORKERS": 2, "GT_SAMPLE_NAME_2_ID": "([0-9]+)", "DET_SAMPLE_NAME_2_ID": "([0-9]+)", "PER_SAMPLE_RESULTS": true}, "evaluationLog": "GT polygons: 10 (8 don't care) \nDET polygons: 0\n\nFind one-to-one matches\nFind one-to-many matches\nFind many-to-one matches\n<b>Detection | PRECISION\n</b><b>Detection | RECALL\n</b><b># of false positive chars\n</b>0\n=================================\n<b>End-to-End | Recall\n</b><b>End-to-End | Precision\n</b>", "EndtoEnd": {"precision": 0.0, "recall": 0.0, "hmean": 0, "recognition_score": 0.0}, "end2endMat": [[0.0, 0.0], [0.0, 0.0], [0.0, 0.0], [0.0, 0.0], [0.0, 0.0], [0.0, 0.0], [0.0, 0.0], [0.0, 0.0], [0.0, 0.0], [0.0, 0.0], [0.0, 0.0], [0.0, 0.0]], "gtTrans": ["EXIT", "##", "###", "swatch", "####", "##", "##", "####", "##", "####"], "detTrans": [], "gtQuery": ["EXIT", "##", "###", "swatch", "####", "##", "##", "####", "##", "####"], "detQuery": []}