{"Rawdata": {"det_correct_num_recall": 0.0, "det_correct_num_precision": 0.0, "chars_gt": 10, "chars_det": 0, "num_splitted": 0, "num_merged": 0, "num_false_positive": 0, "char_missed": 10, "char_overlapped": 0, "char_false_positive": 0, "e2e_correct_num_recall": 0.0, "e2e_correct_num_precision": 0.0, "chars_recog": 0, "e2e_char_missed": 10.0, "e2e_char_false_positive": 0.0, "e2e_recog_score_chars": 0, "e2e_recog_score_correct_num": 0.0}, "Detection": {"precision": 0.0, "recall": 0.0, "hmean": 0}, "pairs": [], "detectionMat": [[0.0, 0.0], [0.0, 0.0], [0.0, 0.0], [0.0, 0.0], [0.0, 0.0], [0.0, 0.0], [0.0, 0.0], [0.0, 0.0], [0.0, 0.0]], "precisionMat": [[], [], [], [], [], [], []], "gtPolPoints": [[344.0, 58.0, 445.0, 61.0, 446.0, 83.0, 354.0, 88.0], [660.0, 51.0, 745.0, 47.0, 742.0, 70.0, 661.0, 72.0], [1214.0, 77.0, 1272.0, 72.0, 1271.0, 85.0, 1212.0, 90.0], [678.0, 145.0, 704.0, 141.0, 705.0, 153.0, 679.0, 156.0], [704.0, 139.0, 736.0, 137.0, 737.0, 151.0, 705.0, 154.0], [374.0, 162.0, 402.0, 160.0, 402.0, 172.0, 374.0, 174.0], [402.0, 159.0, 438.0, 157.0, 440.0, 170.0, 404.0, 173.0]], "detPolPoints": [], "gtCharPoints": [[[358.65, 72.9], [377.95, 72.7], [397.25, 72.5], [416.54999999999995, 72.30000000000001], [435.84999999999997, 72.10000000000001]], [[668.8, 61.2], [685.4, 60.6], [702.0, 60.0], [718.5999999999999, 59.400000000000006], [735.1999999999999, 58.800000000000004]], [[1218.85, 83.0], [1230.55, 82.0], [1242.25, 81.0], [1253.9499999999998, 80.0], [1265.6499999999999, 79.0]], [[682.8333333333334, 149.91666666666666], [691.5, 148.75], [700.1666666666667, 147.58333333333331]], [[709.8333333333334, 146.08333333333334], [720.5, 145.25], [731.1666666666667, 144.41666666666669]], [[378.6666666666667, 167.66666666666666], [388.0, 167.0], [397.33333333333337, 166.33333333333331]], [[409.0, 165.58333333333334], [421.0, 164.75], [433.0, 163.91666666666669]]], "gtCharCounts": [0.0, 0.0, 0.0, 0.0, 0.0, 0.0, 0.0], "gtDontCare": [2, 3, 4, 5, 6], "detDontCare": [], "evaluationParams": {"GT_PATH": "gt/gt_IC15.zip", "SUBMIT_PATH": "result/result_paddleOCR_IC15.zip", "OUTPUT_PATH": "output/", "PORT": 8080, "BOX_TYPE": "QUAD", "TRANSCRIPTION": true, "CONFIDENCES": false, "CRLF": false, "E2E": true, "CASE_SENSITIVE": true, "RS": true, "AREA_PRECISION_CONSTRAINT": 0.5, "GRANULARITY_PENALTY_WEIGHT": 1.0, "VERTICAL_ASPECT_RATIO_THRES": 2.0, "NUM_WORKERS": 2, "GT_SAMPLE_NAME_2_ID": "([0-9]+)", "DET_SAMPLE_NAME_2_ID": "([0-9]+)", "PER_SAMPLE_RESULTS": true}, "evaluationLog": "GT polygons: 7 (5 don't care) \nDET polygons: 0\n\nFind one-to-one matches\nFind one-to-many matches\nFind many-to-one matches\n<b>Detection | PRECISION\n</b><b>Detection | RECALL\n</b><b># of false positive chars\n</b>0\n=================================\n<b>End-to-End | Recall\n</b><b>End-to-End | Precision\n</b>", "EndtoEnd": {"precision": 0.0, "recall": 0.0, "hmean": 0, "recognition_score": 0.0}, "end2endMat": [[0.0, 0.0], [0.0, 0.0], [0.0, 0.0], [0.0, 0.0], [0.0, 0.0], [0.0, 0.0], [0.0, 0.0], [0.0, 0.0], [0.0, 0.0]], "gtTrans": ["OMEGA", "OMEGA", "#####", "###", "###", "###", "###"], "detTrans": [], "gtQuery": ["OMEGA", "OMEGA", "#####", "###", "###", "###", "###"], "detQuery": []}