{"Rawdata": {"det_correct_num_recall": 0.0, "det_correct_num_precision": 0.0, "chars_gt": 5, "chars_det": 0, "num_splitted": 0, "num_merged": 0, "num_false_positive": 0, "char_missed": 5, "char_overlapped": 0, "char_false_positive": 0, "e2e_correct_num_recall": 0.0, "e2e_correct_num_precision": 0.0, "chars_recog": 0, "e2e_char_missed": 5.0, "e2e_char_false_positive": 0.0, "e2e_recog_score_chars": 0, "e2e_recog_score_correct_num": 0.0}, "Detection": {"precision": 0.0, "recall": 0.0, "hmean": 0}, "pairs": [], "detectionMat": [[0.0, 0.0], [0.0, 0.0], [0.0, 0.0], [0.0, 0.0], [0.0, 0.0], [0.0, 0.0]], "precisionMat": [[], [], [], []], "gtPolPoints": [[120.0, 16.0, 138.0, 15.0, 146.0, 94.0, 127.0, 95.0], [266.0, 583.0, 315.0, 506.0, 321.0, 529.0, 272.0, 605.0], [271.0, 613.0, 307.0, 564.0, 311.0, 588.0, 275.0, 636.0], [277.0, 643.0, 310.0, 591.0, 315.0, 615.0, 282.0, 666.0]], "detPolPoints": [], "gtCharPoints": [[[135.75, 86.6], [134.25, 70.8], [132.75, 54.99999999999999], [131.25, 39.19999999999999], [129.75, 23.39999999999999]], [[275.125, 584.4375], [287.375, 565.3125], [299.625, 546.1875], [311.875, 527.0625]], [[279.0, 616.4166666666666], [291.0, 600.25], [303.0, 584.0833333333333]], [[285.0, 645.9166666666666], [296.0, 628.75], [307.0, 611.5833333333333]]], "gtCharCounts": [0.0, 0.0, 0.0, 0.0], "gtDontCare": [1, 2, 3], "detDontCare": [], "evaluationParams": {"GT_PATH": "gt/gt_IC15.zip", "SUBMIT_PATH": "result/result_paddleOCR_IC15.zip", "OUTPUT_PATH": "output/", "PORT": 8080, "BOX_TYPE": "QUAD", "TRANSCRIPTION": true, "CONFIDENCES": false, "CRLF": false, "E2E": true, "CASE_SENSITIVE": true, "RS": true, "AREA_PRECISION_CONSTRAINT": 0.5, "GRANULARITY_PENALTY_WEIGHT": 1.0, "VERTICAL_ASPECT_RATIO_THRES": 2.0, "NUM_WORKERS": 2, "GT_SAMPLE_NAME_2_ID": "([0-9]+)", "DET_SAMPLE_NAME_2_ID": "([0-9]+)", "PER_SAMPLE_RESULTS": true}, "evaluationLog": "GT polygons: 4 (3 don't care) \nDET polygons: 0\n\nFind one-to-one matches\nFind one-to-many matches\nFind many-to-one matches\n<b>Detection | PRECISION\n</b><b>Detection | RECALL\n</b><b># of false positive chars\n</b>0\n=================================\n<b>End-to-End | Recall\n</b><b>End-to-End | Precision\n</b>", "EndtoEnd": {"precision": 0.0, "recall": 0.0, "hmean": 0, "recognition_score": 0.0}, "end2endMat": [[0.0, 0.0], [0.0, 0.0], [0.0, 0.0], [0.0, 0.0], [0.0, 0.0], [0.0, 0.0]], "gtTrans": ["TOKYO", "####", "###", "###"], "detTrans": [], "gtQuery": ["TOKYO", "####", "###", "###"], "detQuery": []}