{"Rawdata": {"det_correct_num_recall": 0.0, "det_correct_num_precision": 0.0, "chars_gt": 8, "chars_det": 0, "num_splitted": 0, "num_merged": 0, "num_false_positive": 0, "char_missed": 8, "char_overlapped": 0, "char_false_positive": 0, "e2e_correct_num_recall": 0.0, "e2e_correct_num_precision": 0.0, "chars_recog": 0, "e2e_char_missed": 8.0, "e2e_char_false_positive": 0.0, "e2e_recog_score_chars": 0, "e2e_recog_score_correct_num": 0.0}, "Detection": {"precision": 0.0, "recall": 0.0, "hmean": 0}, "pairs": [], "detectionMat": [[0.0, 0.0], [0.0, 0.0], [0.0, 0.0], [0.0, 0.0], [0.0, 0.0], [0.0, 0.0]], "precisionMat": [[], [], [], []], "gtPolPoints": [[30.0, 218.0, 108.0, 220.0, 106.0, 515.0, 21.0, 525.0], [71.0, 172.0, 86.0, 175.0, 85.0, 193.0, 71.0, 189.0], [930.0, 151.0, 996.0, 144.0, 997.0, 167.0, 931.0, 174.0], [926.0, 174.0, 1044.0, 160.0, 1048.0, 187.0, 931.0, 202.0]], "detPolPoints": [], "gtCharPoints": [[[63.84375, 501.1875], [64.53125, 463.5625], [65.21875, 425.9375], [65.90625, 388.3125], [66.59375, 350.6875], [67.28125, 313.0625], [67.96875, 275.4375], [68.65625, 237.8125]], [[74.625, 181.375], [81.875, 183.125]], [[941.5, 161.33333333333334], [963.5, 159.0], [985.5, 156.66666666666669]], [[940.25, 186.55], [963.75, 183.65], [987.25, 180.75], [1010.75, 177.85000000000002], [1034.25, 174.95000000000002]]], "gtCharCounts": [0.0, 0.0, 0.0, 0.0], "gtDontCare": [1, 2, 3], "detDontCare": [], "evaluationParams": {"GT_PATH": "gt/gt_IC15.zip", "SUBMIT_PATH": "result/result_paddleOCR_IC15.zip", "OUTPUT_PATH": "output/", "PORT": 8080, "BOX_TYPE": "QUAD", "TRANSCRIPTION": true, "CONFIDENCES": false, "CRLF": false, "E2E": true, "CASE_SENSITIVE": true, "RS": true, "AREA_PRECISION_CONSTRAINT": 0.5, "GRANULARITY_PENALTY_WEIGHT": 1.0, "VERTICAL_ASPECT_RATIO_THRES": 2.0, "NUM_WORKERS": 2, "GT_SAMPLE_NAME_2_ID": "([0-9]+)", "DET_SAMPLE_NAME_2_ID": "([0-9]+)", "PER_SAMPLE_RESULTS": true}, "evaluationLog": "GT polygons: 4 (3 don't care) \nDET polygons: 0\n\nFind one-to-one matches\nFind one-to-many matches\nFind many-to-one matches\n<b>Detection | PRECISION\n</b><b>Detection | RECALL\n</b><b># of false positive chars\n</b>0\n=================================\n<b>End-to-End | Recall\n</b><b>End-to-End | Precision\n</b>", "EndtoEnd": {"precision": 0.0, "recall": 0.0, "hmean": 0, "recognition_score": 0.0}, "end2endMat": [[0.0, 0.0], [0.0, 0.0], [0.0, 0.0], [0.0, 0.0], [0.0, 0.0], [0.0, 0.0]], "gtTrans": ["guardian", "##", "###", "#####"], "detTrans": [], "gtQuery": ["guardian", "##", "###", "#####"], "detQuery": []}