{"Rawdata": {"det_correct_num_recall": 8.0, "det_correct_num_precision": 7.0, "chars_gt": 8, "chars_det": 8.0, "num_splitted": 0, "num_merged": 1, "num_false_positive": 0, "char_missed": 0, "char_overlapped": 0, "char_false_positive": 0, "e2e_correct_num_recall": 6.0, "e2e_correct_num_precision": 5.0, "chars_recog": 17, "e2e_char_missed": 2.0, "e2e_char_false_positive": 11.0, "e2e_recog_score_chars": 17, "e2e_recog_score_correct_num": 6.0}, "Detection": {"precision": 0.875, "recall": 1.0, "hmean": 0.9333333333333333}, "pairs": [{"gt": [0, 1], "det": [0], "type": "MO"}], "detectionMat": [[4.0, 4.0, 0.0], [4.0, 4.0, 0.0], [0.0, 0.0, 0.0], [0.0, 0.0, 0.0], [0.0, 0.0, 0.0], [8.0, 0.0, 0.0], [1.0, 0.0, 0.0]], "precisionMat": [[0.44503547736223215], [0.4129119719671351], [0.0], [0.0], [0.0]], "gtPolPoints": [[479.0, 174.0, 533.0, 163.0, 536.0, 198.0, 481.0, 210.0], [532.0, 166.0, 589.0, 150.0, 589.0, 180.0, 532.0, 196.0], [106.0, 271.0, 145.0, 273.0, 143.0, 289.0, 105.0, 286.0], [105.0, 288.0, 153.0, 288.0, 153.0, 299.0, 104.0, 299.0], [110.0, 383.0, 146.0, 376.0, 145.0, 390.0, 109.0, 397.0]], "detPolPoints": [[470.0, 175.0, 586.0, 147.0, 594.0, 180.0, 479.0, 209.0]], "gtCharPoints": [[[486.8125, 190.5625], [500.4375, 187.6875], [514.0625, 184.8125], [527.6875, 181.9375]], [[539.125, 179.0], [553.375, 175.0], [567.625, 171.0], [581.875, 167.0]], [[111.91666666666667, 278.9166666666667], [124.75, 279.75], [137.58333333333334, 280.58333333333337]], [[109.35, 293.5], [119.05, 293.5], [128.75, 293.5], [138.45, 293.5], [148.14999999999998, 293.5]], [[115.5, 388.8333333333333], [127.5, 386.5], [139.5, 384.16666666666663]]], "gtCharCounts": [[1.0, 1.0, 1.0, 1.0], [1.0, 1.0, 1.0, 1.0], [0.0, 0.0, 0.0], [0.0, 0.0, 0.0, 0.0, 0.0], [0.0, 0.0, 0.0]], "gtDontCare": [2, 3, 4], "detDontCare": [], "evaluationParams": {"GT_PATH": "gt/gt_IC15.zip", "SUBMIT_PATH": "result/result_paddleOCR_IC15.zip", "OUTPUT_PATH": "output/", "PORT": 8080, "BOX_TYPE": "QUAD", "TRANSCRIPTION": true, "CONFIDENCES": false, "CRLF": false, "E2E": true, "CASE_SENSITIVE": true, "RS": true, "AREA_PRECISION_CONSTRAINT": 0.5, "GRANULARITY_PENALTY_WEIGHT": 1.0, "VERTICAL_ASPECT_RATIO_THRES": 2.0, "NUM_WORKERS": 2, "GT_SAMPLE_NAME_2_ID": "([0-9]+)", "DET_SAMPLE_NAME_2_ID": "([0-9]+)", "PER_SAMPLE_RESULTS": true}, "evaluationLog": "GT polygons: 5 (3 don't care) \nDET polygons: 1\n\nFind one-to-one matches\nFind one-to-many matches\nFind many-to-one matches\nMatch GT #[0, 1] with Det #0\n<b>Detection | PRECISION\n</b><b>Detection | RECALL\n</b><b># of false positive chars\n</b>0\n=================================\n<b>End-to-End | Recall\n</b><b>End-to-End | Precision\n</b>", "EndtoEnd": {"precision": 0.29411764705882354, "recall": 0.75, "hmean": 0.42253521126760557, "recognition_score": 0.35294117647058826}, "end2endMat": [[0.0, 3.0, 0.0], [0.0, 3.0, 0.0], [0.0, 0.0, 0.0], [0.0, 0.0, 0.0], [0.0, 0.0, 0.0], [6.0, 0.0, 0.0], [1.0, 0.0, 0.0]], "gtTrans": ["GAIN", "CITY", "###", "#####", "###"], "detTrans": ["GANCITY,0.8881871"], "gtQuery": ["GAIN", "CITY", "###", "#####", "###"], "detQuery": ["GANCITY,0.8881871"]}