{"Rawdata": {"det_correct_num_recall": 6.0, "det_correct_num_precision": 6.0, "chars_gt": 10, "chars_det": 10.0, "num_splitted": 0, "num_merged": 0, "num_false_positive": 1, "char_missed": 4, "char_overlapped": 0, "char_false_positive": 4, "e2e_correct_num_recall": 6.0, "e2e_correct_num_precision": 6.0, "chars_recog": 34, "e2e_char_missed": 4.0, "e2e_char_false_positive": 28.0, "e2e_recog_score_chars": 16, "e2e_recog_score_correct_num": 6.0}, "Detection": {"precision": 0.6, "recall": 0.6, "hmean": 0.6}, "pairs": [{"gt": [2], "det": [0], "type": "OO"}], "detectionMat": [[0.0, 0.0, 0.0, 0.0], [0.0, 0.0, 0.0, 0.0], [6.0, 0.0, 6.0, 0.0], [6.0, 0.0, 0.0, 0.0], [0.0, 0.0, 0.0, 0.0]], "precisionMat": [[0.0, 0.4919011484965414], [0.0, 0.2899240551009254], [0.9970058582233371, 0.0]], "gtPolPoints": [[213.0, 132.0, 263.0, 146.0, 262.0, 175.0, 212.0, 161.0], [266.0, 151.0, 306.0, 158.0, 302.0, 181.0, 262.0, 173.0], [842.0, 63.0, 1100.0, 27.0, 1095.0, 102.0, 837.0, 137.0]], "detPolPoints": [[843.0, 72.0, 1087.0, 27.0, 1098.0, 87.0, 854.0, 132.0], [207.0, 132.0, 304.0, 153.0, 298.0, 182.0, 201.0, 161.0]], "gtCharPoints": [[[225.0, 150.0], [250.0, 157.0]], [[269.0, 162.9375], [279.0, 164.8125], [289.0, 166.6875], [299.0, 168.5625]], [[861.0, 97.04166666666667], [904.0, 91.125], [947.0, 85.20833333333334], [990.0, 79.29166666666667], [1033.0, 73.375], [1076.0, 67.45833333333334]]], "gtCharCounts": [[0.0, 0.0], [0.0, 0.0, 0.0, 0.0], [1.0, 1.0, 1.0, 1.0, 1.0, 1.0]], "gtDontCare": [0], "detDontCare": [], "evaluationParams": {"GT_PATH": "gt/gt_IC15.zip", "SUBMIT_PATH": "result/result_paddleOCR_IC15.zip", "OUTPUT_PATH": "output/", "PORT": 8080, "BOX_TYPE": "QUAD", "TRANSCRIPTION": true, "CONFIDENCES": false, "CRLF": false, "E2E": true, "CASE_SENSITIVE": true, "RS": true, "AREA_PRECISION_CONSTRAINT": 0.5, "GRANULARITY_PENALTY_WEIGHT": 1.0, "VERTICAL_ASPECT_RATIO_THRES": 2.0, "NUM_WORKERS": 2, "GT_SAMPLE_NAME_2_ID": "([0-9]+)", "DET_SAMPLE_NAME_2_ID": "([0-9]+)", "PER_SAMPLE_RESULTS": true}, "evaluationLog": "GT polygons: 3 (1 don't care) \nDET polygons: 2\n\nFind one-to-one matches\nMatch GT #2 with Det #0\nFind one-to-many matches\nFind many-to-one matches\n<b>Detection | PRECISION\n</b><b>Detection | RECALL\n</b><b># of false positive chars\n</b>4\n=================================\n<b>End-to-End | Recall\n</b><b>End-to-End | Precision\n</b>", "EndtoEnd": {"precision": 0.17647058823529413, "recall": 0.6, "hmean": 0.2727272727272727, "recognition_score": 0.375}, "end2endMat": [[0.0, 0.0, 0.0, 0.0], [0.0, 0.0, 0.0, 0.0], [0.0, 0.0, 6.0, 0.0], [6.0, 0.0, 0.0, 0.0], [0.0, 0.0, 0.0, 0.0]], "gtTrans": ["##", "CITY", "SUBWAY"], "detTrans": ["SUBWAY,0.9799252", "CAINGITY,0.9214399"], "gtQuery": ["##", "CITY", "SUBWAY"], "detQuery": ["SUBWAY,0.9799252", "CAINGITY,0.9214399"]}