{"Rawdata": {"det_correct_num_recall": 7.0, "det_correct_num_precision": 7.0, "chars_gt": 20, "chars_det": 7.0, "num_splitted": 0, "num_merged": 0, "num_false_positive": 0, "char_missed": 13, "char_overlapped": 0, "char_false_positive": 0, "e2e_correct_num_recall": 7.0, "e2e_correct_num_precision": 7.0, "chars_recog": 17, "e2e_char_missed": 13.0, "e2e_char_false_positive": 10.0, "e2e_recog_score_chars": 17, "e2e_recog_score_correct_num": 7.0}, "Detection": {"precision": 1.0, "recall": 0.35, "hmean": 0.5185185185185185}, "pairs": [{"gt": [0], "det": [0], "type": "OO"}], "detectionMat": [[7.0, 7.0, 0.0], [0.0, 0.0, 0.0], [0.0, 0.0, 0.0], [7.0, 0.0, 0.0], [0.0, 0.0, 0.0]], "precisionMat": [[0.8927598062923776], [0.0], [0.0]], "gtPolPoints": [[1000.0, 383.0, 1150.0, 389.0, 1148.0, 414.0, 1000.0, 409.0], [1056.0, 415.0, 1086.0, 416.0, 1086.0, 424.0, 1055.0, 424.0], [1088.0, 415.0, 1146.0, 417.0, 1146.0, 426.0, 1087.0, 425.0]], "detPolPoints": [[998.0, 381.0, 1150.0, 387.0, 1149.0, 415.0, 997.0, 409.0]], "gtCharPoints": [[[1010.6428571428571, 396.39285714285717], [1031.9285714285713, 397.17857142857144], [1053.2142857142858, 397.9642857142857], [1074.5, 398.75], [1095.7857142857142, 399.53571428571433], [1117.0714285714284, 400.3214285714286], [1138.357142857143, 401.1071428571429]], [[1059.3125, 419.5625], [1066.9375, 419.6875], [1074.5625, 419.8125], [1082.1875, 419.9375]], [[1090.75, 420.0833333333333], [1097.25, 420.25], [1103.75, 420.41666666666663], [1110.25, 420.5833333333333], [1116.75, 420.75], [1123.25, 420.91666666666663], [1129.75, 421.0833333333333], [1136.25, 421.25], [1142.75, 421.41666666666663]]], "gtCharCounts": [[1.0, 1.0, 1.0, 1.0, 1.0, 1.0, 1.0], [0.0, 0.0, 0.0, 0.0], [0.0, 0.0, 0.0, 0.0, 0.0, 0.0, 0.0, 0.0, 0.0]], "gtDontCare": [], "detDontCare": [], "evaluationParams": {"GT_PATH": "gt/gt_IC15.zip", "SUBMIT_PATH": "result/result_paddleOCR_IC15.zip", "OUTPUT_PATH": "output/", "PORT": 8080, "BOX_TYPE": "QUAD", "TRANSCRIPTION": true, "CONFIDENCES": false, "CRLF": false, "E2E": true, "CASE_SENSITIVE": true, "RS": true, "AREA_PRECISION_CONSTRAINT": 0.5, "GRANULARITY_PENALTY_WEIGHT": 1.0, "VERTICAL_ASPECT_RATIO_THRES": 2.0, "NUM_WORKERS": 2, "GT_SAMPLE_NAME_2_ID": "([0-9]+)", "DET_SAMPLE_NAME_2_ID": "([0-9]+)", "PER_SAMPLE_RESULTS": true}, "evaluationLog": "GT polygons: 3 (0 don't care) \nDET polygons: 1\n\nFind one-to-one matches\nMatch GT #0 with Det #0\nFind one-to-many matches\nFind many-to-one matches\n<b>Detection | PRECISION\n</b><b>Detection | RECALL\n</b><b># of false positive chars\n</b>0\n=================================\n<b>End-to-End | Recall\n</b><b>End-to-End | Precision\n</b>", "EndtoEnd": {"precision": 0.4117647058823529, "recall": 0.35, "hmean": 0.37837837837837834, "recognition_score": 0.4117647058823529}, "end2endMat": [[0.0, 7.0, 0.0], [0.0, 0.0, 0.0], [0.0, 0.0, 0.0], [7.0, 0.0, 0.0], [0.0, 0.0, 0.0]], "gtTrans": ["PARAGON", "MAIN", "DIRECTORY"], "detTrans": ["PARAGON,0.9969645"], "gtQuery": ["PARAGON", "MAIN", "DIRECTORY"], "detQuery": ["PARAGON,0.9969645"]}