{"Rawdata": {"det_correct_num_recall": 0.0, "det_correct_num_precision": 0.0, "chars_gt": 9, "chars_det": 0, "num_splitted": 0, "num_merged": 0, "num_false_positive": 0, "char_missed": 9, "char_overlapped": 0, "char_false_positive": 0, "e2e_correct_num_recall": 0.0, "e2e_correct_num_precision": 0.0, "chars_recog": 0, "e2e_char_missed": 9.0, "e2e_char_false_positive": 0.0, "e2e_recog_score_chars": 0, "e2e_recog_score_correct_num": 0.0}, "Detection": {"precision": 0.0, "recall": 0.0, "hmean": 0}, "pairs": [], "detectionMat": [[0.0, 0.0], [0.0, 0.0], [0.0, 0.0], [0.0, 0.0], [0.0, 0.0]], "precisionMat": [[], [], []], "gtPolPoints": [[510.0, 225.0, 592.0, 232.0, 593.0, 260.0, 511.0, 251.0], [721.0, 242.0, 798.0, 253.0, 800.0, 276.0, 723.0, 266.0], [1132.0, 292.0, 1196.0, 283.0, 1198.0, 333.0, 1134.0, 342.0]], "detPolPoints": [], "gtCharPoints": [[[515.0555555555555, 238.44444444444446], [524.1666666666666, 239.33333333333334], [533.2777777777777, 240.22222222222223], [542.3888888888889, 241.11111111111111], [551.5, 242.0], [560.6111111111111, 242.8888888888889], [569.7222222222222, 243.7777777777778], [578.8333333333333, 244.66666666666669], [587.9444444444445, 245.55555555555557]], [[731.625, 255.3125], [750.875, 257.9375], [770.125, 260.5625], [789.375, 263.1875]], [[1149.0, 314.75], [1181.0, 310.25]]], "gtCharCounts": [0.0, 0.0, 0.0], "gtDontCare": [1, 2], "detDontCare": [], "evaluationParams": {"GT_PATH": "gt/gt_IC15.zip", "SUBMIT_PATH": "result/result_paddleOCR_IC15.zip", "OUTPUT_PATH": "output/", "PORT": 8080, "BOX_TYPE": "QUAD", "TRANSCRIPTION": true, "CONFIDENCES": false, "CRLF": false, "E2E": true, "CASE_SENSITIVE": true, "RS": true, "AREA_PRECISION_CONSTRAINT": 0.5, "GRANULARITY_PENALTY_WEIGHT": 1.0, "VERTICAL_ASPECT_RATIO_THRES": 2.0, "NUM_WORKERS": 2, "GT_SAMPLE_NAME_2_ID": "([0-9]+)", "DET_SAMPLE_NAME_2_ID": "([0-9]+)", "PER_SAMPLE_RESULTS": true}, "evaluationLog": "GT polygons: 3 (2 don't care) \nDET polygons: 0\n\nFind one-to-one matches\nFind one-to-many matches\nFind many-to-one matches\n<b>Detection | PRECISION\n</b><b>Detection | RECALL\n</b><b># of false positive chars\n</b>0\n=================================\n<b>End-to-End | Recall\n</b><b>End-to-End | Precision\n</b>", "EndtoEnd": {"precision": 0.0, "recall": 0.0, "hmean": 0, "recognition_score": 0.0}, "end2endMat": [[0.0, 0.0], [0.0, 0.0], [0.0, 0.0], [0.0, 0.0], [0.0, 0.0]], "gtTrans": ["BreadTalk", "####", "##"], "detTrans": [], "gtQuery": ["BreadTalk", "####", "##"], "detQuery": []}