{"Rawdata": {"det_correct_num_recall": 4.0, "det_correct_num_precision": 4.0, "chars_gt": 4, "chars_det": 4.0, "num_splitted": 0, "num_merged": 0, "num_false_positive": 0, "char_missed": 0, "char_overlapped": 0, "char_false_positive": 0, "e2e_correct_num_recall": 4.0, "e2e_correct_num_precision": 4.0, "chars_recog": 16, "e2e_char_missed": 0.0, "e2e_char_false_positive": 12.0, "e2e_recog_score_chars": 16, "e2e_recog_score_correct_num": 4.0}, "Detection": {"precision": 1.0, "recall": 1.0, "hmean": 1.0}, "pairs": [{"gt": [0], "det": [0], "type": "OO"}], "detectionMat": [[4.0, 4.0, 0.0], [0.0, 0.0, 0.0], [0.0, 0.0, 0.0], [4.0, 0.0, 0.0], [0.0, 0.0, 0.0]], "precisionMat": [[0.9024690381415058], [0.0], [0.0]], "gtPolPoints": [[734.0, 46.0, 784.0, 50.0, 785.0, 74.0, 735.0, 70.0], [651.0, 296.0, 720.0, 269.0, 721.0, 297.0, 652.0, 324.0], [412.0, 330.0, 441.0, 333.0, 439.0, 400.0, 410.0, 397.0]], "detPolPoints": [[730.0, 47.0, 782.0, 51.0, 781.0, 69.0, 729.0, 66.0]], "gtCharPoints": [[[740.75, 58.5], [753.25, 59.5], [765.75, 60.5], [778.25, 61.5]], [[663.0, 305.5], [686.0, 296.5], [709.0, 287.5]], [[424.8333333333333, 387.3333333333333], [425.5, 365.0], [426.16666666666663, 342.66666666666663]]], "gtCharCounts": [[1.0, 1.0, 1.0, 1.0], [0.0, 0.0, 0.0], [0.0, 0.0, 0.0]], "gtDontCare": [1, 2], "detDontCare": [], "evaluationParams": {"GT_PATH": "gt/gt_IC15.zip", "SUBMIT_PATH": "result/result_paddleOCR_IC15.zip", "OUTPUT_PATH": "output/", "PORT": 8080, "BOX_TYPE": "QUAD", "TRANSCRIPTION": true, "CONFIDENCES": false, "CRLF": false, "E2E": true, "CASE_SENSITIVE": true, "RS": true, "AREA_PRECISION_CONSTRAINT": 0.5, "GRANULARITY_PENALTY_WEIGHT": 1.0, "VERTICAL_ASPECT_RATIO_THRES": 2.0, "NUM_WORKERS": 2, "GT_SAMPLE_NAME_2_ID": "([0-9]+)", "DET_SAMPLE_NAME_2_ID": "([0-9]+)", "PER_SAMPLE_RESULTS": true}, "evaluationLog": "GT polygons: 3 (2 don't care) \nDET polygons: 1\n\nFind one-to-one matches\nMatch GT #0 with Det #0\nFind one-to-many matches\nFind many-to-one matches\n<b>Detection | PRECISION\n</b><b>Detection | RECALL\n</b><b># of false positive chars\n</b>0\n=================================\n<b>End-to-End | Recall\n</b><b>End-to-End | Precision\n</b>", "EndtoEnd": {"precision": 0.25, "recall": 1.0, "hmean": 0.4, "recognition_score": 0.25}, "end2endMat": [[0.0, 4.0, 0.0], [0.0, 0.0, 0.0], [0.0, 0.0, 0.0], [4.0, 0.0, 0.0], [0.0, 0.0, 0.0]], "gtTrans": ["EXIT", "###", "###"], "detTrans": ["CEXIT,0.87815905"], "gtQuery": ["EXIT", "###", "###"], "detQuery": ["CEXIT,0.87815905"]}