{"Rawdata": {"det_correct_num_recall": 9.0, "det_correct_num_precision": 9.0, "chars_gt": 9, "chars_det": 9.0, "num_splitted": 0, "num_merged": 0, "num_false_positive": 0, "char_missed": 0, "char_overlapped": 0, "char_false_positive": 0, "e2e_correct_num_recall": 9.0, "e2e_correct_num_precision": 9.0, "chars_recog": 20, "e2e_char_missed": 0.0, "e2e_char_false_positive": 11.0, "e2e_recog_score_chars": 20, "e2e_recog_score_correct_num": 9.0}, "Detection": {"precision": 1.0, "recall": 1.0, "hmean": 1.0}, "pairs": [{"gt": [0], "det": [0], "type": "OO"}], "detectionMat": [[9.0, 9.0, 0.0], [0.0, 0.0, 0.0], [0.0, 0.0, 0.0], [9.0, 0.0, 0.0], [0.0, 0.0, 0.0]], "precisionMat": [[0.968343950409839], [0.0], [0.0]], "gtPolPoints": [[873.0, 1.0, 1176.0, 0.0, 1181.0, 51.0, 875.0, 130.0], [1042.0, 428.0, 1098.0, 434.0, 1097.0, 456.0, 1041.0, 451.0], [1045.0, 410.0, 1077.0, 408.0, 1080.0, 427.0, 1047.0, 428.0]], "detPolPoints": [[859.0, 63.0, 1156.0, 0.0, 1169.0, 48.0, 872.0, 118.0]], "gtCharPoints": [[[890.9166666666666, 63.27777777777778], [924.75, 58.833333333333336], [958.5833333333333, 54.388888888888886], [992.4166666666666, 49.94444444444444], [1026.25, 45.5], [1060.0833333333333, 41.05555555555556], [1093.9166666666665, 36.611111111111114], [1127.75, 32.166666666666664], [1161.5833333333333, 27.72222222222222]], [[1050.8333333333333, 440.4166666666667], [1069.5, 442.25], [1088.1666666666665, 444.08333333333337]], [[1054.125, 418.625], [1070.375, 417.875]]], "gtCharCounts": [[1.0, 1.0, 1.0, 1.0, 1.0, 1.0, 1.0, 1.0, 1.0], [0.0, 0.0, 0.0], [0.0, 0.0]], "gtDontCare": [1, 2], "detDontCare": [], "evaluationParams": {"GT_PATH": "gt/gt_IC15.zip", "SUBMIT_PATH": "result/result_paddleOCR_IC15.zip", "OUTPUT_PATH": "output/", "PORT": 8080, "BOX_TYPE": "QUAD", "TRANSCRIPTION": true, "CONFIDENCES": false, "CRLF": false, "E2E": true, "CASE_SENSITIVE": true, "RS": true, "AREA_PRECISION_CONSTRAINT": 0.5, "GRANULARITY_PENALTY_WEIGHT": 1.0, "VERTICAL_ASPECT_RATIO_THRES": 2.0, "NUM_WORKERS": 2, "GT_SAMPLE_NAME_2_ID": "([0-9]+)", "DET_SAMPLE_NAME_2_ID": "([0-9]+)", "PER_SAMPLE_RESULTS": true}, "evaluationLog": "GT polygons: 3 (2 don't care) \nDET polygons: 1\n\nFind one-to-one matches\nMatch GT #0 with Det #0\nFind one-to-many matches\nFind many-to-one matches\n<b>Detection | PRECISION\n</b><b>Detection | RECALL\n</b><b># of false positive chars\n</b>0\n=================================\n<b>End-to-End | Recall\n</b><b>End-to-End | Precision\n</b>", "EndtoEnd": {"precision": 0.45, "recall": 1.0, "hmean": 0.6206896551724138, "recognition_score": 0.45}, "end2endMat": [[0.0, 9.0, 0.0], [0.0, 0.0, 0.0], [0.0, 0.0, 0.0], [9.0, 0.0, 0.0], [0.0, 0.0, 0.0]], "gtTrans": ["chocolate", "###", "##"], "detTrans": ["chocolate,0.99831444"], "gtQuery": ["chocolate", "###", "##"], "detQuery": ["chocolate,0.99831444"]}