{"Rawdata": {"det_correct_num_recall": 0.0, "det_correct_num_precision": 0.0, "chars_gt": 17, "chars_det": 0, "num_splitted": 0, "num_merged": 0, "num_false_positive": 0, "char_missed": 17, "char_overlapped": 0, "char_false_positive": 0, "e2e_correct_num_recall": 0.0, "e2e_correct_num_precision": 0.0, "chars_recog": 0, "e2e_char_missed": 17.0, "e2e_char_false_positive": 0.0, "e2e_recog_score_chars": 0, "e2e_recog_score_correct_num": 0.0}, "Detection": {"precision": 0.0, "recall": 0.0, "hmean": 0}, "pairs": [], "detectionMat": [[0.0, 0.0], [0.0, 0.0], [0.0, 0.0], [0.0, 0.0], [0.0, 0.0], [0.0, 0.0], [0.0, 0.0], [0.0, 0.0], [0.0, 0.0], [0.0, 0.0]], "precisionMat": [[], [], [], [], [], [], [], []], "gtPolPoints": [[212.0, 360.0, 286.0, 357.0, 286.0, 378.0, 213.0, 381.0], [292.0, 359.0, 323.0, 359.0, 322.0, 375.0, 292.0, 375.0], [334.0, 360.0, 401.0, 360.0, 401.0, 371.0, 337.0, 374.0], [218.0, 114.0, 280.0, 126.0, 278.0, 141.0, 217.0, 133.0], [278.0, 124.0, 342.0, 136.0, 342.0, 156.0, 279.0, 142.0], [634.0, 160.0, 662.0, 154.0, 669.0, 188.0, 636.0, 201.0], [638.0, 361.0, 684.0, 353.0, 690.0, 413.0, 656.0, 426.0], [543.0, 615.0, 565.0, 621.0, 565.0, 641.0, 546.0, 633.0]], "detPolPoints": [], "gtCharPoints": [[[221.6875, 370.125], [240.0625, 369.375], [258.4375, 368.625], [276.8125, 367.875]], [[299.625, 367.0], [314.875, 367.0]], [[342.05, 366.85], [355.15000000000003, 366.55], [368.25, 366.25], [381.35, 365.95000000000005], [394.45, 365.65000000000003]], [[221.34375, 124.125], [229.03125, 125.375], [236.71875, 126.625], [244.40625, 127.875], [252.09375, 129.125], [259.78125, 130.375], [267.46875, 131.625], [275.15625, 132.875]], [[286.4375, 134.625], [302.3125, 137.875], [318.1875, 141.125], [334.0625, 144.375]], [[642.625, 178.125], [657.875, 173.375]], [[657.0, 390.875], [677.0, 385.625]], [[549.625, 625.75], [559.875, 629.25]]], "gtCharCounts": [0.0, 0.0, 0.0, 0.0, 0.0, 0.0, 0.0, 0.0], "gtDontCare": [1, 4, 5, 6, 7], "detDontCare": [], "evaluationParams": {"GT_PATH": "gt/gt_IC15.zip", "SUBMIT_PATH": "result/result_paddleOCR_IC15.zip", "OUTPUT_PATH": "output/", "PORT": 8080, "BOX_TYPE": "QUAD", "TRANSCRIPTION": true, "CONFIDENCES": false, "CRLF": false, "E2E": true, "CASE_SENSITIVE": true, "RS": true, "AREA_PRECISION_CONSTRAINT": 0.5, "GRANULARITY_PENALTY_WEIGHT": 1.0, "VERTICAL_ASPECT_RATIO_THRES": 2.0, "NUM_WORKERS": 2, "GT_SAMPLE_NAME_2_ID": "([0-9]+)", "DET_SAMPLE_NAME_2_ID": "([0-9]+)", "PER_SAMPLE_RESULTS": true}, "evaluationLog": "GT polygons: 8 (5 don't care) \nDET polygons: 0\n\nFind one-to-one matches\nFind one-to-many matches\nFind many-to-one matches\n<b>Detection | PRECISION\n</b><b>Detection | RECALL\n</b><b># of false positive chars\n</b>0\n=================================\n<b>End-to-End | Recall\n</b><b>End-to-End | Precision\n</b>", "EndtoEnd": {"precision": 0.0, "recall": 0.0, "hmean": 0, "recognition_score": 0.0}, "end2endMat": [[0.0, 0.0], [0.0, 0.0], [0.0, 0.0], [0.0, 0.0], [0.0, 0.0], [0.0, 0.0], [0.0, 0.0], [0.0, 0.0], [0.0, 0.0], [0.0, 0.0]], "gtTrans": ["MAKE", "##", "STORE", "Northern", "####", "##", "##", "##"], "detTrans": [], "gtQuery": ["MAKE", "##", "STORE", "Northern", "####", "##", "##", "##"], "detQuery": []}