{"Rawdata": {"det_correct_num_recall": 0.0, "det_correct_num_precision": 0.0, "chars_gt": 5, "chars_det": 0, "num_splitted": 0, "num_merged": 0, "num_false_positive": 0, "char_missed": 5, "char_overlapped": 0, "char_false_positive": 0, "e2e_correct_num_recall": 0.0, "e2e_correct_num_precision": 0.0, "chars_recog": 0, "e2e_char_missed": 5.0, "e2e_char_false_positive": 0.0, "e2e_recog_score_chars": 0, "e2e_recog_score_correct_num": 0.0}, "Detection": {"precision": 0.0, "recall": 0.0, "hmean": 0}, "pairs": [], "detectionMat": [[0.0, 0.0], [0.0, 0.0], [0.0, 0.0], [0.0, 0.0], [0.0, 0.0], [0.0, 0.0], [0.0, 0.0], [0.0, 0.0], [0.0, 0.0], [0.0, 0.0]], "precisionMat": [[], [], [], [], [], [], [], []], "gtPolPoints": [[626.0, 216.0, 698.0, 215.0, 703.0, 243.0, 628.0, 243.0], [631.0, 264.0, 698.0, 255.0, 700.0, 350.0, 637.0, 355.0], [886.0, 191.0, 983.0, 183.0, 988.0, 237.0, 890.0, 238.0], [892.0, 266.0, 925.0, 265.0, 928.0, 282.0, 894.0, 283.0], [630.0, 241.0, 703.0, 240.0, 703.0, 257.0, 632.0, 257.0], [633.0, 358.0, 663.0, 356.0, 658.0, 374.0, 633.0, 375.0], [146.0, 339.0, 183.0, 339.0, 183.0, 351.0, 148.0, 352.0], [677.0, 358.0, 701.0, 358.0, 701.0, 364.0, 678.0, 366.0]], "detPolPoints": [], "gtCharPoints": [[[634.35, 229.45], [649.0500000000001, 229.35], [663.75, 229.25], [678.45, 229.14999999999998], [693.15, 229.04999999999998]], [[650.25, 307.75], [682.75, 304.25]], [[912.375, 213.375], [961.125, 211.125]], [[901.375, 274.25], [918.125, 273.75]], [[638.2, 248.95], [652.6, 248.85], [667.0, 248.75], [681.4000000000001, 248.64999999999998], [695.8000000000001, 248.54999999999998]], [[639.875, 366.125], [653.625, 365.375]], [[153.0, 345.4166666666667], [165.0, 345.25], [177.0, 345.08333333333337]], [[680.4375, 361.875], [686.3125, 361.625], [692.1875, 361.375], [698.0625, 361.125]]], "gtCharCounts": [0.0, 0.0, 0.0, 0.0, 0.0, 0.0, 0.0, 0.0], "gtDontCare": [1, 2, 3, 4, 5, 6, 7], "detDontCare": [], "evaluationParams": {"GT_PATH": "gt/gt_IC15.zip", "SUBMIT_PATH": "result/result_paddleOCR_IC15.zip", "OUTPUT_PATH": "output/", "PORT": 8080, "BOX_TYPE": "QUAD", "TRANSCRIPTION": true, "CONFIDENCES": false, "CRLF": false, "E2E": true, "CASE_SENSITIVE": true, "RS": true, "AREA_PRECISION_CONSTRAINT": 0.5, "GRANULARITY_PENALTY_WEIGHT": 1.0, "VERTICAL_ASPECT_RATIO_THRES": 2.0, "NUM_WORKERS": 2, "GT_SAMPLE_NAME_2_ID": "([0-9]+)", "DET_SAMPLE_NAME_2_ID": "([0-9]+)", "PER_SAMPLE_RESULTS": true}, "evaluationLog": "GT polygons: 8 (7 don't care) \nDET polygons: 0\n\nFind one-to-one matches\nFind one-to-many matches\nFind many-to-one matches\n<b>Detection | PRECISION\n</b><b>Detection | RECALL\n</b><b># of false positive chars\n</b>0\n=================================\n<b>End-to-End | Recall\n</b><b>End-to-End | Precision\n</b>", "EndtoEnd": {"precision": 0.0, "recall": 0.0, "hmean": 0, "recognition_score": 0.0}, "end2endMat": [[0.0, 0.0], [0.0, 0.0], [0.0, 0.0], [0.0, 0.0], [0.0, 0.0], [0.0, 0.0], [0.0, 0.0], [0.0, 0.0], [0.0, 0.0], [0.0, 0.0]], "gtTrans": ["Kenko", "##", "##", "##", "#####", "##", "###", "####"], "detTrans": [], "gtQuery": ["Kenko", "##", "##", "##", "#####", "##", "###", "####"], "detQuery": []}