{"Rawdata": {"det_correct_num_recall": 0.0, "det_correct_num_precision": 0.0, "chars_gt": 31, "chars_det": 0, "num_splitted": 0, "num_merged": 0, "num_false_positive": 0, "char_missed": 31, "char_overlapped": 0, "char_false_positive": 0, "e2e_correct_num_recall": 0.0, "e2e_correct_num_precision": 0.0, "chars_recog": 0, "e2e_char_missed": 31.0, "e2e_char_false_positive": 0.0, "e2e_recog_score_chars": 0, "e2e_recog_score_correct_num": 0.0}, "Detection": {"precision": 0.0, "recall": 0.0, "hmean": 0}, "pairs": [], "detectionMat": [[0.0, 0.0], [0.0, 0.0], [0.0, 0.0], [0.0, 0.0], [0.0, 0.0], [0.0, 0.0], [0.0, 0.0], [0.0, 0.0], [0.0, 0.0], [0.0, 0.0], [0.0, 0.0], [0.0, 0.0], [0.0, 0.0], [0.0, 0.0], [0.0, 0.0]], "precisionMat": [[], [], [], [], [], [], [], [], [], [], [], [], []], "gtPolPoints": [[645.0, 193.0, 692.0, 179.0, 693.0, 200.0, 646.0, 215.0], [809.0, 272.0, 838.0, 271.0, 837.0, 289.0, 808.0, 290.0], [843.0, 266.0, 899.0, 263.0, 899.0, 284.0, 844.0, 287.0], [903.0, 261.0, 938.0, 260.0, 940.0, 282.0, 906.0, 283.0], [804.0, 287.0, 848.0, 285.0, 849.0, 304.0, 806.0, 306.0], [853.0, 288.0, 888.0, 283.0, 887.0, 303.0, 852.0, 308.0], [896.0, 280.0, 955.0, 275.0, 955.0, 300.0, 896.0, 306.0], [852.0, 320.0, 889.0, 316.0, 891.0, 356.0, 854.0, 359.0], [860.0, 458.0, 888.0, 462.0, 887.0, 473.0, 859.0, 469.0], [1229.0, 398.0, 1247.0, 395.0, 1249.0, 437.0, 1232.0, 441.0], [674.0, 300.0, 703.0, 300.0, 704.0, 309.0, 675.0, 309.0], [1006.0, 272.0, 1057.0, 264.0, 1059.0, 284.0, 1008.0, 292.0], [1260.0, 402.0, 1277.0, 401.0, 1279.0, 420.0, 1258.0, 417.0]], "detPolPoints": [], "gtCharPoints": [[[653.3333333333334, 201.58333333333334], [669.0, 196.75], [684.6666666666667, 191.91666666666669]], [[812.125, 280.875], [819.375, 280.625], [826.625, 280.375], [833.875, 280.125]], [[848.125, 276.25], [857.375, 275.75], [866.625, 275.25], [875.875, 274.75], [885.125, 274.25], [894.375, 273.75]], [[910.25, 271.8333333333333], [921.75, 271.5], [933.25, 271.16666666666663]], [[809.35, 296.3], [818.0500000000001, 295.90000000000003], [826.75, 295.5], [835.45, 295.1], [844.15, 294.7]], [[856.875, 297.375], [865.625, 296.125], [874.375, 294.875], [883.125, 293.625]], [[901.9, 292.45], [913.6999999999999, 291.34999999999997], [925.5, 290.25], [937.3, 289.15], [949.1, 288.05]], [[862.25, 338.625], [880.75, 336.875]], [[864.1666666666666, 464.1666666666667], [873.5, 465.5], [882.8333333333333, 466.83333333333337]], [[1240.1875, 433.6875], [1239.5625, 423.0625], [1238.9375, 412.4375], [1238.3125, 401.8125]], [[678.125, 304.5], [685.375, 304.5], [692.625, 304.5], [699.875, 304.5]], [[1015.5, 280.6666666666667], [1032.5, 278.0], [1049.5, 275.33333333333337]], [[1263.75, 409.75], [1273.25, 410.25]]], "gtCharCounts": [0.0, 0.0, 0.0, 0.0, 0.0, 0.0, 0.0, 0.0, 0.0, 0.0, 0.0, 0.0, 0.0], "gtDontCare": [0, 7, 8, 10, 11, 12], "detDontCare": [], "evaluationParams": {"GT_PATH": "gt/gt_IC15.zip", "SUBMIT_PATH": "result/result_paddleOCR_IC15.zip", "OUTPUT_PATH": "output/", "PORT": 8080, "BOX_TYPE": "QUAD", "TRANSCRIPTION": true, "CONFIDENCES": false, "CRLF": false, "E2E": true, "CASE_SENSITIVE": true, "RS": true, "AREA_PRECISION_CONSTRAINT": 0.5, "GRANULARITY_PENALTY_WEIGHT": 1.0, "VERTICAL_ASPECT_RATIO_THRES": 2.0, "NUM_WORKERS": 2, "GT_SAMPLE_NAME_2_ID": "([0-9]+)", "DET_SAMPLE_NAME_2_ID": "([0-9]+)", "PER_SAMPLE_RESULTS": true}, "evaluationLog": "GT polygons: 13 (6 don't care) \nDET polygons: 0\n\nFind one-to-one matches\nFind one-to-many matches\nFind many-to-one matches\n<b>Detection | PRECISION\n</b><b>Detection | RECALL\n</b><b># of false positive chars\n</b>0\n=================================\n<b>End-to-End | Recall\n</b><b>End-to-End | Precision\n</b>", "EndtoEnd": {"precision": 0.0, "recall": 0.0, "hmean": 0, "recognition_score": 0.0}, "end2endMat": [[0.0, 0.0], [0.0, 0.0], [0.0, 0.0], [0.0, 0.0], [0.0, 0.0], [0.0, 0.0], [0.0, 0.0], [0.0, 0.0], [0.0, 0.0], [0.0, 0.0], [0.0, 0.0], [0.0, 0.0], [0.0, 0.0], [0.0, 0.0], [0.0, 0.0]], "gtTrans": ["###", "SALE", "SOLDES", "SAL", "OLDES", "SALE", "SOLDE", "##", "###", "SALE", "####", "###", "##"], "detTrans": [], "gtQuery": ["###", "SALE", "SOLDES", "SAL", "OLDES", "SALE", "SOLDE", "##", "###", "SALE", "####", "###", "##"], "detQuery": []}