{"Rawdata": {"det_correct_num_recall": 14.0, "det_correct_num_precision": 14.0, "chars_gt": 26, "chars_det": 19.0, "num_splitted": 0, "num_merged": 0, "num_false_positive": 1, "char_missed": 12, "char_overlapped": 0, "char_false_positive": 5, "e2e_correct_num_recall": 9.0, "e2e_correct_num_precision": 9.0, "chars_recog": 55, "e2e_char_missed": 17.0, "e2e_char_false_positive": 46.0, "e2e_recog_score_chars": 39, "e2e_recog_score_correct_num": 9.0}, "Detection": {"precision": 0.7368421052631579, "recall": 0.5384615384615384, "hmean": 0.6222222222222222}, "pairs": [{"gt": [2], "det": [0], "type": "OO"}, {"gt": [3], "det": [2], "type": "OO"}, {"gt": [8], "det": [1], "type": "OO"}], "detectionMat": [[0.0, 0.0, 0.0, 0.0, 0.0, 0.0], [0.0, 0.0, 0.0, 0.0, 0.0, 0.0], [4.0, 0.0, 0.0, 0.0, 4.0, 0.0], [0.0, 0.0, 6.0, 0.0, 6.0, 0.0], [0.0, 0.0, 0.0, 0.0, 0.0, 0.0], [0.0, 0.0, 0.0, 0.0, 0.0, 0.0], [0.0, 0.0, 0.0, 0.0, 0.0, 0.0], [0.0, 0.0, 0.0, 0.0, 0.0, 0.0], [0.0, 4.0, 0.0, 0.0, 4.0, 0.0], [0.0, 0.0, 0.0, 0.0, 0.0, 0.0], [4.0, 4.0, 6.0, 0.0, 0.0, 0.0], [0.0, 0.0, 0.0, 0.0, 0.0, 0.0]], "precisionMat": [[0.0, 0.0, 0.0, 0.4613034847480743], [0.0, 0.0, 0.0, 0.2940600486547684], [0.6797061803444779, 0.0, 0.0, 0.0], [0.0, 0.0, 0.8715022456079555, 0.0], [0.0, 0.0, 0.0, 0.0], [0.0, 0.0, 0.0, 0.0], [0.0, 0.0, 0.0, 0.0], [0.0, 0.0, 0.0, 0.0], [0.0, 0.9433439626354062, 0.0, 0.0011709563891726881], [0.0, 0.0, 0.0, 0.0]], "gtPolPoints": [[23.0, 355.0, 66.0, 350.0, 63.0, 368.0, 21.0, 373.0], [68.0, 345.0, 93.0, 345.0, 91.0, 364.0, 66.0, 364.0], [240.0, 259.0, 282.0, 249.0, 282.0, 268.0, 240.0, 278.0], [220.0, 298.0, 302.0, 271.0, 301.0, 338.0, 218.0, 364.0], [343.0, 276.0, 405.0, 270.0, 405.0, 304.0, 343.0, 310.0], [331.0, 483.0, 403.0, 450.0, 402.0, 484.0, 330.0, 516.0], [426.0, 436.0, 486.0, 418.0, 483.0, 453.0, 423.0, 471.0], [917.0, 280.0, 957.0, 281.0, 956.0, 298.0, 916.0, 296.0], [0.0, 284.0, 127.0, 279.0, 127.0, 345.0, 0.0, 350.0], [395.0, 244.0, 432.0, 244.0, 434.0, 272.0, 394.0, 274.0]], "detPolPoints": [[245.0, 253.0, 292.0, 253.0, 292.0, 273.0, 245.0, 273.0], [2.0, 276.0, 125.0, 283.0, 122.0, 330.0, 0.0, 323.0], [215.0, 287.0, 301.0, 276.0, 309.0, 342.0, 223.0, 353.0], [18.0, 351.0, 94.0, 346.0, 95.0, 365.0, 19.0, 370.0]], "gtCharPoints": [[[29.083333333333332, 363.1666666666667], [43.25, 361.5], [57.416666666666664, 359.83333333333337]], [[73.25, 354.5], [85.75, 354.5]], [[245.25, 267.25], [255.75, 264.75], [266.25, 262.25], [276.75, 259.75]], [[225.875, 328.7916666666667], [239.625, 324.375], [253.375, 319.95833333333337], [267.125, 315.5416666666667], [280.875, 311.125], [294.625, 306.70833333333337]], [[350.75, 292.25], [366.25, 290.75], [381.75, 289.25], [397.25, 287.75]], [[337.7, 496.25], [352.09999999999997, 489.75], [366.5, 483.25], [380.9, 476.75], [395.3, 470.25]], [[439.5, 449.0], [469.5, 440.0]], [[923.1666666666666, 288.25], [936.5, 288.75], [949.8333333333333, 289.25]], [[15.875, 316.375], [47.625, 315.125], [79.375, 313.875], [111.125, 312.625]], [[404.125, 258.75], [423.375, 258.25]]], "gtCharCounts": [[0.0, 0.0, 0.0], [0.0, 0.0], [1.0, 1.0, 1.0, 1.0], [1.0, 1.0, 1.0, 1.0, 1.0, 1.0], [0.0, 0.0, 0.0, 0.0], [0.0, 0.0, 0.0, 0.0, 0.0], [0.0, 0.0], [0.0, 0.0, 0.0], [1.0, 1.0, 1.0, 1.0], [0.0, 0.0]], "gtDontCare": [1, 6, 7, 9], "detDontCare": [], "evaluationParams": {"GT_PATH": "gt/gt_IC15.zip", "SUBMIT_PATH": "result/result_paddleOCR_IC15.zip", "OUTPUT_PATH": "output/", "PORT": 8080, "BOX_TYPE": "QUAD", "TRANSCRIPTION": true, "CONFIDENCES": false, "CRLF": false, "E2E": true, "CASE_SENSITIVE": true, "RS": true, "AREA_PRECISION_CONSTRAINT": 0.5, "GRANULARITY_PENALTY_WEIGHT": 1.0, "VERTICAL_ASPECT_RATIO_THRES": 2.0, "NUM_WORKERS": 2, "GT_SAMPLE_NAME_2_ID": "([0-9]+)", "DET_SAMPLE_NAME_2_ID": "([0-9]+)", "PER_SAMPLE_RESULTS": true}, "evaluationLog": "GT polygons: 10 (4 don't care) \nDET polygons: 4\n\nFind one-to-one matches\nMatch GT #2 with Det #0\nMatch GT #3 with Det #2\nMatch GT #8 with Det #1\nFind one-to-many matches\nFind many-to-one matches\n<b>Detection | PRECISION\n</b><b>Detection | RECALL\n</b><b># of false positive chars\n</b>5\n=================================\n<b>End-to-End | Recall\n</b><b>End-to-End | Precision\n</b>", "EndtoEnd": {"precision": 0.16363636363636364, "recall": 0.34615384615384615, "hmean": 0.2222222222222222, "recognition_score": 0.23076923076923078}, "end2endMat": [[0.0, 0.0, 0.0, 0.0, 0.0, 0.0], [0.0, 0.0, 0.0, 0.0, 0.0, 0.0], [0.0, 0.0, 0.0, 0.0, 4.0, 0.0], [0.0, 0.0, 0.0, 0.0, 2.0, 0.0], [0.0, 0.0, 0.0, 0.0, 0.0, 0.0], [0.0, 0.0, 0.0, 0.0, 0.0, 0.0], [0.0, 0.0, 0.0, 0.0, 0.0, 0.0], [0.0, 0.0, 0.0, 0.0, 0.0, 0.0], [0.0, 0.0, 0.0, 0.0, 3.0, 0.0], [0.0, 0.0, 0.0, 0.0, 0.0, 0.0], [4.0, 3.0, 2.0, 0.0, 0.0, 0.0], [0.0, 0.0, 0.0, 0.0, 0.0, 0.0]], "gtTrans": ["NOW", "##", "SALE", "70%OFF", "SALE", "MERRY", "##", "###", "SALE", "##"], "detTrans": ["SALE,0.8084181", "ALE,0.7860696", "70,0.9895699", "NOW ON,0.9919674"], "gtQuery": ["NOW", "##", "SALE", "70%OFF", "SALE", "MERRY", "##", "###", "SALE", "##"], "detQuery": ["SALE,0.8084181", "ALE,0.7860696", "70,0.9895699", "NOW ON,0.9919674"]}