{"Rawdata": {"det_correct_num_recall": 7.0, "det_correct_num_precision": 6.0, "chars_gt": 13, "chars_det": 7.0, "num_splitted": 0, "num_merged": 1, "num_false_positive": 0, "char_missed": 6, "char_overlapped": 0, "char_false_positive": 0, "e2e_correct_num_recall": 7.0, "e2e_correct_num_precision": 6.0, "chars_recog": 32, "e2e_char_missed": 6.0, "e2e_char_false_positive": 25.0, "e2e_recog_score_chars": 32, "e2e_recog_score_correct_num": 7.0}, "Detection": {"precision": 0.8571428571428571, "recall": 0.5384615384615384, "hmean": 0.6614173228346457}, "pairs": [{"gt": [3], "det": [0], "type": "OO"}, {"gt": [0, 2], "det": [1], "type": "MO"}], "detectionMat": [[0.0, 3.0, 3.0, 0.0], [0.0, 0.0, 0.0, 0.0], [0.0, 3.0, 3.0, 0.0], [1.0, 0.0, 1.0, 0.0], [0.0, 0.0, 0.0, 0.0], [0.0, 0.0, 0.0, 0.0], [0.0, 0.0, 0.0, 0.0], [0.0, 0.0, 0.0, 0.0], [1.0, 6.0, 0.0, 0.0], [0.0, 1.0, 0.0, 0.0]], "precisionMat": [[0.0, 0.30110898708664957], [0.0, 0.24062129758173398], [0.0, 0.38164137880202953], [1.0, 0.0], [0.0, 0.0], [0.0, 0.0], [0.0, 0.0], [0.0, 0.0]], "gtPolPoints": [[144.0, 54.0, 316.0, 35.0, 313.0, 114.0, 148.0, 131.0], [334.0, 27.0, 458.0, 23.0, 451.0, 110.0, 331.0, 116.0], [475.0, 18.0, 673.0, 4.0, 674.0, 83.0, 475.0, 94.0], [694.0, 3.0, 1006.0, 2.0, 1021.0, 68.0, 701.0, 98.0], [1038.0, 6.0, 1243.0, 3.0, 1253.0, 46.0, 1046.0, 68.0], [183.0, 496.0, 404.0, 500.0, 402.0, 542.0, 178.0, 528.0], [60.0, 81.0, 138.0, 76.0, 138.0, 92.0, 60.0, 97.0], [0.0, 84.0, 55.0, 82.0, 56.0, 100.0, 0.0, 102.0]], "detPolPoints": [[708.0, 30.0, 836.0, 13.0, 842.0, 60.0, 714.0, 77.0], [159.0, 50.0, 667.0, 17.0, 671.0, 77.0, 162.0, 110.0]], "gtCharPoints": [[[174.08333333333334, 89.5], [230.25, 83.5], [286.4166666666667, 77.5]], [[363.0, 70.25], [424.0, 67.75]], [[508.0833333333333, 53.916666666666664], [574.25, 49.75], [640.4166666666666, 45.58333333333333]], [[750.1666666666666, 47.916666666666664], [855.5, 42.75], [960.8333333333333, 37.58333333333333]], [[1067.75, 35.4375], [1119.25, 32.3125], [1170.75, 29.1875], [1222.25, 26.0625]], [[199.04166666666666, 512.75], [236.125, 514.25], [273.2083333333333, 515.75], [310.29166666666663, 517.25], [347.375, 518.75], [384.45833333333337, 520.25]], [[67.8, 88.5], [83.39999999999999, 87.5], [99.0, 86.5], [114.6, 85.5], [130.2, 84.5]], [[6.9375, 92.75], [20.8125, 92.25], [34.6875, 91.75], [48.5625, 91.25]]], "gtCharCounts": [[1.0, 1.0, 1.0], [0.0, 0.0], [1.0, 1.0, 1.0], [1.0, 0.0, 0.0], [0.0, 0.0, 0.0, 0.0], [0.0, 0.0, 0.0, 0.0, 0.0, 0.0], [0.0, 0.0, 0.0, 0.0, 0.0], [0.0, 0.0, 0.0, 0.0]], "gtDontCare": [1, 5, 6, 7], "detDontCare": [], "evaluationParams": {"GT_PATH": "gt/gt_IC15.zip", "SUBMIT_PATH": "result/result_paddleOCR_IC15.zip", "OUTPUT_PATH": "output/", "PORT": 8080, "BOX_TYPE": "QUAD", "TRANSCRIPTION": true, "CONFIDENCES": false, "CRLF": false, "E2E": true, "CASE_SENSITIVE": true, "RS": true, "AREA_PRECISION_CONSTRAINT": 0.5, "GRANULARITY_PENALTY_WEIGHT": 1.0, "VERTICAL_ASPECT_RATIO_THRES": 2.0, "NUM_WORKERS": 2, "GT_SAMPLE_NAME_2_ID": "([0-9]+)", "DET_SAMPLE_NAME_2_ID": "([0-9]+)", "PER_SAMPLE_RESULTS": true}, "evaluationLog": "GT polygons: 8 (4 don't care) \nDET polygons: 2\n\nFind one-to-one matches\nMatch GT #3 with Det #0\nFind one-to-many matches\nFind many-to-one matches\nMatch GT #[0, 2] with Det #1\n<b>Detection | PRECISION\n</b><b>Detection | RECALL\n</b><b># of false positive chars\n</b>0\n=================================\n<b>End-to-End | Recall\n</b><b>End-to-End | Precision\n</b>", "EndtoEnd": {"precision": 0.1875, "recall": 0.5384615384615384, "hmean": 0.27814569536423844, "recognition_score": 0.21875}, "end2endMat": [[0.0, 0.0, 3.0, 0.0], [0.0, 0.0, 0.0, 0.0], [0.0, 0.0, 3.0, 0.0], [0.0, 0.0, 1.0, 0.0], [0.0, 0.0, 0.0, 0.0], [0.0, 0.0, 0.0, 0.0], [0.0, 0.0, 0.0, 0.0], [0.0, 0.0, 0.0, 0.0], [1.0, 6.0, 0.0, 0.0], [0.0, 1.0, 0.0, 0.0]], "gtTrans": ["POP", "##", "OUR", "ORE", "AI #", "######", "#####", "####"], "detTrans": ["STR,0.7058378", "POPBY OUR,0.9519374"], "gtQuery": ["POP", "##", "OUR", "ORE", "AI #", "######", "#####", "####"], "detQuery": ["STR,0.7058378", "POPBY OUR,0.9519374"]}