{"Rawdata": {"det_correct_num_recall": 0.0, "det_correct_num_precision": 0.0, "chars_gt": 15, "chars_det": 0, "num_splitted": 0, "num_merged": 0, "num_false_positive": 0, "char_missed": 15, "char_overlapped": 0, "char_false_positive": 0, "e2e_correct_num_recall": 0.0, "e2e_correct_num_precision": 0.0, "chars_recog": 0, "e2e_char_missed": 15.0, "e2e_char_false_positive": 0.0, "e2e_recog_score_chars": 0, "e2e_recog_score_correct_num": 0.0}, "Detection": {"precision": 0.0, "recall": 0.0, "hmean": 0}, "pairs": [], "detectionMat": [[0.0, 0.0], [0.0, 0.0], [0.0, 0.0], [0.0, 0.0], [0.0, 0.0], [0.0, 0.0]], "precisionMat": [[], [], [], []], "gtPolPoints": [[153.0, 131.0, 318.0, 173.0, 312.0, 219.0, 147.0, 176.0], [322.0, 215.0, 405.0, 239.0, 401.0, 276.0, 317.0, 251.0], [608.0, 310.0, 636.0, 316.0, 634.0, 329.0, 606.0, 323.0], [527.0, 249.0, 570.0, 267.0, 570.0, 281.0, 532.0, 268.0]], "detPolPoints": [], "gtCharPoints": [[[160.3125, 156.15625], [180.9375, 161.46875], [201.5625, 166.78125], [222.1875, 172.09375], [242.8125, 177.40625], [263.4375, 182.71875], [284.0625, 188.03125], [304.6875, 193.34375]], [[325.4642857142857, 234.75], [337.39285714285717, 238.25], [349.32142857142856, 241.75], [361.25, 245.25], [373.17857142857144, 248.75], [385.1071428571429, 252.25], [397.0357142857143, 255.75]], [[611.6666666666666, 317.5], [621.0, 319.5], [630.3333333333333, 321.5]], [[536.25, 261.0833333333333], [549.75, 266.25], [563.25, 271.41666666666663]]], "gtCharCounts": [0.0, 0.0, 0.0, 0.0], "gtDontCare": [2, 3], "detDontCare": [], "evaluationParams": {"GT_PATH": "gt/gt_IC15.zip", "SUBMIT_PATH": "result/result_paddleOCR_IC15.zip", "OUTPUT_PATH": "output/", "PORT": 8080, "BOX_TYPE": "QUAD", "TRANSCRIPTION": true, "CONFIDENCES": false, "CRLF": false, "E2E": true, "CASE_SENSITIVE": true, "RS": true, "AREA_PRECISION_CONSTRAINT": 0.5, "GRANULARITY_PENALTY_WEIGHT": 1.0, "VERTICAL_ASPECT_RATIO_THRES": 2.0, "NUM_WORKERS": 2, "GT_SAMPLE_NAME_2_ID": "([0-9]+)", "DET_SAMPLE_NAME_2_ID": "([0-9]+)", "PER_SAMPLE_RESULTS": true}, "evaluationLog": "GT polygons: 4 (2 don't care) \nDET polygons: 0\n\nFind one-to-one matches\nFind one-to-many matches\nFind many-to-one matches\n<b>Detection | PRECISION\n</b><b>Detection | RECALL\n</b><b># of false positive chars\n</b>0\n=================================\n<b>End-to-End | Recall\n</b><b>End-to-End | Precision\n</b>", "EndtoEnd": {"precision": 0.0, "recall": 0.0, "hmean": 0, "recognition_score": 0.0}, "end2endMat": [[0.0, 0.0], [0.0, 0.0], [0.0, 0.0], [0.0, 0.0], [0.0, 0.0], [0.0, 0.0]], "gtTrans": ["Mandarin", "Gallery", "###", "###"], "detTrans": [], "gtQuery": ["Mandarin", "Gallery", "###", "###"], "detQuery": []}