{"Rawdata": {"det_correct_num_recall": 0.0, "det_correct_num_precision": 0.0, "chars_gt": 9, "chars_det": 0, "num_splitted": 0, "num_merged": 0, "num_false_positive": 0, "char_missed": 9, "char_overlapped": 0, "char_false_positive": 0, "e2e_correct_num_recall": 0.0, "e2e_correct_num_precision": 0.0, "chars_recog": 0, "e2e_char_missed": 9.0, "e2e_char_false_positive": 0.0, "e2e_recog_score_chars": 0, "e2e_recog_score_correct_num": 0.0}, "Detection": {"precision": 0.0, "recall": 0.0, "hmean": 0}, "pairs": [], "detectionMat": [[0.0, 0.0], [0.0, 0.0], [0.0, 0.0], [0.0, 0.0], [0.0, 0.0], [0.0, 0.0], [0.0, 0.0], [0.0, 0.0], [0.0, 0.0], [0.0, 0.0], [0.0, 0.0], [0.0, 0.0], [0.0, 0.0], [0.0, 0.0], [0.0, 0.0], [0.0, 0.0], [0.0, 0.0], [0.0, 0.0], [0.0, 0.0], [0.0, 0.0], [0.0, 0.0]], "precisionMat": [[], [], [], [], [], [], [], [], [], [], [], [], [], [], [], [], [], [], []], "gtPolPoints": [[159.0, 207.0, 177.0, 208.0, 176.0, 215.0, 158.0, 214.0], [449.0, 256.0, 474.0, 254.0, 472.0, 300.0, 447.0, 302.0], [199.0, 179.0, 335.0, 201.0, 332.0, 214.0, 196.0, 192.0], [810.0, 419.0, 820.0, 419.0, 819.0, 444.0, 809.0, 445.0], [828.0, 424.0, 836.0, 424.0, 836.0, 445.0, 828.0, 444.0], [834.0, 425.0, 850.0, 424.0, 850.0, 453.0, 834.0, 455.0], [1079.0, 180.0, 1206.0, 140.0, 1213.0, 220.0, 1080.0, 246.0], [783.0, 344.0, 811.0, 345.0, 811.0, 373.0, 783.0, 372.0], [844.0, 242.0, 1054.0, 183.0, 1054.0, 250.0, 840.0, 289.0], [792.0, 371.0, 812.0, 371.0, 812.0, 397.0, 792.0, 397.0], [35.0, 135.0, 68.0, 141.0, 66.0, 150.0, 33.0, 144.0], [426.0, 489.0, 460.0, 497.0, 458.0, 511.0, 423.0, 503.0], [788.0, 191.0, 875.0, 197.0, 874.0, 219.0, 787.0, 213.0], [1188.0, 283.0, 1237.0, 279.0, 1236.0, 307.0, 1187.0, 311.0], [415.0, 535.0, 425.0, 530.0, 429.0, 544.0, 419.0, 549.0], [440.0, 534.0, 464.0, 531.0, 468.0, 546.0, 444.0, 549.0], [415.0, 432.0, 426.0, 439.0, 420.0, 459.0, 409.0, 452.0], [489.0, 515.0, 500.0, 500.0, 504.0, 519.0, 493.0, 533.0], [405.0, 422.0, 420.0, 409.0, 412.0, 426.0, 412.0, 426.0]], "detPolPoints": [], "gtCharPoints": [[[161.5, 210.66666666666666], [167.5, 211.0], [173.5, 211.33333333333331]], [[454.25, 278.5], [466.75, 277.5]], [[204.3, 186.6], [217.9, 188.79999999999998], [231.5, 191.0], [245.10000000000002, 193.2], [258.7, 195.4], [272.3, 197.6], [285.9, 199.79999999999998], [299.5, 202.0], [313.1, 204.2], [326.7, 206.4]], [[814.1666666666666, 440.25], [814.5, 431.75], [814.8333333333333, 423.25]], [[832.0, 441.0833333333333], [832.0, 434.25], [832.0, 427.41666666666663]], [[838.0, 439.625], [846.0, 438.875]], [[1112.0, 204.75], [1177.0, 188.25]], [[787.6666666666666, 358.1666666666667], [797.0, 358.5], [806.3333333333333, 358.83333333333337]], [[859.6666666666666, 261.4166666666667], [895.0, 253.25000000000003], [930.3333333333333, 245.08333333333334], [965.6666666666666, 236.91666666666669], [1001.0, 228.75000000000003], [1036.3333333333333, 220.58333333333337]], [[797.0, 384.0], [807.0, 384.0]], [[38.125, 140.25], [46.375, 141.75], [54.625, 143.25], [62.875, 144.75]], [[430.25, 497.3333333333333], [441.75, 500.0], [453.25, 502.66666666666663]], [[798.375, 202.75], [820.125, 204.25], [841.875, 205.75], [863.625, 207.25]], [[1199.75, 296.0], [1224.25, 294.0]], [[419.5, 540.75], [424.5, 538.25]], [[448.0, 540.75], [460.0, 539.25]], [[414.75, 443.75], [420.25, 447.25]], [[493.75, 520.375], [499.25, 513.125]], [[410.375, 422.375], [414.125, 419.125]]], "gtCharCounts": [0.0, 0.0, 0.0, 0.0, 0.0, 0.0, 0.0, 0.0, 0.0, 0.0, 0.0, 0.0, 0.0, 0.0, 0.0, 0.0, 0.0, 0.0, 0.0], "gtDontCare": [0, 1, 2, 3, 4, 5, 6, 9, 10, 11, 12, 13, 14, 15, 16, 17, 18], "detDontCare": [], "evaluationParams": {"GT_PATH": "gt/gt_IC15.zip", "SUBMIT_PATH": "result/result_paddleOCR_IC15.zip", "OUTPUT_PATH": "output/", "PORT": 8080, "BOX_TYPE": "QUAD", "TRANSCRIPTION": true, "CONFIDENCES": false, "CRLF": false, "E2E": true, "CASE_SENSITIVE": true, "RS": true, "AREA_PRECISION_CONSTRAINT": 0.5, "GRANULARITY_PENALTY_WEIGHT": 1.0, "VERTICAL_ASPECT_RATIO_THRES": 2.0, "NUM_WORKERS": 2, "GT_SAMPLE_NAME_2_ID": "([0-9]+)", "DET_SAMPLE_NAME_2_ID": "([0-9]+)", "PER_SAMPLE_RESULTS": true}, "evaluationLog": "GT polygons: 19 (17 don't care) \nDET polygons: 0\n\nFind one-to-one matches\nFind one-to-many matches\nFind many-to-one matches\n<b>Detection | PRECISION\n</b><b>Detection | RECALL\n</b><b># of false positive chars\n</b>0\n=================================\n<b>End-to-End | Recall\n</b><b>End-to-End | Precision\n</b>", "EndtoEnd": {"precision": 0.0, "recall": 0.0, "hmean": 0, "recognition_score": 0.0}, "end2endMat": [[0.0, 0.0], [0.0, 0.0], [0.0, 0.0], [0.0, 0.0], [0.0, 0.0], [0.0, 0.0], [0.0, 0.0], [0.0, 0.0], [0.0, 0.0], [0.0, 0.0], [0.0, 0.0], [0.0, 0.0], [0.0, 0.0], [0.0, 0.0], [0.0, 0.0], [0.0, 0.0], [0.0, 0.0], [0.0, 0.0], [0.0, 0.0], [0.0, 0.0], [0.0, 0.0]], "gtTrans": ["###", "##", "##########", "###", "###", "##", "##", "NEW", "COTTON", "##", "####", "###", "####", "##", "##", "##", "##", "##", "##"], "detTrans": [], "gtQuery": ["###", "##", "##########", "###", "###", "##", "##", "NEW", "COTTON", "##", "####", "###", "####", "##", "##", "##", "##", "##", "##"], "detQuery": []}