{"Rawdata": {"det_correct_num_recall": 0.0, "det_correct_num_precision": 0.0, "chars_gt": 34, "chars_det": 0, "num_splitted": 0, "num_merged": 0, "num_false_positive": 0, "char_missed": 34, "char_overlapped": 0, "char_false_positive": 0, "e2e_correct_num_recall": 0.0, "e2e_correct_num_precision": 0.0, "chars_recog": 0, "e2e_char_missed": 34.0, "e2e_char_false_positive": 0.0, "e2e_recog_score_chars": 0, "e2e_recog_score_correct_num": 0.0}, "Detection": {"precision": 0.0, "recall": 0.0, "hmean": 0}, "pairs": [], "detectionMat": [[0.0, 0.0], [0.0, 0.0], [0.0, 0.0], [0.0, 0.0], [0.0, 0.0], [0.0, 0.0], [0.0, 0.0], [0.0, 0.0]], "precisionMat": [[], [], [], [], [], []], "gtPolPoints": [[429.0, 48.0, 522.0, 70.0, 517.0, 96.0, 424.0, 73.0], [521.0, 68.0, 602.0, 89.0, 595.0, 115.0, 514.0, 93.0], [642.0, 103.0, 714.0, 122.0, 709.0, 148.0, 638.0, 129.0], [1210.0, 217.0, 1277.0, 223.0, 1276.0, 261.0, 1196.0, 255.0], [1188.0, 253.0, 1277.0, 261.0, 1278.0, 312.0, 1173.0, 293.0], [895.0, 189.0, 926.0, 194.0, 913.0, 232.0, 876.0, 226.0]], "detPolPoints": [], "gtCharPoints": [[[432.3125, 61.90625], [443.9375, 64.71875], [455.5625, 67.53125], [467.1875, 70.34375], [478.8125, 73.15625], [490.4375, 75.96875], [502.0625, 78.78125], [513.6875, 81.59375]], [[523.2857142857143, 82.03571428571429], [534.8571428571429, 85.10714285714286], [546.4285714285714, 88.17857142857143], [558.0, 91.25], [569.5714285714287, 94.32142857142858], [581.1428571428572, 97.39285714285715], [592.7142857142858, 100.46428571428572]], [[645.1071428571429, 117.35714285714286], [655.3214285714286, 120.07142857142857], [665.5357142857143, 122.78571428571429], [675.75, 125.5], [685.9642857142858, 128.21428571428572], [696.1785714285714, 130.92857142857144], [706.3928571428571, 133.64285714285714]], [[1210.35, 236.6], [1225.05, 237.79999999999998], [1239.75, 239.0], [1254.4499999999998, 240.2], [1269.1499999999999, 241.4]], [[1187.4285714285713, 273.9642857142857], [1201.2857142857142, 275.89285714285717], [1215.142857142857, 277.82142857142856], [1229.0, 279.75], [1242.8571428571427, 281.67857142857144], [1256.7142857142856, 283.6071428571429], [1270.5714285714284, 285.5357142857143]], [[894.0, 208.875], [911.0, 211.625]]], "gtCharCounts": [0.0, 0.0, 0.0, 0.0, 0.0, 0.0], "gtDontCare": [5], "detDontCare": [], "evaluationParams": {"GT_PATH": "gt/gt_IC15.zip", "SUBMIT_PATH": "result/result_paddleOCR_IC15.zip", "OUTPUT_PATH": "output/", "PORT": 8080, "BOX_TYPE": "QUAD", "TRANSCRIPTION": true, "CONFIDENCES": false, "CRLF": false, "E2E": true, "CASE_SENSITIVE": true, "RS": true, "AREA_PRECISION_CONSTRAINT": 0.5, "GRANULARITY_PENALTY_WEIGHT": 1.0, "VERTICAL_ASPECT_RATIO_THRES": 2.0, "NUM_WORKERS": 2, "GT_SAMPLE_NAME_2_ID": "([0-9]+)", "DET_SAMPLE_NAME_2_ID": "([0-9]+)", "PER_SAMPLE_RESULTS": true}, "evaluationLog": "GT polygons: 6 (1 don't care) \nDET polygons: 0\n\nFind one-to-one matches\nFind one-to-many matches\nFind many-to-one matches\n<b>Detection | PRECISION\n</b><b>Detection | RECALL\n</b><b># of false positive chars\n</b>0\n=================================\n<b>End-to-End | Recall\n</b><b>End-to-End | Precision\n</b>", "EndtoEnd": {"precision": 0.0, "recall": 0.0, "hmean": 0, "recognition_score": 0.0}, "end2endMat": [[0.0, 0.0], [0.0, 0.0], [0.0, 0.0], [0.0, 0.0], [0.0, 0.0], [0.0, 0.0], [0.0, 0.0], [0.0, 0.0]], "gtTrans": ["clearing", "station", "service", "Haina", "Chicken", "##"], "detTrans": [], "gtQuery": ["clearing", "station", "service", "Haina", "Chicken", "##"], "detQuery": []}