{"Rawdata": {"det_correct_num_recall": 16.0, "det_correct_num_precision": 12.0, "chars_gt": 17, "chars_det": 16.0, "num_splitted": 0, "num_merged": 1, "num_false_positive": 0, "char_missed": 1, "char_overlapped": 0, "char_false_positive": 0, "e2e_correct_num_recall": 16.0, "e2e_correct_num_precision": 12.0, "chars_recog": 30, "e2e_char_missed": 1.0, "e2e_char_false_positive": 14.0, "e2e_recog_score_chars": 30, "e2e_recog_score_correct_num": 16.0}, "Detection": {"precision": 0.75, "recall": 0.9411764705882353, "hmean": 0.8347826086956521}, "pairs": [{"gt": [0, 1, 2, 3, 4], "det": [0], "type": "MO"}], "detectionMat": [[2.0, 2.0, 0.0], [4.0, 4.0, 0.0], [3.0, 3.0, 0.0], [3.0, 3.0, 0.0], [4.0, 4.0, 0.0], [0.0, 0.0, 0.0], [0.0, 0.0, 0.0], [0.0, 0.0, 0.0], [0.0, 0.0, 0.0], [16.0, 0.0, 0.0], [4.0, 0.0, 0.0]], "precisionMat": [[0.12008749880872945], [0.23718560229061575], [0.1455752668124448], [0.1435649343828346], [0.229132811425282], [0.0], [0.0], [0.0], [0.0]], "gtPolPoints": [[735.0, 252.0, 772.0, 249.0, 774.0, 266.0, 737.0, 269.0], [593.0, 264.0, 633.0, 261.0, 636.0, 281.0, 596.0, 284.0], [638.0, 261.0, 665.0, 260.0, 667.0, 276.0, 641.0, 278.0], [667.0, 256.0, 691.0, 255.0, 692.0, 274.0, 668.0, 275.0], [692.0, 254.0, 731.0, 253.0, 733.0, 271.0, 695.0, 273.0], [540.0, 174.0, 573.0, 174.0, 575.0, 193.0, 541.0, 193.0], [314.0, 298.0, 454.0, 284.0, 453.0, 294.0, 313.0, 308.0], [448.0, 162.0, 524.0, 154.0, 526.0, 162.0, 450.0, 171.0], [420.0, 169.0, 432.0, 167.0, 432.0, 183.0, 420.0, 185.0]], "detPolPoints": [[591.0, 264.0, 756.0, 250.0, 758.0, 268.0, 593.0, 282.0]], "gtCharPoints": [[[742.1666666666666, 260.0], [754.5, 259.0], [766.8333333333333, 258.0]], [[599.5, 273.625], [609.5, 272.875], [619.5, 272.125], [629.5, 271.375]], [[643.9166666666666, 269.25], [652.75, 268.75], [661.5833333333333, 268.25]], [[671.5, 265.3333333333333], [679.5, 265.0], [687.5, 264.66666666666663]], [[698.3125, 263.3125], [707.9375, 262.9375], [717.5625, 262.5625], [727.1875, 262.1875]], [[548.875, 183.5], [565.625, 183.5]], [[320.5, 302.3], [334.5, 300.90000000000003], [348.5, 299.5], [362.5, 298.1], [376.5, 296.7], [390.5, 295.3], [404.5, 293.90000000000003], [418.5, 292.5], [432.5, 291.1], [446.5, 289.7]], [[453.22222222222223, 166.02777777777777], [461.6666666666667, 165.08333333333331], [470.11111111111114, 164.13888888888889], [478.55555555555554, 163.19444444444443], [487.0, 162.25], [495.44444444444446, 161.30555555555554], [503.8888888888889, 160.36111111111111], [512.3333333333334, 159.41666666666666], [520.7777777777778, 158.47222222222223]], [[423.0, 176.5], [429.0, 175.5]]], "gtCharCounts": [[1.0, 1.0, 0.0], [1.0, 1.0, 1.0, 1.0], [1.0, 1.0, 1.0], [1.0, 1.0, 1.0], [1.0, 1.0, 1.0, 1.0], [0.0, 0.0], [0.0, 0.0, 0.0, 0.0, 0.0, 0.0, 0.0, 0.0, 0.0, 0.0], [0.0, 0.0, 0.0, 0.0, 0.0, 0.0, 0.0, 0.0, 0.0], [0.0, 0.0]], "gtDontCare": [5, 6, 7, 8], "detDontCare": [], "evaluationParams": {"GT_PATH": "gt/gt_IC15.zip", "SUBMIT_PATH": "result/result_paddleOCR_IC15.zip", "OUTPUT_PATH": "output/", "PORT": 8080, "BOX_TYPE": "QUAD", "TRANSCRIPTION": true, "CONFIDENCES": false, "CRLF": false, "E2E": true, "CASE_SENSITIVE": true, "RS": true, "AREA_PRECISION_CONSTRAINT": 0.5, "GRANULARITY_PENALTY_WEIGHT": 1.0, "VERTICAL_ASPECT_RATIO_THRES": 2.0, "NUM_WORKERS": 2, "GT_SAMPLE_NAME_2_ID": "([0-9]+)", "DET_SAMPLE_NAME_2_ID": "([0-9]+)", "PER_SAMPLE_RESULTS": true}, "evaluationLog": "GT polygons: 9 (4 don't care) \nDET polygons: 1\n\nFind one-to-one matches\nFind one-to-many matches\nFind many-to-one matches\nMatch GT #[0, 1, 2, 3, 4] with Det #0\n<b>Detection | PRECISION\n</b><b>Detection | RECALL\n</b><b># of false positive chars\n</b>0\n=================================\n<b>End-to-End | Recall\n</b><b>End-to-End | Precision\n</b>", "EndtoEnd": {"precision": 0.4, "recall": 0.9411764705882353, "hmean": 0.5614035087719298, "recognition_score": 0.5333333333333333}, "end2endMat": [[0.0, 2.0, 0.0], [0.0, 4.0, 0.0], [0.0, 3.0, 0.0], [0.0, 3.0, 0.0], [0.0, 4.0, 0.0], [0.0, 0.0, 0.0], [0.0, 0.0, 0.0], [0.0, 0.0, 0.0], [0.0, 0.0, 0.0], [16.0, 0.0, 0.0], [4.0, 0.0, 0.0]], "gtTrans": ["cha", "Look", "out", "for", "next", "##", "##########", "#########", "##"], "detTrans": ["Look outfor next ch,0.98994374"], "gtQuery": ["cha", "Look", "out", "for", "next", "##", "##########", "#########", "##"], "detQuery": ["Look outfor next ch,0.98994374"]}