{"Rawdata": {"det_correct_num_recall": 8.0, "det_correct_num_precision": 7.0, "chars_gt": 8, "chars_det": 8.0, "num_splitted": 0, "num_merged": 1, "num_false_positive": 0, "char_missed": 0, "char_overlapped": 0, "char_false_positive": 0, "e2e_correct_num_recall": 2.0, "e2e_correct_num_precision": 1.0, "chars_recog": 20, "e2e_char_missed": 6.0, "e2e_char_false_positive": 18.0, "e2e_recog_score_chars": 20, "e2e_recog_score_correct_num": 2.0}, "Detection": {"precision": 0.875, "recall": 1.0, "hmean": 0.9333333333333333}, "pairs": [{"gt": [0], "det": [0], "type": "OO"}, {"gt": [0, 1], "det": [0], "type": "MO"}], "detectionMat": [[5.0, 5.0, 0.0], [3.0, 3.0, 0.0], [0.0, 0.0, 0.0], [0.0, 0.0, 0.0], [0.0, 0.0, 0.0], [0.0, 0.0, 0.0], [8.0, 0.0, 0.0], [1.0, 0.0, 0.0]], "precisionMat": [[0.6703233101930783], [0.2430403667201751], [0.0], [0.0], [0.0], [0.0]], "gtPolPoints": [[320.0, 89.0, 452.0, 158.0, 443.0, 234.0, 311.0, 165.0], [446.0, 175.0, 507.0, 205.0, 506.0, 263.0, 445.0, 233.0], [1128.0, 350.0, 1150.0, 349.0, 1150.0, 368.0, 1128.0, 369.0], [516.0, 246.0, 555.0, 265.0, 552.0, 294.0, 513.0, 275.0], [600.0, 269.0, 646.0, 295.0, 643.0, 328.0, 597.0, 301.0], [401.0, 402.0, 493.0, 396.0, 495.0, 417.0, 398.0, 425.0]], "detPolPoints": [[342.0, 97.0, 522.0, 209.0, 487.0, 264.0, 307.0, 152.0]], "gtCharPoints": [[[328.7, 133.9], [355.09999999999997, 147.70000000000002], [381.5, 161.5], [407.9, 175.3], [434.29999999999995, 189.10000000000002]], [[455.6666666666667, 209.0], [476.0, 219.0], [496.33333333333337, 229.0]], [[1133.5, 359.25], [1144.5, 358.75]], [[524.25, 265.25], [543.75, 274.75]], [[610.0, 291.625], [633.0, 304.875]], [[408.95, 412.8], [427.84999999999997, 411.40000000000003], [446.75, 410.0], [465.65, 408.6], [484.54999999999995, 407.2]]], "gtCharCounts": [[1.0, 1.0, 1.0, 1.0, 1.0], [1.0, 1.0, 1.0], [0.0, 0.0], [0.0, 0.0], [0.0, 0.0], [0.0, 0.0, 0.0, 0.0, 0.0]], "gtDontCare": [2, 3, 4, 5], "detDontCare": [], "evaluationParams": {"GT_PATH": "gt/gt_IC15.zip", "SUBMIT_PATH": "result/result_paddleOCR_IC15.zip", "OUTPUT_PATH": "output/", "PORT": 8080, "BOX_TYPE": "QUAD", "TRANSCRIPTION": true, "CONFIDENCES": false, "CRLF": false, "E2E": true, "CASE_SENSITIVE": true, "RS": true, "AREA_PRECISION_CONSTRAINT": 0.5, "GRANULARITY_PENALTY_WEIGHT": 1.0, "VERTICAL_ASPECT_RATIO_THRES": 2.0, "NUM_WORKERS": 2, "GT_SAMPLE_NAME_2_ID": "([0-9]+)", "DET_SAMPLE_NAME_2_ID": "([0-9]+)", "PER_SAMPLE_RESULTS": true}, "evaluationLog": "GT polygons: 6 (4 don't care) \nDET polygons: 1\n\nFind one-to-one matches\nMatch GT #0 with Det #0\nFind one-to-many matches\nFind many-to-one matches\nMatch GT #[0, 1] with Det #0\n<b>Detection | PRECISION\n</b><b>Detection | RECALL\n</b><b># of false positive chars\n</b>0\n=================================\n<b>End-to-End | Recall\n</b><b>End-to-End | Precision\n</b>", "EndtoEnd": {"precision": 0.05, "recall": 0.25, "hmean": 0.08333333333333334, "recognition_score": 0.1}, "end2endMat": [[0.0, 2.0, 0.0], [0.0, 0.0, 0.0], [0.0, 0.0, 0.0], [0.0, 0.0, 0.0], [0.0, 0.0, 0.0], [0.0, 0.0, 0.0], [2.0, 0.0, 0.0], [1.0, 0.0, 0.0]], "gtTrans": ["TOAST", "BOX", "##", "##", "##", "#####"], "detTrans": ["TCINSINAL,0.62649703"], "gtQuery": ["TOAST", "BOX", "##", "##", "##", "#####"], "detQuery": ["TCINSINAL,0.62649703"]}