{"Rawdata": {"det_correct_num_recall": 0.0, "det_correct_num_precision": 0.0, "chars_gt": 34, "chars_det": 0, "num_splitted": 0, "num_merged": 0, "num_false_positive": 0, "char_missed": 34, "char_overlapped": 0, "char_false_positive": 0, "e2e_correct_num_recall": 0.0, "e2e_correct_num_precision": 0.0, "chars_recog": 0, "e2e_char_missed": 34.0, "e2e_char_false_positive": 0.0, "e2e_recog_score_chars": 0, "e2e_recog_score_correct_num": 0.0}, "Detection": {"precision": 0.0, "recall": 0.0, "hmean": 0}, "pairs": [], "detectionMat": [[0.0, 0.0], [0.0, 0.0], [0.0, 0.0], [0.0, 0.0], [0.0, 0.0], [0.0, 0.0], [0.0, 0.0], [0.0, 0.0], [0.0, 0.0], [0.0, 0.0], [0.0, 0.0], [0.0, 0.0], [0.0, 0.0], [0.0, 0.0]], "precisionMat": [[], [], [], [], [], [], [], [], [], [], [], []], "gtPolPoints": [[195.0, 506.0, 256.0, 485.0, 262.0, 509.0, 201.0, 530.0], [104.0, 534.0, 186.0, 506.0, 190.0, 534.0, 108.0, 562.0], [219.0, 466.0, 298.0, 442.0, 304.0, 469.0, 224.0, 493.0], [307.0, 441.0, 357.0, 425.0, 364.0, 447.0, 314.0, 463.0], [366.0, 423.0, 431.0, 401.0, 436.0, 423.0, 370.0, 446.0], [134.0, 496.0, 207.0, 472.0, 212.0, 499.0, 138.0, 523.0], [452.0, 465.0, 478.0, 454.0, 481.0, 464.0, 455.0, 476.0], [268.0, 480.0, 331.0, 459.0, 333.0, 483.0, 270.0, 505.0], [341.0, 456.0, 410.0, 434.0, 412.0, 456.0, 343.0, 478.0], [414.0, 432.0, 453.0, 417.0, 458.0, 439.0, 419.0, 454.0], [742.0, 263.0, 784.0, 225.0, 788.0, 353.0, 755.0, 409.0], [861.0, 446.0, 916.0, 468.0, 916.0, 480.0, 861.0, 457.0]], "detPolPoints": [], "gtCharPoints": [[[208.16666666666666, 514.5], [228.5, 507.5], [248.83333333333331, 500.5]], [[116.25, 544.5], [136.75, 537.5], [157.25, 530.5], [177.75, 523.5]], [[231.4375, 476.5], [251.3125, 470.5], [271.1875, 464.5], [291.0625, 458.5]], [[318.8333333333333, 449.3333333333333], [335.5, 444.0], [352.16666666666663, 438.66666666666663]], [[376.1875, 431.6875], [392.5625, 426.0625], [408.9375, 420.4375], [425.3125, 414.8125]], [[148.25, 505.5], [172.75, 497.5], [197.25, 489.5]], [[457.8333333333333, 468.5833333333333], [466.5, 464.75], [475.16666666666663, 460.91666666666663]], [[279.5, 488.9166666666667], [300.5, 481.75], [321.5, 474.58333333333337]], [[350.625, 464.25], [367.875, 458.75], [385.125, 453.25], [402.375, 447.75]], [[423.0, 440.5], [436.0, 435.5], [449.0, 430.5]], [[770.0833333333334, 358.1666666666667], [767.25, 312.5], [764.4166666666667, 266.83333333333337]], [[865.5833333333334, 453.375], [874.75, 457.125], [883.9166666666667, 460.875], [893.0833333333334, 464.625], [902.25, 468.375], [911.4166666666667, 472.125]]], "gtCharCounts": [0.0, 0.0, 0.0, 0.0, 0.0, 0.0, 0.0, 0.0, 0.0, 0.0, 0.0, 0.0], "gtDontCare": [10, 11], "detDontCare": [], "evaluationParams": {"GT_PATH": "gt/gt_IC15.zip", "SUBMIT_PATH": "result/result_paddleOCR_IC15.zip", "OUTPUT_PATH": "output/", "PORT": 8080, "BOX_TYPE": "QUAD", "TRANSCRIPTION": true, "CONFIDENCES": false, "CRLF": false, "E2E": true, "CASE_SENSITIVE": true, "RS": true, "AREA_PRECISION_CONSTRAINT": 0.5, "GRANULARITY_PENALTY_WEIGHT": 1.0, "VERTICAL_ASPECT_RATIO_THRES": 2.0, "NUM_WORKERS": 2, "GT_SAMPLE_NAME_2_ID": "([0-9]+)", "DET_SAMPLE_NAME_2_ID": "([0-9]+)", "PER_SAMPLE_RESULTS": true}, "evaluationLog": "GT polygons: 12 (2 don't care) \nDET polygons: 0\n\nFind one-to-one matches\nFind one-to-many matches\nFind many-to-one matches\n<b>Detection | PRECISION\n</b><b>Detection | RECALL\n</b><b># of false positive chars\n</b>0\n=================================\n<b>End-to-End | Recall\n</b><b>End-to-End | Precision\n</b>", "EndtoEnd": {"precision": 0.0, "recall": 0.0, "hmean": 0, "recognition_score": 0.0}, "end2endMat": [[0.0, 0.0], [0.0, 0.0], [0.0, 0.0], [0.0, 0.0], [0.0, 0.0], [0.0, 0.0], [0.0, 0.0], [0.0, 0.0], [0.0, 0.0], [0.0, 0.0], [0.0, 0.0], [0.0, 0.0], [0.0, 0.0], [0.0, 0.0]], "gtTrans": ["SEA", "BLUE", "EVEN", "THE", "DEEP", "NOT", "100", "CAN", "STOP", "US.", "###", "######"], "detTrans": [], "gtQuery": ["SEA", "BLUE", "EVEN", "THE", "DEEP", "NOT", "100", "CAN", "STOP", "US.", "###", "######"], "detQuery": []}