{"Rawdata": {"det_correct_num_recall": 6.0, "det_correct_num_precision": 6.0, "chars_gt": 6, "chars_det": 6.0, "num_splitted": 0, "num_merged": 0, "num_false_positive": 0, "char_missed": 0, "char_overlapped": 0, "char_false_positive": 0, "e2e_correct_num_recall": 4.0, "e2e_correct_num_precision": 4.0, "chars_recog": 17, "e2e_char_missed": 2.0, "e2e_char_false_positive": 13.0, "e2e_recog_score_chars": 17, "e2e_recog_score_correct_num": 4.0}, "Detection": {"precision": 1.0, "recall": 1.0, "hmean": 1.0}, "pairs": [{"gt": [0], "det": [0], "type": "OO"}], "detectionMat": [[6.0, 6.0, 0.0], [0.0, 0.0, 0.0], [6.0, 0.0, 0.0], [0.0, 0.0, 0.0]], "precisionMat": [[0.9911880286849758], [0.0]], "gtPolPoints": [[1075.0, 408.0, 1202.0, 413.0, 1200.0, 507.0, 1065.0, 495.0], [354.0, 333.0, 406.0, 338.0, 404.0, 352.0, 352.0, 346.0]], "detPolPoints": [[1073.0, 432.0, 1204.0, 445.0, 1200.0, 487.0, 1069.0, 474.0]], "gtCharPoints": [[[1080.9166666666667, 452.2083333333333], [1102.75, 453.625], [1124.5833333333335, 455.04166666666663], [1146.4166666666667, 456.4583333333333], [1168.25, 457.875], [1190.0833333333335, 459.29166666666663]], [[359.5, 340.1875], [372.5, 341.5625], [385.5, 342.9375], [398.5, 344.3125]]], "gtCharCounts": [[1.0, 1.0, 1.0, 1.0, 1.0, 1.0], [0.0, 0.0, 0.0, 0.0]], "gtDontCare": [1], "detDontCare": [], "evaluationParams": {"GT_PATH": "gt/gt_IC15.zip", "SUBMIT_PATH": "result/result_paddleOCR_IC15.zip", "OUTPUT_PATH": "output/", "PORT": 8080, "BOX_TYPE": "QUAD", "TRANSCRIPTION": true, "CONFIDENCES": false, "CRLF": false, "E2E": true, "CASE_SENSITIVE": true, "RS": true, "AREA_PRECISION_CONSTRAINT": 0.5, "GRANULARITY_PENALTY_WEIGHT": 1.0, "VERTICAL_ASPECT_RATIO_THRES": 2.0, "NUM_WORKERS": 2, "GT_SAMPLE_NAME_2_ID": "([0-9]+)", "DET_SAMPLE_NAME_2_ID": "([0-9]+)", "PER_SAMPLE_RESULTS": true}, "evaluationLog": "GT polygons: 2 (1 don't care) \nDET polygons: 1\n\nFind one-to-one matches\nMatch GT #0 with Det #0\nFind one-to-many matches\nFind many-to-one matches\n<b>Detection | PRECISION\n</b><b>Detection | RECALL\n</b><b># of false positive chars\n</b>0\n=================================\n<b>End-to-End | Recall\n</b><b>End-to-End | Precision\n</b>", "EndtoEnd": {"precision": 0.23529411764705882, "recall": 0.6666666666666666, "hmean": 0.3478260869565218, "recognition_score": 0.23529411764705882}, "end2endMat": [[0.0, 4.0, 0.0], [0.0, 0.0, 0.0], [4.0, 0.0, 0.0], [0.0, 0.0, 0.0]], "gtTrans": ["Epidor", "####"], "detTrans": ["opidon,0.79918534"], "gtQuery": ["Epidor", "####"], "detQuery": ["opidon,0.79918534"]}