{"Rawdata": {"det_correct_num_recall": 18.0, "det_correct_num_precision": 16.0, "chars_gt": 24, "chars_det": 20.0, "num_splitted": 1, "num_merged": 2, "num_false_positive": 0, "char_missed": 5, "char_overlapped": 1, "char_false_positive": 0, "e2e_correct_num_recall": 10.0, "e2e_correct_num_precision": 8.0, "chars_recog": 39, "e2e_char_missed": 14.0, "e2e_char_false_positive": 28.0, "e2e_recog_score_chars": 39, "e2e_recog_score_correct_num": 11.0}, "Detection": {"precision": 0.8, "recall": 0.75, "hmean": 0.7741935483870969}, "pairs": [{"gt": [0], "det": [0], "type": "OO"}, {"gt": [0, 1], "det": [0], "type": "MO"}, {"gt": [1, 2, 3], "det": [1], "type": "MO"}], "detectionMat": [[3.0, 0.0, 3.0, 0.0], [1.0, 2.0, 3.0, 1.0], [0.0, 7.0, 7.0, 0.0], [0.0, 6.0, 6.0, 0.0], [0.0, 0.0, 0.0, 0.0], [0.0, 0.0, 0.0, 0.0], [0.0, 0.0, 0.0, 0.0], [0.0, 0.0, 0.0, 0.0], [4.0, 15.0, 0.0, 0.0], [1.0, 2.0, 0.0, 0.0]], "precisionMat": [[0.7160861938379688, 0.0], [0.22237092054147478, 0.3104444444444443], [0.0, 0.4322144360575556], [0.0, 0.21813886736856292], [0.0, 0.0], [0.0, 0.0], [0.0, 0.0], [0.0, 0.0]], "gtPolPoints": [[0.0, 43.0, 60.0, 67.0, 59.0, 105.0, 0.0, 84.0], [64.0, 66.0, 143.0, 95.0, 143.0, 132.0, 64.0, 107.0], [143.0, 94.0, 252.0, 135.0, 253.0, 163.0, 143.0, 129.0], [256.0, 135.0, 326.0, 162.0, 322.0, 185.0, 253.0, 165.0], [639.0, 140.0, 647.0, 138.0, 648.0, 153.0, 640.0, 155.0], [961.0, 3.0, 1044.0, 0.0, 1051.0, 16.0, 970.0, 75.0], [185.0, 367.0, 204.0, 365.0, 205.0, 394.0, 189.0, 397.0], [15.0, 234.0, 67.0, 240.0, 65.0, 257.0, 17.0, 255.0]], "detPolPoints": [[12.0, 56.0, 83.0, 74.0, 77.0, 101.0, 6.0, 84.0], [69.0, 73.0, 319.0, 155.0, 310.0, 181.0, 60.0, 99.0]], "gtCharPoints": [[[9.916666666666666, 67.25], [29.75, 74.75], [49.58333333333333, 82.25]], [[77.16666666666667, 91.0], [103.5, 100.0], [129.83333333333334, 109.0]], [[150.82142857142858, 114.17857142857143], [166.46428571428572, 119.53571428571429], [182.10714285714286, 124.89285714285714], [197.75, 130.25], [213.39285714285717, 135.60714285714286], [229.03571428571428, 140.96428571428572], [244.67857142857144, 146.32142857142856]], [[259.4642857142857, 151.67857142857142], [269.39285714285717, 155.03571428571428], [279.32142857142856, 158.39285714285714], [289.25, 161.75], [299.17857142857144, 165.10714285714283], [309.1071428571429, 168.4642857142857], [319.0357142857143, 171.82142857142856]], [[641.5, 147.0], [645.5, 146.0]], [[975.75, 35.125], [996.25, 27.375], [1016.75, 19.625], [1037.25, 11.875]], [[191.375, 381.375], [200.125, 380.125]], [[24.333333333333336, 245.16666666666666], [41.0, 246.5], [57.66666666666667, 247.83333333333331]]], "gtCharCounts": [[1.0, 1.0, 1.0], [2.0, 1.0, 1.0], [1.0, 1.0, 1.0, 1.0, 1.0, 1.0, 1.0], [1.0, 1.0, 1.0, 1.0, 1.0, 1.0, 0.0], [0.0, 0.0], [0.0, 0.0, 0.0, 0.0], [0.0, 0.0], [0.0, 0.0, 0.0]], "gtDontCare": [4, 6, 7], "detDontCare": [], "evaluationParams": {"GT_PATH": "gt/gt_IC15.zip", "SUBMIT_PATH": "result/result_paddleOCR_IC15.zip", "OUTPUT_PATH": "output/", "PORT": 8080, "BOX_TYPE": "QUAD", "TRANSCRIPTION": true, "CONFIDENCES": false, "CRLF": false, "E2E": true, "CASE_SENSITIVE": true, "RS": true, "AREA_PRECISION_CONSTRAINT": 0.5, "GRANULARITY_PENALTY_WEIGHT": 1.0, "VERTICAL_ASPECT_RATIO_THRES": 2.0, "NUM_WORKERS": 2, "GT_SAMPLE_NAME_2_ID": "([0-9]+)", "DET_SAMPLE_NAME_2_ID": "([0-9]+)", "PER_SAMPLE_RESULTS": true}, "evaluationLog": "GT polygons: 8 (3 don't care) \nDET polygons: 2\n\nFind one-to-one matches\nMatch GT #0 with Det #0\nFind one-to-many matches\nFind many-to-one matches\nMatch GT #[0, 1] with Det #0\nMatch GT #[1, 2, 3] with Det #1\n<b>Detection | PRECISION\n</b><b>Detection | RECALL\n</b><b># of false positive chars\n</b>0\n=================================\n<b>End-to-End | Recall\n</b><b>End-to-End | Precision\n</b>", "EndtoEnd": {"precision": 0.20512820512820512, "recall": 0.4166666666666667, "hmean": 0.27491408934707906, "recognition_score": 0.28205128205128205}, "end2endMat": [[0.0, 0.0, 2.0, 0.0], [0.0, 0.0, 2.0, 1.0], [0.0, 0.0, 6.0, 0.0], [0.0, 0.0, 1.0, 0.0], [0.0, 0.0, 0.0, 0.0], [0.0, 0.0, 0.0, 0.0], [0.0, 0.0, 0.0, 0.0], [0.0, 0.0, 0.0, 0.0], [2.0, 9.0, 0.0, 0.0], [1.0, 2.0, 0.0, 0.0]], "gtTrans": ["LEE", "HWA", "DIAMOND", "GALLERY", "##", "SEPH", "##", "###"], "detTrans": ["EEL,0.6376627", "WA DIANOND GHIB,0.83586997"], "gtQuery": ["LEE", "HWA", "DIAMOND", "GALLERY", "##", "SEPH", "##", "###"], "detQuery": ["EEL,0.6376627", "WA DIANOND GHIB,0.83586997"]}