{"Rawdata": {"det_correct_num_recall": 0.0, "det_correct_num_precision": 0.0, "chars_gt": 18, "chars_det": 0, "num_splitted": 0, "num_merged": 0, "num_false_positive": 0, "char_missed": 18, "char_overlapped": 0, "char_false_positive": 0, "e2e_correct_num_recall": 0.0, "e2e_correct_num_precision": 0.0, "chars_recog": 0, "e2e_char_missed": 18.0, "e2e_char_false_positive": 0.0, "e2e_recog_score_chars": 0, "e2e_recog_score_correct_num": 0.0}, "Detection": {"precision": 0.0, "recall": 0.0, "hmean": 0}, "pairs": [], "detectionMat": [[0.0, 0.0], [0.0, 0.0], [0.0, 0.0], [0.0, 0.0], [0.0, 0.0], [0.0, 0.0], [0.0, 0.0], [0.0, 0.0], [0.0, 0.0]], "precisionMat": [[], [], [], [], [], [], []], "gtPolPoints": [[1005.0, 357.0, 1054.0, 359.0, 1057.0, 393.0, 1007.0, 391.0], [1009.0, 398.0, 1039.0, 401.0, 1042.0, 444.0, 1012.0, 440.0], [1041.0, 426.0, 1060.0, 428.0, 1059.0, 445.0, 1040.0, 443.0], [1038.0, 402.0, 1057.0, 404.0, 1059.0, 426.0, 1040.0, 425.0], [668.0, 224.0, 715.0, 207.0, 715.0, 228.0, 668.0, 245.0], [713.0, 203.0, 798.0, 173.0, 801.0, 196.0, 716.0, 226.0], [537.0, 272.0, 624.0, 244.0, 624.0, 268.0, 537.0, 296.0]], "detPolPoints": [], "gtCharPoints": [[[1012.1875, 374.25], [1024.5625, 374.75], [1036.9375, 375.25], [1049.3125, 375.75]], [[1018.0, 419.875], [1033.0, 421.625]], [[1043.6666666666667, 434.8333333333333], [1050.0, 435.5], [1056.3333333333335, 436.16666666666663]], [[1043.75, 413.875], [1053.25, 414.625]], [[672.7, 232.8], [682.1, 229.4], [691.5, 226.0], [700.9000000000001, 222.60000000000002], [710.3000000000001, 219.20000000000002]], [[721.5833333333334, 212.0], [735.75, 207.0], [749.9166666666667, 202.0], [764.0833333333334, 197.0], [778.25, 192.0], [792.4166666666667, 187.0]], [[547.875, 280.5], [569.625, 273.5], [591.375, 266.5], [613.125, 259.5]]], "gtCharCounts": [0.0, 0.0, 0.0, 0.0, 0.0, 0.0, 0.0], "gtDontCare": [1, 3, 6], "detDontCare": [], "evaluationParams": {"GT_PATH": "gt/gt_IC15.zip", "SUBMIT_PATH": "result/result_paddleOCR_IC15.zip", "OUTPUT_PATH": "output/", "PORT": 8080, "BOX_TYPE": "QUAD", "TRANSCRIPTION": true, "CONFIDENCES": false, "CRLF": false, "E2E": true, "CASE_SENSITIVE": true, "RS": true, "AREA_PRECISION_CONSTRAINT": 0.5, "GRANULARITY_PENALTY_WEIGHT": 1.0, "VERTICAL_ASPECT_RATIO_THRES": 2.0, "NUM_WORKERS": 2, "GT_SAMPLE_NAME_2_ID": "([0-9]+)", "DET_SAMPLE_NAME_2_ID": "([0-9]+)", "PER_SAMPLE_RESULTS": true}, "evaluationLog": "GT polygons: 7 (3 don't care) \nDET polygons: 0\n\nFind one-to-one matches\nFind one-to-many matches\nFind many-to-one matches\n<b>Detection | PRECISION\n</b><b>Detection | RECALL\n</b><b># of false positive chars\n</b>0\n=================================\n<b>End-to-End | Recall\n</b><b>End-to-End | Precision\n</b>", "EndtoEnd": {"precision": 0.0, "recall": 0.0, "hmean": 0, "recognition_score": 0.0}, "end2endMat": [[0.0, 0.0], [0.0, 0.0], [0.0, 0.0], [0.0, 0.0], [0.0, 0.0], [0.0, 0.0], [0.0, 0.0], [0.0, 0.0], [0.0, 0.0]], "gtTrans": ["SALE", "##", "OFF", "##", "UNDER", "ARMOUR", "####"], "detTrans": [], "gtQuery": ["SALE", "##", "OFF", "##", "UNDER", "ARMOUR", "####"], "detQuery": []}