{"Rawdata": {"det_correct_num_recall": 12.0, "det_correct_num_precision": 12.0, "chars_gt": 20, "chars_det": 12.0, "num_splitted": 0, "num_merged": 0, "num_false_positive": 0, "char_missed": 8, "char_overlapped": 0, "char_false_positive": 0, "e2e_correct_num_recall": 8.0, "e2e_correct_num_precision": 8.0, "chars_recog": 37, "e2e_char_missed": 12.0, "e2e_char_false_positive": 29.0, "e2e_recog_score_chars": 37, "e2e_recog_score_correct_num": 8.0}, "Detection": {"precision": 1.0, "recall": 0.6, "hmean": 0.7499999999999999}, "pairs": [{"gt": [1], "det": [0], "type": "OO"}, {"gt": [4], "det": [1], "type": "OO"}], "detectionMat": [[0.0, 0.0, 0.0, 0.0], [7.0, 0.0, 7.0, 0.0], [0.0, 0.0, 0.0, 0.0], [0.0, 0.0, 0.0, 0.0], [0.0, 5.0, 5.0, 0.0], [0.0, 0.0, 0.0, 0.0], [0.0, 0.0, 0.0, 0.0], [0.0, 0.0, 0.0, 0.0], [0.0, 0.0, 0.0, 0.0], [7.0, 5.0, 0.0, 0.0], [0.0, 0.0, 0.0, 0.0]], "precisionMat": [[0.0, 0.0], [0.8584999608894787, 0.0], [0.0, 0.027353493420772743], [0.0, 0.31121693408429674], [0.0, 0.5555555555555539], [0.0, 0.0], [0.04960031974420438, 0.0], [0.0, 0.0], [0.0, 0.0]], "gtPolPoints": [[778.0, 318.0, 855.0, 315.0, 857.0, 341.0, 780.0, 345.0], [755.0, 378.0, 881.0, 382.0, 881.0, 424.0, 753.0, 417.0], [738.0, 430.0, 788.0, 428.0, 788.0, 445.0, 738.0, 446.0], [783.0, 431.0, 822.0, 432.0, 822.0, 446.0, 783.0, 445.0], [822.0, 427.0, 871.0, 430.0, 870.0, 450.0, 821.0, 447.0], [730.0, 325.0, 770.0, 323.0, 767.0, 348.0, 727.0, 351.0], [734.0, 382.0, 749.0, 381.0, 750.0, 415.0, 735.0, 416.0], [537.0, 330.0, 555.0, 330.0, 557.0, 350.0, 539.0, 350.0], [463.0, 335.0, 499.0, 335.0, 506.0, 354.0, 470.0, 354.0]], "detPolPoints": [[741.0, 379.0, 880.0, 379.0, 880.0, 421.0, 741.0, 421.0], [786.0, 426.0, 867.0, 435.0, 866.0, 449.0, 785.0, 440.0]], "gtCharPoints": [[[788.625, 331.0625], [807.875, 330.1875], [827.125, 329.3125], [846.375, 328.4375]], [[763.0714285714286, 397.89285714285717], [781.2142857142857, 398.67857142857144], [799.3571428571429, 399.4642857142857], [817.5, 400.25], [835.6428571428571, 401.03571428571433], [853.7857142857142, 401.8214285714286], [871.9285714285714, 402.6071428571429]], [[744.25, 437.8125], [756.75, 437.4375], [769.25, 437.0625], [781.75, 436.6875]], [[789.5, 438.1666666666667], [802.5, 438.5], [815.5, 438.83333333333337]], [[826.4, 437.3], [836.1999999999999, 437.90000000000003], [846.0, 438.5], [855.8, 439.1], [865.6, 439.7]], [[738.5, 337.375], [758.5, 336.125]], [[742.3333333333334, 409.8333333333333], [742.0, 398.5], [741.6666666666667, 387.16666666666663]], [[542.5, 340.0], [551.5, 340.0]], [[475.5, 344.5], [493.5, 344.5]]], "gtCharCounts": [[0.0, 0.0, 0.0, 0.0], [1.0, 1.0, 1.0, 1.0, 1.0, 1.0, 1.0], [0.0, 0.0, 0.0, 0.0], [0.0, 0.0, 0.0], [1.0, 1.0, 1.0, 1.0, 1.0], [0.0, 0.0], [0.0, 0.0, 0.0], [0.0, 0.0], [0.0, 0.0]], "gtDontCare": [3, 5, 6, 7, 8], "detDontCare": [], "evaluationParams": {"GT_PATH": "gt/gt_IC15.zip", "SUBMIT_PATH": "result/result_paddleOCR_IC15.zip", "OUTPUT_PATH": "output/", "PORT": 8080, "BOX_TYPE": "QUAD", "TRANSCRIPTION": true, "CONFIDENCES": false, "CRLF": false, "E2E": true, "CASE_SENSITIVE": true, "RS": true, "AREA_PRECISION_CONSTRAINT": 0.5, "GRANULARITY_PENALTY_WEIGHT": 1.0, "VERTICAL_ASPECT_RATIO_THRES": 2.0, "NUM_WORKERS": 2, "GT_SAMPLE_NAME_2_ID": "([0-9]+)", "DET_SAMPLE_NAME_2_ID": "([0-9]+)", "PER_SAMPLE_RESULTS": true}, "evaluationLog": "GT polygons: 9 (5 don't care) \nDET polygons: 2\n\nFind one-to-one matches\nMatch GT #1 with Det #0\nMatch GT #4 with Det #1\nFind one-to-many matches\nFind many-to-one matches\n<b>Detection | PRECISION\n</b><b>Detection | RECALL\n</b><b># of false positive chars\n</b>0\n=================================\n<b>End-to-End | Recall\n</b><b>End-to-End | Precision\n</b>", "EndtoEnd": {"precision": 0.21621621621621623, "recall": 0.4, "hmean": 0.2807017543859649, "recognition_score": 0.21621621621621623}, "end2endMat": [[0.0, 0.0, 0.0, 0.0], [0.0, 0.0, 7.0, 0.0], [0.0, 0.0, 0.0, 0.0], [0.0, 0.0, 0.0, 0.0], [0.0, 0.0, 1.0, 0.0], [0.0, 0.0, 0.0, 0.0], [0.0, 0.0, 0.0, 0.0], [0.0, 0.0, 0.0, 0.0], [0.0, 0.0, 0.0, 0.0], [7.0, 1.0, 0.0, 0.0], [0.0, 0.0, 0.0, 0.0]], "gtTrans": ["OPEN", "Parfait", "ceve", "###", "Tokyo", "##", "###", "##", "##"], "detTrans": ["Parfait,0.9837889", "tamildlay,0.65295845"], "gtQuery": ["OPEN", "Parfait", "ceve", "###", "Tokyo", "##", "###", "##", "##"], "detQuery": ["Parfait,0.9837889", "tamildlay,0.65295845"]}