{"Rawdata": {"det_correct_num_recall": 6.0, "det_correct_num_precision": 6.0, "chars_gt": 12, "chars_det": 8.0, "num_splitted": 0, "num_merged": 0, "num_false_positive": 1, "char_missed": 6, "char_overlapped": 0, "char_false_positive": 2, "e2e_correct_num_recall": 4.0, "e2e_correct_num_precision": 4.0, "chars_recog": 27, "e2e_char_missed": 8.0, "e2e_char_false_positive": 23.0, "e2e_recog_score_chars": 14, "e2e_recog_score_correct_num": 4.0}, "Detection": {"precision": 0.75, "recall": 0.5, "hmean": 0.6}, "pairs": [{"gt": [1], "det": [1], "type": "OO"}], "detectionMat": [[0.0, 0.0, 0.0, 0.0], [0.0, 6.0, 6.0, 0.0], [0.0, 0.0, 0.0, 0.0], [0.0, 0.0, 0.0, 0.0], [0.0, 0.0, 0.0, 0.0], [0.0, 0.0, 0.0, 0.0], [0.0, 6.0, 0.0, 0.0], [0.0, 0.0, 0.0, 0.0]], "precisionMat": [[0.0, 0.0], [0.09645769677256885, 1.0], [0.0, 0.0], [0.0, 0.0], [0.0, 0.0], [0.0, 0.0]], "gtPolPoints": [[922.0, 220.0, 1021.0, 208.0, 1016.0, 235.0, 922.0, 245.0], [1141.0, 196.0, 1215.0, 207.0, 1212.0, 235.0, 1145.0, 230.0], [723.0, 242.0, 852.0, 245.0, 852.0, 266.0, 723.0, 263.0], [53.0, 258.0, 108.0, 251.0, 108.0, 271.0, 53.0, 278.0], [122.0, 247.0, 156.0, 242.0, 155.0, 261.0, 121.0, 266.0], [170.0, 241.0, 218.0, 228.0, 217.0, 245.0, 168.0, 257.0]], "detPolPoints": [[1163.0, 190.0, 1191.0, 186.0, 1193.0, 201.0, 1165.0, 204.0], [1147.0, 210.0, 1208.0, 213.0, 1208.0, 228.0, 1146.0, 225.0]], "gtCharPoints": [[[930.0416666666666, 231.58333333333334], [946.125, 229.75], [962.2083333333333, 227.91666666666669], [978.2916666666666, 226.08333333333334], [994.375, 224.25], [1010.4583333333333, 222.41666666666669]], [[1148.875, 213.66666666666666], [1160.625, 215.0], [1172.375, 216.33333333333331], [1184.125, 217.66666666666666], [1195.875, 219.0], [1207.625, 220.33333333333331]], [[732.2142857142857, 252.71428571428572], [750.6428571428571, 253.14285714285714], [769.0714285714286, 253.57142857142858], [787.5, 254.0], [805.9285714285713, 254.42857142857144], [824.3571428571428, 254.85714285714286], [842.7857142857142, 255.2857142857143]], [[62.166666666666664, 266.8333333333333], [80.5, 264.5], [98.83333333333333, 262.16666666666663]], [[130.0, 255.25], [147.0, 252.75]], [[175.0625, 247.4375], [187.1875, 244.3125], [199.3125, 241.1875], [211.4375, 238.0625]]], "gtCharCounts": [[0.0, 0.0, 0.0, 0.0, 0.0, 0.0], [1.0, 1.0, 1.0, 1.0, 1.0, 1.0], [0.0, 0.0, 0.0, 0.0, 0.0, 0.0, 0.0], [0.0, 0.0, 0.0], [0.0, 0.0], [0.0, 0.0, 0.0, 0.0]], "gtDontCare": [2, 3, 4, 5], "detDontCare": [], "evaluationParams": {"GT_PATH": "gt/gt_IC15.zip", "SUBMIT_PATH": "result/result_paddleOCR_IC15.zip", "OUTPUT_PATH": "output/", "PORT": 8080, "BOX_TYPE": "QUAD", "TRANSCRIPTION": true, "CONFIDENCES": false, "CRLF": false, "E2E": true, "CASE_SENSITIVE": true, "RS": true, "AREA_PRECISION_CONSTRAINT": 0.5, "GRANULARITY_PENALTY_WEIGHT": 1.0, "VERTICAL_ASPECT_RATIO_THRES": 2.0, "NUM_WORKERS": 2, "GT_SAMPLE_NAME_2_ID": "([0-9]+)", "DET_SAMPLE_NAME_2_ID": "([0-9]+)", "PER_SAMPLE_RESULTS": true}, "evaluationLog": "GT polygons: 6 (4 don't care) \nDET polygons: 2\n\nFind one-to-one matches\nMatch GT #1 with Det #1\nFind one-to-many matches\nFind many-to-one matches\n<b>Detection | PRECISION\n</b><b>Detection | RECALL\n</b><b># of false positive chars\n</b>2\n=================================\n<b>End-to-End | Recall\n</b><b>End-to-End | Precision\n</b>", "EndtoEnd": {"precision": 0.14814814814814814, "recall": 0.3333333333333333, "hmean": 0.20512820512820512, "recognition_score": 0.2857142857142857}, "end2endMat": [[0.0, 0.0, 0.0, 0.0], [0.0, 0.0, 4.0, 0.0], [0.0, 0.0, 0.0, 0.0], [0.0, 0.0, 0.0, 0.0], [0.0, 0.0, 0.0, 0.0], [0.0, 0.0, 0.0, 0.0], [0.0, 4.0, 0.0, 0.0], [0.0, 0.0, 0.0, 0.0]], "gtTrans": ["TISSOT", "TISSOT", "#######", "###", "##", "####"], "detTrans": ["UH,0.50535506", "TSSO,0.7530644"], "gtQuery": ["TISSOT", "TISSOT", "#######", "###", "##", "####"], "detQuery": ["UH,0.50535506", "TSSO,0.7530644"]}