{"Rawdata": {"det_correct_num_recall": 3.0, "det_correct_num_precision": 3.0, "chars_gt": 27, "chars_det": 3.0, "num_splitted": 0, "num_merged": 0, "num_false_positive": 0, "char_missed": 24, "char_overlapped": 0, "char_false_positive": 0, "e2e_correct_num_recall": 0.0, "e2e_correct_num_precision": 0.0, "chars_recog": 14, "e2e_char_missed": 27.0, "e2e_char_false_positive": 14.0, "e2e_recog_score_chars": 14, "e2e_recog_score_correct_num": 0.0}, "Detection": {"precision": 1.0, "recall": 0.1111111111111111, "hmean": 0.19999999999999998}, "pairs": [{"gt": [1], "det": [0], "type": "OO"}], "detectionMat": [[0.0, 0.0, 0.0], [3.0, 3.0, 0.0], [0.0, 0.0, 0.0], [0.0, 0.0, 0.0], [0.0, 0.0, 0.0], [0.0, 0.0, 0.0], [0.0, 0.0, 0.0], [0.0, 0.0, 0.0], [0.0, 0.0, 0.0], [0.0, 0.0, 0.0], [3.0, 0.0, 0.0], [0.0, 0.0, 0.0]], "precisionMat": [[0.0], [1.0], [0.0], [0.0], [0.0], [0.0], [0.0], [0.0], [0.0], [0.0]], "gtPolPoints": [[781.0, 171.0, 872.0, 168.0, 871.0, 195.0, 781.0, 200.0], [581.0, 150.0, 628.0, 160.0, 628.0, 224.0, 579.0, 214.0], [877.0, 166.0, 928.0, 163.0, 925.0, 193.0, 875.0, 193.0], [784.0, 202.0, 831.0, 201.0, 831.0, 229.0, 782.0, 233.0], [834.0, 200.0, 920.0, 193.0, 920.0, 228.0, 830.0, 234.0], [783.0, 231.0, 869.0, 226.0, 871.0, 261.0, 782.0, 267.0], [867.0, 222.0, 955.0, 223.0, 955.0, 271.0, 870.0, 277.0], [1055.0, 37.0, 1102.0, 40.0, 1107.0, 233.0, 1060.0, 231.0], [1061.0, 284.0, 1114.0, 291.0, 1117.0, 378.0, 1062.0, 376.0], [1070.0, 238.0, 1110.0, 237.0, 1111.0, 274.0, 1070.0, 278.0]], "detPolPoints": [[583.0, 167.0, 624.0, 167.0, 624.0, 209.0, 583.0, 209.0]], "gtCharPoints": [[[792.3125, 185.0], [814.9375, 184.0], [837.5625, 183.0], [860.1875, 182.0]], [[588.0, 183.66666666666666], [604.0, 187.0], [620.0, 190.33333333333331]], [[888.625, 179.125], [913.875, 178.375]], [[791.0, 217.08333333333334], [807.0, 216.25], [823.0, 215.41666666666669]], [[840.8, 216.35], [858.4, 215.04999999999998], [876.0, 213.75], [893.5999999999999, 212.45], [911.1999999999999, 211.15]], [[797.0833333333334, 248.08333333333334], [826.25, 246.25], [855.4166666666667, 244.41666666666669]], [[890.125, 248.875], [933.375, 247.625]], [[1083.0833333333333, 215.875], [1082.25, 183.625], [1081.4166666666665, 151.375], [1080.5833333333333, 119.125], [1079.75, 86.875], [1078.9166666666665, 54.625]], [[1070.5, 330.75], [1088.5, 332.25], [1106.5, 333.75]], [[1080.125, 257.375], [1100.375, 256.125]]], "gtCharCounts": [[0.0, 0.0, 0.0, 0.0], [1.0, 1.0, 1.0], [0.0, 0.0], [0.0, 0.0, 0.0], [0.0, 0.0, 0.0, 0.0, 0.0], [0.0, 0.0, 0.0], [0.0, 0.0], [0.0, 0.0, 0.0, 0.0, 0.0, 0.0], [0.0, 0.0, 0.0], [0.0, 0.0]], "gtDontCare": [2, 6, 9], "detDontCare": [], "evaluationParams": {"GT_PATH": "gt/gt_IC15.zip", "SUBMIT_PATH": "result/result_paddleOCR_IC15.zip", "OUTPUT_PATH": "output/", "PORT": 8080, "BOX_TYPE": "QUAD", "TRANSCRIPTION": true, "CONFIDENCES": false, "CRLF": false, "E2E": true, "CASE_SENSITIVE": true, "RS": true, "AREA_PRECISION_CONSTRAINT": 0.5, "GRANULARITY_PENALTY_WEIGHT": 1.0, "VERTICAL_ASPECT_RATIO_THRES": 2.0, "NUM_WORKERS": 2, "GT_SAMPLE_NAME_2_ID": "([0-9]+)", "DET_SAMPLE_NAME_2_ID": "([0-9]+)", "PER_SAMPLE_RESULTS": true}, "evaluationLog": "GT polygons: 10 (3 don't care) \nDET polygons: 1\n\nFind one-to-one matches\nMatch GT #1 with Det #0\nFind one-to-many matches\nFind many-to-one matches\n<b>Detection | PRECISION\n</b><b>Detection | RECALL\n</b><b># of false positive chars\n</b>0\n=================================\n<b>End-to-End | Recall\n</b><b>End-to-End | Precision\n</b>", "EndtoEnd": {"precision": 0.0, "recall": 0.0, "hmean": 0, "recognition_score": 0.0}, "end2endMat": [[0.0, 0.0, 0.0], [0.0, 0.0, 0.0], [0.0, 0.0, 0.0], [0.0, 0.0, 0.0], [0.0, 0.0, 0.0], [0.0, 0.0, 0.0], [0.0, 0.0, 0.0], [0.0, 0.0, 0.0], [0.0, 0.0, 0.0], [0.0, 0.0, 0.0], [0.0, 0.0, 0.0], [0.0, 0.0, 0.0]], "gtTrans": ["LIFE", "J&D", "##", "TOO", "SHORT", "BAD", "##", "nniiru", "inc", "##"], "detTrans": ["jen,0.66596454"], "gtQuery": ["LIFE", "J&D", "##", "TOO", "SHORT", "BAD", "##", "nniiru", "inc", "##"], "detQuery": ["jen,0.66596454"]}