{"Rawdata": {"det_correct_num_recall": 12.0, "det_correct_num_precision": 12.0, "chars_gt": 24, "chars_det": 12.0, "num_splitted": 0, "num_merged": 0, "num_false_positive": 0, "char_missed": 12, "char_overlapped": 0, "char_false_positive": 0, "e2e_correct_num_recall": 13.0, "e2e_correct_num_precision": 13.0, "chars_recog": 34, "e2e_char_missed": 11.0, "e2e_char_false_positive": 21.0, "e2e_recog_score_chars": 34, "e2e_recog_score_correct_num": 13.0}, "Detection": {"precision": 1.0, "recall": 0.5, "hmean": 0.6666666666666666}, "pairs": [{"gt": [0], "det": [0], "type": "OO"}, {"gt": [1], "det": [1], "type": "OO"}], "detectionMat": [[6.0, 0.0, 6.0, 0.0], [0.0, 6.0, 6.0, 0.0], [0.0, 0.0, 0.0, 0.0], [0.0, 0.0, 0.0, 0.0], [0.0, 0.0, 0.0, 0.0], [0.0, 0.0, 0.0, 0.0], [6.0, 6.0, 0.0, 0.0], [0.0, 0.0, 0.0, 0.0]], "precisionMat": [[0.9714507722307252, 0.0], [0.08434763512137798, 0.9886028374445857], [0.0, 0.0], [0.0, 0.0], [0.0, 0.0], [0.0, 0.0]], "gtPolPoints": [[195.0, 228.0, 403.0, 244.0, 398.0, 298.0, 190.0, 281.0], [186.0, 286.0, 398.0, 289.0, 395.0, 335.0, 182.0, 333.0], [226.0, 340.0, 372.0, 343.0, 367.0, 441.0, 221.0, 439.0], [390.0, 198.0, 412.0, 200.0, 411.0, 214.0, 388.0, 211.0], [695.0, 194.0, 853.0, 198.0, 855.0, 236.0, 696.0, 233.0], [853.0, 193.0, 1010.0, 194.0, 1012.0, 238.0, 856.0, 236.0]], "detPolPoints": [[209.0, 232.0, 386.0, 260.0, 379.0, 302.0, 202.0, 275.0], [205.0, 288.0, 389.0, 301.0, 386.0, 338.0, 202.0, 325.0]], "gtCharPoints": [[[207.35714285714286, 255.67857142857142], [237.07142857142858, 258.0357142857143], [266.7857142857143, 260.3928571428571], [296.5, 262.75], [326.2142857142857, 265.10714285714283], [355.92857142857144, 267.4642857142857], [385.6428571428571, 269.82142857142856]], [[199.17857142857142, 309.67857142857144], [229.53571428571428, 310.0357142857143], [259.8928571428571, 310.39285714285717], [290.25, 310.75], [320.60714285714283, 311.1071428571429], [350.96428571428567, 311.4642857142857], [381.32142857142856, 311.8214285714286]], [[238.1, 389.75], [267.3, 390.25], [296.5, 390.75], [325.7, 391.25], [354.9, 391.75]], [[394.625, 205.125], [405.875, 206.375]], [[711.35, 213.85], [743.0500000000001, 214.54999999999998], [774.75, 215.25], [806.45, 215.95], [838.15, 216.65]], [[874.0625, 214.6875], [913.1875, 215.0625], [952.3125, 215.4375], [991.4375, 215.8125]]], "gtCharCounts": [[1.0, 1.0, 1.0, 1.0, 1.0, 1.0, 0.0], [0.0, 1.0, 1.0, 1.0, 1.0, 1.0, 1.0], [0.0, 0.0, 0.0, 0.0, 0.0], [0.0, 0.0], [0.0, 0.0, 0.0, 0.0, 0.0], [0.0, 0.0, 0.0, 0.0]], "gtDontCare": [3, 5], "detDontCare": [], "evaluationParams": {"GT_PATH": "gt/gt_IC15.zip", "SUBMIT_PATH": "result/result_paddleOCR_IC15.zip", "OUTPUT_PATH": "output/", "PORT": 8080, "BOX_TYPE": "QUAD", "TRANSCRIPTION": true, "CONFIDENCES": false, "CRLF": false, "E2E": true, "CASE_SENSITIVE": true, "RS": true, "AREA_PRECISION_CONSTRAINT": 0.5, "GRANULARITY_PENALTY_WEIGHT": 1.0, "VERTICAL_ASPECT_RATIO_THRES": 2.0, "NUM_WORKERS": 2, "GT_SAMPLE_NAME_2_ID": "([0-9]+)", "DET_SAMPLE_NAME_2_ID": "([0-9]+)", "PER_SAMPLE_RESULTS": true}, "evaluationLog": "GT polygons: 6 (2 don't care) \nDET polygons: 2\n\nFind one-to-one matches\nMatch GT #0 with Det #0\nMatch GT #1 with Det #1\nFind one-to-many matches\nFind many-to-one matches\n<b>Detection | PRECISION\n</b><b>Detection | RECALL\n</b><b># of false positive chars\n</b>0\n=================================\n<b>End-to-End | Recall\n</b><b>End-to-End | Precision\n</b>", "EndtoEnd": {"precision": 0.38235294117647056, "recall": 0.5416666666666666, "hmean": 0.44827586206896547, "recognition_score": 0.38235294117647056}, "end2endMat": [[0.0, 0.0, 6.0, 0.0], [0.0, 0.0, 7.0, 0.0], [0.0, 0.0, 0.0, 0.0], [0.0, 0.0, 0.0, 0.0], [0.0, 0.0, 0.0, 0.0], [0.0, 0.0, 0.0, 0.0], [6.0, 7.0, 0.0, 0.0], [0.0, 0.0, 0.0, 0.0]], "gtTrans": ["HOLIDAY", "PLATTER", "$5,50", "##", "CANDY", "####"], "detTrans": ["HOLIDA,0.9804278", "PLATTER,0.98783123"], "gtQuery": ["HOLIDAY", "PLATTER", "$5,50", "##", "CANDY", "####"], "detQuery": ["HOLIDA,0.9804278", "PLATTER,0.98783123"]}