{"Rawdata": {"det_correct_num_recall": 4.0, "det_correct_num_precision": 4.0, "chars_gt": 9, "chars_det": 4.0, "num_splitted": 0, "num_merged": 0, "num_false_positive": 0, "char_missed": 5, "char_overlapped": 0, "char_false_positive": 0, "e2e_correct_num_recall": 4.0, "e2e_correct_num_precision": 4.0, "chars_recog": 15, "e2e_char_missed": 5.0, "e2e_char_false_positive": 11.0, "e2e_recog_score_chars": 15, "e2e_recog_score_correct_num": 4.0}, "Detection": {"precision": 1.0, "recall": 0.4444444444444444, "hmean": 0.6153846153846153}, "pairs": [{"gt": [0], "det": [0], "type": "OO"}], "detectionMat": [[4.0, 0.0, 0.0, 4.0, 0.0], [0.0, 0.0, 0.0, 0.0, 0.0], [0.0, 0.0, 0.0, 0.0, 0.0], [0.0, 0.0, 0.0, 0.0, 0.0], [0.0, 0.0, 0.0, 0.0, 0.0], [0.0, 0.0, 0.0, 0.0, 0.0], [0.0, 0.0, 0.0, 0.0, 0.0], [0.0, 0.0, 0.0, 0.0, 0.0], [0.0, 0.0, 0.0, 0.0, 0.0], [0.0, 0.0, 0.0, 0.0, 0.0], [4.0, 0.0, 0.0, 0.0, 0.0], [0.0, 0.0, 0.0, 0.0, 0.0]], "precisionMat": [[0.8583333333333342, 0.01886734693877611, 0.0], [0.0, 0.54725, 0.0], [0.0, 0.2589348739495799, 0.0], [0.0, 0.0, 0.16472190090611336], [0.0, 0.0, 0.23076923076923078], [0.14166666666666827, 0.0, 0.0], [0.0, 0.0, 0.0], [0.0, 0.0, 0.0], [0.0, 0.0, 0.12246963562753037], [0.0, 0.0, 0.0]], "gtPolPoints": [[950.0, 567.0, 998.0, 571.0, 995.0, 590.0, 946.0, 586.0], [949.0, 590.0, 979.0, 593.0, 980.0, 613.0, 950.0, 610.0], [979.0, 592.0, 993.0, 593.0, 996.0, 613.0, 979.0, 612.0], [948.0, 617.0, 962.0, 618.0, 960.0, 633.0, 946.0, 632.0], [981.0, 621.0, 998.0, 624.0, 993.0, 637.0, 977.0, 634.0], [950.0, 558.0, 993.0, 562.0, 992.0, 571.0, 949.0, 567.0], [678.0, 321.0, 692.0, 321.0, 691.0, 333.0, 677.0, 334.0], [680.0, 308.0, 699.0, 309.0, 698.0, 320.0, 678.0, 318.0], [961.0, 619.0, 970.0, 621.0, 969.0, 633.0, 959.0, 632.0], [858.0, 626.0, 935.0, 651.0, 936.0, 677.0, 844.0, 656.0]], "detPolPoints": [[953.0, 566.0, 991.0, 566.0, 991.0, 586.0, 953.0, 586.0], [952.0, 588.0, 992.0, 588.0, 992.0, 613.0, 952.0, 613.0], [949.0, 619.0, 1001.0, 619.0, 1001.0, 638.0, 949.0, 638.0]], "gtCharPoints": [[[954.0625, 577.0], [966.1875, 578.0], [978.3125, 579.0], [990.4375, 580.0]], [[957.0, 600.75], [972.0, 602.25]], [[982.875, 602.25], [990.625, 602.75]], [[950.5, 624.75], [957.5, 625.25]], [[983.125, 628.25], [991.375, 629.75]], [[953.8, 562.9], [962.4, 563.6999999999999], [971.0, 564.5], [979.5999999999999, 565.3], [988.1999999999999, 566.1]], [[681.0, 327.375], [688.0, 327.125]], [[683.875, 313.375], [693.625, 314.125]], [[962.375, 625.875], [967.125, 626.625]], [[859.45, 643.3], [876.35, 647.9], [893.25, 652.5], [910.1500000000001, 657.0999999999999], [927.0500000000001, 661.6999999999999]]], "gtCharCounts": [[1.0, 1.0, 1.0, 1.0], [0.0, 0.0], [0.0, 0.0], [0.0, 0.0], [0.0, 0.0], [0.0, 0.0, 0.0, 0.0, 0.0], [0.0, 0.0], [0.0, 0.0], [0.0, 0.0], [0.0, 0.0, 0.0, 0.0, 0.0]], "gtDontCare": [1, 2, 3, 4, 5, 6, 7, 8], "detDontCare": [1, 2], "evaluationParams": {"GT_PATH": "gt/gt_IC15.zip", "SUBMIT_PATH": "result/result_paddleOCR_IC15.zip", "OUTPUT_PATH": "output/", "PORT": 8080, "BOX_TYPE": "QUAD", "TRANSCRIPTION": true, "CONFIDENCES": false, "CRLF": false, "E2E": true, "CASE_SENSITIVE": true, "RS": true, "AREA_PRECISION_CONSTRAINT": 0.5, "GRANULARITY_PENALTY_WEIGHT": 1.0, "VERTICAL_ASPECT_RATIO_THRES": 2.0, "NUM_WORKERS": 2, "GT_SAMPLE_NAME_2_ID": "([0-9]+)", "DET_SAMPLE_NAME_2_ID": "([0-9]+)", "PER_SAMPLE_RESULTS": true}, "evaluationLog": "GT polygons: 10 (8 don't care) \nDET polygons: 3\n (2 don't care)\nFind one-to-one matches\nMatch GT #0 with Det #0\nFind one-to-many matches\nFind many-to-one matches\n<b>Detection | PRECISION\n</b><b>Detection | RECALL\n</b><b># of false positive chars\n</b>0\n=================================\n<b>End-to-End | Recall\n</b><b>End-to-End | Precision\n</b>", "EndtoEnd": {"precision": 0.26666666666666666, "recall": 0.4444444444444444, "hmean": 0.33333333333333337, "recognition_score": 0.26666666666666666}, "end2endMat": [[0.0, 0.0, 0.0, 4.0, 0.0], [0.0, 0.0, 0.0, 0.0, 0.0], [0.0, 0.0, 0.0, 0.0, 0.0], [0.0, 0.0, 0.0, 0.0, 0.0], [0.0, 0.0, 0.0, 0.0, 0.0], [0.0, 0.0, 0.0, 0.0, 0.0], [0.0, 0.0, 0.0, 0.0, 0.0], [0.0, 0.0, 0.0, 0.0, 0.0], [0.0, 0.0, 0.0, 0.0, 0.0], [0.0, 0.0, 0.0, 0.0, 0.0], [4.0, 0.0, 0.0, 0.0, 0.0], [0.0, 0.0, 0.0, 0.0, 0.0]], "gtTrans": ["SALE", "##", "##", "##", "##", "#####", "##", "##", "##", "RIBEC"], "detTrans": ["SALE,0.96434313", "503,0.77779084", "200,0.8014887"], "gtQuery": ["SALE", "##", "##", "##", "##", "#####", "##", "##", "##", "RIBEC"], "detQuery": ["SALE,0.96434313", "503,0.77779084", "200,0.8014887"]}