{"Rawdata": {"det_correct_num_recall": 0.0, "det_correct_num_precision": 0.0, "chars_gt": 4, "chars_det": 0, "num_splitted": 0, "num_merged": 0, "num_false_positive": 0, "char_missed": 4, "char_overlapped": 0, "char_false_positive": 0, "e2e_correct_num_recall": 0.0, "e2e_correct_num_precision": 0.0, "chars_recog": 0, "e2e_char_missed": 4.0, "e2e_char_false_positive": 0.0, "e2e_recog_score_chars": 0, "e2e_recog_score_correct_num": 0.0}, "Detection": {"precision": 0.0, "recall": 0.0, "hmean": 0}, "pairs": [], "detectionMat": [[0.0, 0.0], [0.0, 0.0], [0.0, 0.0], [0.0, 0.0], [0.0, 0.0], [0.0, 0.0], [0.0, 0.0]], "precisionMat": [[], [], [], [], []], "gtPolPoints": [[825.0, 57.0, 882.0, 24.0, 886.0, 50.0, 829.0, 83.0], [888.0, 19.0, 928.0, 0.0, 958.0, 3.0, 889.0, 46.0], [520.0, 174.0, 560.0, 174.0, 560.0, 185.0, 521.0, 185.0], [521.0, 184.0, 561.0, 185.0, 561.0, 194.0, 520.0, 193.0], [132.0, 49.0, 234.0, 95.0, 233.0, 158.0, 132.0, 112.0]], "detPolPoints": [], "gtCharPoints": [[[834.125, 65.875], [848.375, 57.625], [862.625, 49.375], [876.875, 41.125]], [[897.5833333333334, 27.333333333333332], [915.75, 17.0], [933.9166666666667, 6.666666666666664]], [[525.4375, 179.5], [535.3125, 179.5], [545.1875, 179.5], [555.0625, 179.5]], [[524.55, 188.6], [532.65, 188.79999999999998], [540.75, 189.0], [548.8499999999999, 189.2], [556.9499999999999, 189.4]], [[157.375, 92.0], [208.125, 115.0]]], "gtCharCounts": [0.0, 0.0, 0.0, 0.0, 0.0], "gtDontCare": [1, 2, 3, 4], "detDontCare": [], "evaluationParams": {"GT_PATH": "gt/gt_IC15.zip", "SUBMIT_PATH": "result/result_paddleOCR_IC15.zip", "OUTPUT_PATH": "output/", "PORT": 8080, "BOX_TYPE": "QUAD", "TRANSCRIPTION": true, "CONFIDENCES": false, "CRLF": false, "E2E": true, "CASE_SENSITIVE": true, "RS": true, "AREA_PRECISION_CONSTRAINT": 0.5, "GRANULARITY_PENALTY_WEIGHT": 1.0, "VERTICAL_ASPECT_RATIO_THRES": 2.0, "NUM_WORKERS": 2, "GT_SAMPLE_NAME_2_ID": "([0-9]+)", "DET_SAMPLE_NAME_2_ID": "([0-9]+)", "PER_SAMPLE_RESULTS": true}, "evaluationLog": "GT polygons: 5 (4 don't care) \nDET polygons: 0\n\nFind one-to-one matches\nFind one-to-many matches\nFind many-to-one matches\n<b>Detection | PRECISION\n</b><b>Detection | RECALL\n</b><b># of false positive chars\n</b>0\n=================================\n<b>End-to-End | Recall\n</b><b>End-to-End | Precision\n</b>", "EndtoEnd": {"precision": 0.0, "recall": 0.0, "hmean": 0, "recognition_score": 0.0}, "end2endMat": [[0.0, 0.0], [0.0, 0.0], [0.0, 0.0], [0.0, 0.0], [0.0, 0.0], [0.0, 0.0], [0.0, 0.0]], "gtTrans": ["CLUB", "###", "####", "#####", "##"], "detTrans": [], "gtQuery": ["CLUB", "###", "####", "#####", "##"], "detQuery": []}