{"calculated": true, "Message": "", "method": {"Detection": {"recall": 0.3709038530788621, "precision": 0.8862754053436858, "hmean": 0.5229532073945766}, "Detection_Metadata": {"num_merge": 192, "num_split": 2, "num_false_pos": 75, "char_miss": 6986, "char_overlap": 1, "char_false_pos": 256}, "EndtoEnd": {"recall": 0.31463809866762693, "precision": 0.29210762331838563, "hmean": 0.3029545454605941, "recognition_score": 0.3472001588562351}, "EndtoEnd_Metadata": {"num_merge": 192, "num_split": 2, "num_false_pos": 75, "char_miss": 7613.0, "char_false_pos": 7653.0}}}